# Corsican translations by Patriccollu di Santa Maria è Sichè and fellow translators,
# imported by tools/import_translations.py. Each section keeps its project's license.
# English | French | Corsican
# All rows: Mozilla Public License 2.0, https://mozilla.org/MPL/2.0/

# Firefox for Android, Focus and Android Components (MPL-2.0)
The page at %1$s says:|Annonce de la page %1$s\u00a0:|Annunziamentu di a pagina %1$s :
%2$s is requesting your username and password. The site says: “%1$s”|Le site %2$s demande votre nom d’utilisateur et votre mot de passe. Le site indique\u00a0: «\u00a0%1$s\u00a0»|U situ %2$s richiede u vostru nome d’utilizatore è a vostra parolla d’intesa. U site indica : « %1$s »
%1$s is requesting your username and password.|%1$s demande votre nom d’utilisateur et votre mot de passe.|U situ %1$s richiede u vostru nome d’utilizatore è a vostra parolla d’intesa.
Try Again|Réessayer|Ripruvà
Check Archived Version|Vérifier l’existence d’une version archivée|Verificà s’ella esiste una versione archiviata
%1$s can look for an earlier version of this page from the Internet Archive’s %2$s.|%1$s peut rechercher une version antérieure de cette page dans la %2$s d’Internet Archive.|%1$s pò circà una versione precedente di sta pagina in a %2$s di l’Internet Archive.
Wayback Machine|Wayback Machine|mascina Wayback
Checking the Archive|Vérification de l’archive|Verificazione di l’archiviu
No archived version found.|Aucune version archivée n’a été trouvée.|Ùn ci hè alcuna versione archiviata.
Search the web.|Rechercher sur le Web.|Ricercà nant’à u web.
Couldn’t reach the archive service.|Impossible de joindre le service d’archivage.|Impussibule di cunnettesi à u serviziu d’archiviera.
Retry.|Réessayer.|Pruvà torna.
Cannot Complete Request|La requête ne peut aboutir|Ùn si pò compie a richiesta
<p>Additional information about this problem or error is currently unavailable.</p>|<p>Aucune autre information disponible concernant le problème ou l’erreur.</p>|<p>Nisuna infurmazione ùn hè dispunibule à st’ora apprupositu di stu penseru o di stu sbagliu.</p>
Secure Connection Failed|Échec de la connexion sécurisée|Fiascu di a cunnessione assicurizata
<ul> <li>The page you are trying to view cannot be shown because the authenticity of the received data could not be verified.</li> <li>Please contact the website owners to inform them of this problem.</li> </ul>|<ul> <li>La page que vous essayez de consulter ne peut pas être affichée, car l’authenticité des données reçues ne peut être vérifiée.</li> <li>Veuillez contacter les propriétaires du site web pour les informer de ce problème.</li> </ul>|<ul> <li>A pagina chì vò circate à fighjà ùn pò micca esse affissata, perchè a sputichezza di i dati ricevuti ùn pò micca esse verificata.</li> <li>Ci vuleria à cuntattà i prupietarii di u situ web per infurmalli di stu penseru.</li> </ul>
<ul> <li>This could be a problem with the server’s configuration, or it could be someone trying to impersonate the server.</li> <li>If you have connected to this server successfully in the past, the error may be temporary, and you can try again later.</li> </ul>|<ul> <li>Ceci peut être dû à un problème de configuration du serveur ou à une personne essayant d’usurper l’identité du serveur.</li> <li>Si vous avez déjà pu vous connecter à ce serveur, l’erreur est peut-être temporaire et vous pouvez essayer à nouveau plus tard.</li> </ul>|<ul> <li>Stu penseru pò vene di a cunfigurazione di u servitore, osinnò ghjè qualchissia forse chì prova d’impatrunissi di u servitore.</li> <li>S’è vo avete dighjà riesciutu à cunnettevi à stu servitore, u sbagliu pò esse timpurariu, è pudete pruvà torna da quì à pocu.</li> </ul>
Advanced…|Avancé…|Espertu…
<label>Someone could be trying to impersonate the site and you should not continue.</label> <br><br> <label>Websites prove their identity via certificates. %1$s does not trust <b>%2$s</b> because its certificate issuer is unknown, the certificate is self-signed, or the server is not sending the correct intermediate certificates.</label>|<label> Quelqu’un pourrait essayer de se faire passer pour le site et vous ne devriez pas continuer.</label> <br><br> <label>Les sites web prouvent leur identité via des certificats. %1$s ne fait pas confiance à <b>%2$s</b> car l’émetteur de son certificat est inconnu, le certificat est auto-signé ou le serveur n’envoie pas les bons certificats intermédiaires.</label>|<label>Qualchissia puderia pruvà d’impatrunissi di u situ web è seria più sicuru d’ùn micca cuntinuà.</label> <br><br> <label>I siti web stabiliscenu a so identità via certificati. %1$s ùn hà fidanza in <b>%2$s</b> perchè l’emettore di u so certificatu hè scunnisciutu, u certificatu hè firmatu daperellu, o ancu u servitore ùn manda micca certificati intermediarii curretti.</label>
Go Back (Recommended)|Retour (recommandé)|Ritornu (ricumandatu)
Accept the Risk and Continue|Accepter le risque et poursuivre|Accettà u risicu è cuntinuà
This website requires a secure connection.|Ce site nécessite une connexion sécurisée.|Stu situ web richiede una cunnessione sicura.
<ul> <li>The page you are trying to view cannot be shown because this website requires a secure connection.</li> <li>The issue is most likely with the website, and there is nothing you can do to resolve it.</li> <li>You can notify the website’s administrator about the problem.</li> </ul>|<ul> <li>La page que vous essayez d’atteindre ne peut pas être affichée, car ce site web nécessite une connexion sécurisée.</li> <li>Ce problème vient probablement du site web et il n’y a rien que vous puissiez faire pour le résoudre.</li> <li>Vous pouvez informer l’administrateur du site web du problème.</li> </ul>|<ul> <li>A pagina chì vò circate à fighjà ùn pò micca esse affissata perchè u situ web richiede una cunnessione sicura.</li> <li>Sicuramente, stu prublema hè cagiunatu da u situ web, è ùn pudete fà nunda per què.</li> <li>Ma pudete cuntattà l’amministratore di stu situ web per infurmallu di stu prublema.</li> </ul>
<label> <b>%1$s</b> has a security policy called HTTP Strict Transport Security (HSTS), which means that <b>%2$s</b> can only connect to it securely. You can’t add an exception to visit this site. </label>|<label> <b>%1$s</b> a recours à une stratégie de sécurité HTTP Strict Transport Security (HSTS), ce qui signifie que <b>%2$s</b> doit impérativement établir une connexion sécurisée pour y accéder. Vous ne pouvez pas ajouter d’exception pour accéder à ce site.</label>|<label> <b>%1$s</b> impiega una strategia di sicurità chjamata HTTP Strict Transport Security (HSTS), vole si dì chì <b>%2$s</b> pò solu ci cunnettesi di manera assicurizata. Ùn pudete micca aghjunghje un’eccezzione per visità stu situ. </label>
Go Back|Retour|Ritornu
The connection was interrupted|La connexion a été interrompue|A cunnessione hè stata interrotta
<p>The browser connected successfully, but the connection was interrupted while transferring information. Please try again.</p> <ul> <li>The site could be temporarily unavailable or too busy. Try again in a few moments.</li> <li>If you are unable to load any pages, check your device’s data or Wi-Fi connection.</li> </ul>|<p>Le navigateur s’est correctement connecté, mais la connexion a été interrompue pendant le transfert d’informations. Veuillez réessayer.</p> <ul> <li>Le site est peut-être temporairement indisponible ou surchargé. Réessayez plus tard.</li> <li> Si vous n’arrivez à naviguer sur aucun site, vérifiez la connexion données ou Wi-Fi de votre appareil.</li> </ul>|<p>U navigatore s’hè cunnessu bè, ma a cunnessione hè stata interrotta durante u trasferimentu d’infurmazioni. Ci vole à pruvà torna.</p> <ul> <li>Forse u site hè timpurariamente indispunibule o sopraccarcu. Pruvate torna da quì à pocu.</li> <li>S’ella ùn hè mancu pussibule di navigà nant’à un situ, verificate a cunnessione di dati o Wi-Fi di u vostru apparechju.</li> </ul>
The connection has timed out|Le délai d’attente a été dépassé|U cumportu d’attesa hè statu ecciditu
<p>The requested site did not respond to a connection request and the browser has stopped waiting for a reply.</p> <ul> <li>Could the server be experiencing high demand or a temporary outage? Try again later.</li> <li>Are you unable to browse other sites? Check the device’s network connection.</li> <li>Is your device or network protected by a firewall or proxy? Incorrect settings can interfere with Web browsing.</li> <li>Still having trouble? Consult your network administrator or Internet provider for assistance.</li> </ul>|<p>Le navigateur a attendu trop longtemps lors de la connexion au site et a arrêté d’attendre une réponse.</p> <ul> <li>Le serveur est peut-être en surcharge ou est temporairement en panne\u00a0? Réessayez plus tard.</li> <li>D’autres sites sont aussi inaccessibles\u00a0? Vérifiez la connexion au réseau de votre appareil.</li> <li>Votre appareil ou votre réseau est-il protégé par un pare-feu ou un proxy\u00a0? Des paramètres incorrects peuvent interférer avec la navigation sur le Web.</li> <li>Vous avez toujours des problèmes\u00a0? Consultez votre administrateur réseau ou votre fournisseur d’accès à Internet pour obtenir de l’aide.</li> </ul>|<p>U navigatore hà troppu aspettatu durante a cunnessione à u situ è hà fermatu d’aspettà una risposta.</p> <ul> <li>Forse u servitore tratta dumande numerose o hè timpurariamente in panna ? Pruvate torna da quì à pocu.</li> <li>Ùn pudete micca navigà nant’à d’altri siti ? Verificate a cunnessione à a reta di u vostru apparechju.</li> <li>U vostru apparechju o a vostra reta hè prutettu da un parafocu o un proxy ? Gattivi parametri ponu interferisce cù a navigazione nant’à u web.</li> <li>Avete sempre penseri ? Cuntattate u vostru amministratore di a reta o u vostru furnidore d’accessu à internet per ottene un aiutu.</li> </ul>
Unable to connect|La connexion a échoué|Impussibule di cunnettesi
<ul> <li>The site could be temporarily unavailable or too busy. Try again in a few moments.</li> <li>If you are unable to load any pages, check your device’s data or Wi-Fi connection.</li> </ul>|<ul> <li>Le site est peut-être temporairement indisponible ou surchargé. Réessayez plus tard.</li> <li> Si vous n’arrivez à naviguer sur aucun site, vérifiez la connexion données ou Wi-Fi de votre appareil.</li> </ul>|<ul> <li>Forse u site hè timpurariamente indispunibule o sopraccarcu. Pruvate torna da quì à pocu.</li> <li>S’ella ùn hè mancu pussibule di navigà nant’à un situ, verificate a cunnessione di dati o Wi-Fi di u vostru apparechju.</li> </ul>
Unexpected response from server|Réponse inattendue du serveur|Risposta inespettata da u servitore
<p>The site responded to the network request in an unexpected way and the browser cannot continue.</p>|<p>Le site a répondu à la requête réseau d’une façon inattendue et le navigateur ne peut continuer.</p>|<p>U situ hà rispostu à a dumanda di a reta da una manera inaspettata è u navigatore ùn pò micca cuntinuà.</p>
The page isn’t redirecting properly|La page n’est pas redirigée correctement|A pagina ùn hè micca ridirettata currettamente
<p>The browser has stopped trying to retrieve the requested item. The site is redirecting the request in a way that will never complete.</p> <ul> <li>Have you disabled or blocked cookies required by this site?</li> <li>If accepting the site’s cookies does not resolve the problem, it is likely a server configuration issue and not your device.</li> </ul>|<p>Le navigateur a arrêté d’attendre une réponse du site. Le site crée une redirection de telle sorte que la requête ne peut jamais aboutir.</p> <ul> <li>Avez-vous désactivé ou bloqué les cookies nécessaires pour ce site\u00a0?</li> <li> Si le problème n’est pas résolu en acceptant les cookies de ce site, il s’agit probablement d’un problème de configuration du serveur et non de votre appareil.</li> </ul>|<p>U navigatore hà piantatu d’aspettà una risposta da u situ. U situ hà creatu una ridirezzione d’una manera ch’ella ùn puderà mai riesce.</p> <ul> <li>Avete disattivatu o bluccatu i canistrelli richiesti da stu situ ?</li> <li>S’è u penseru ùn hè currettu cù l’accunsentu di i canistrelli, forse ci serà una cunfigurazione gattiva di u servitore è micca di u vostru apparechju.</li> </ul>
Offline Mode|Mode hors connexion|Modu fora di cunnessione
<p>The browser is operating in its offline mode and cannot connect to the requested item.</p> <ul> <li>Is the device connected to an active network?</li> <li>Press “Try Again” to switch to online mode and reload the page.</li> </ul>|<p>Le navigateur est en mode hors connexion et ne peut pas se connecter à l’adresse indiquée.</p> <ul> <li>L’appareil est-il connecté au réseau\u00a0?</li> <li>Cliquez sur le bouton «\u00a0Réessayer\u00a0» pour revenir en mode connecté et recharger la page.</li> </ul>|<p>U navigatore funziuneghja in u modu fora di cunnessione è ùn si pò cunnette à l’indirizzu indicatu.</p> <ul> <li>L’apparechju hè cunnessu à a reta ?</li> <li>Sciglite «\u00a0Pruvà torna\u00a0» per cambià ver di u modu in linea è ricaricà a pagina.</li> </ul>
Port restricted for security reasons|Port restreint pour des raisons de sécurité|Portu ristrintu per raghjoni di sicurità
<p>The requested address specified a port (e.g., <q>mozilla.org:80</q> for port 80 on mozilla.org) normally used for purposes <em>other</em> than Web browsing. The browser has canceled the request for your protection and security.</p>|<p>L’adresse demandée indique un port (p.\u00a0ex. <q>mozilla.org:80</q> pour le port 80 sur mozilla.org) qui est normalement utilisé pour d’<em>autres</em> usages que la navigation sur le Web. Le navigateur a annulé la requête pour votre protection et votre sécurité.</p>|<p>L’indirizzu richiesta indicheghja un portu (i.e. : <q>mozilla.org:80</q> per u portu 80 nant’à mozilla.org) chì hè di solitu impiegatu per d’<em>altri</em> scopi chè a navigazione nant’à u Web. U navigatore hà abbandunatu a richiesta per a vostra prutezzione è a vostra sicurità.</p>
The connection was reset|La connexion a été réinitialisée|A cunnessione hè stata rilanciata
<p>The network link was interrupted while negotiating a connection. Please try again.</p> <ul> <li>The site could be temporarily unavailable or too busy. Try again in a few moments.</li> <li>If you are unable to load any pages, check your device’s data or Wi-Fi connection.</li> </ul>|<p>La liaison au réseau a été interrompue pendant la négociation d’une connexion. Veuillez réessayer.</p> <ul> <li>Le site est peut-être temporairement indisponible ou surchargé. Réessayez plus tard.</li> <li> Si vous n’arrivez à naviguer sur aucun site, vérifiez la connexion données ou Wi-Fi de votre appareil.</li> </ul>|<p>U liame cù a reta hè statu interrottu durante a neguziazione di a cunnessione. Ci vole à pruvà torna.</p> <ul> <li>Forse u site hè timpurariamente indispunibule o sopraccarcu. Pruvate torna da quì à pocu.</li> <li>S’ella ùn hè mancu pussibule di navigà nant’à un situ, verificate a cunnessione di dati o Wi-Fi di u vostru apparechju.</li> </ul>
Unsafe File Type|Type de fichier non sûr|Tipu di schedariu micca sicuru
<ul> <li>Please contact the website owners to inform them of this problem.</li> </ul>|<ul> <li>Veuillez contacter les propriétaires du site web pour les informer de ce problème.</li> </ul>|<ul> <li>Ci vole à cuntattà i prupietarii di u situ web per infurmalli di stu penseru.</li> </ul>
Corrupted Content Error|Erreur due à un contenu corrompu|Sbagliu di cuntenutu alteratu
<p>The page you are trying to view cannot be shown because an error in the data transmission was detected.</p> <ul> <li>Please contact the website owners to inform them of this problem.</li> </ul>|<p>La page que vous essayez de consulter ne peut pas être affichée, car une erreur dans la transmission de données a été détectée.</p> <ul> <li>Veuillez contacter les propriétaires du site web pour les informer de ce problème.</li> </ul>|<p>A pagina chì vò circate à fighjà ùn pò micca esse affissata, perchè un sbagliu in a trasmissione di dati hè statu scupertu.</p> <ul> <li>Ci vole à cuntattà i prupietarii di u situ web per infurmalli di stu penseru.</li> </ul>
Content crashed|Le contenu a planté|U cuntenutu s’hè lampatu
Content Encoding Error|Erreur d’encodage de contenu|Sbagliu di cudificazione di cuntenutu
<p>The page you are trying to view cannot be shown because it uses an invalid or unsupported form of compression.</p> <ul> <li>Please contact the website owners to inform them of this problem.</li> </ul>|<p>La page que vous essayez de consulter ne peut être affichée car elle utilise un type de compression invalide ou non pris en charge.</p> <ul> <li>Veuillez contacter les propriétaires du site web pour les informer de ce problème.</li> </ul>|<p>A pagina chì vò circate à fighjà ùn pò micca esse affissata, perchè ella impiega una forma di cumpressione scunnisciuta o micca accettata.</p> <ul> <li>Ci vole à cuntattà i prupietarii di u situ web per infurmalli di stu penseru.</li> </ul>
Address Not Found|Adresse introuvable|L’indirizzu ùn esiste micca
<p>The browser could not find the host server for the provided address.</p> <ul> <li>Check the address for typing errors such as <strong>ww</strong>.example.com instead of <strong>www</strong>.example.com.</li> <li>If you are unable to load any pages, check your device’s data or Wi-Fi connection.</li> </ul>|<p>Le navigateur n’a pas pu trouver le serveur hôte pour l’adresse indiquée.</p> <ul> <li>Vérifiez la syntaxe de l’adresse (saisie de <strong>ww</strong>.example.com au lieu de <strong>www</strong>.example.com par exemple)\u00a0;</li> <li>Si vous n’arrivez à naviguer sur aucun site, vérifiez la connexion données ou Wi-Fi de votre appareil.</li> </ul>|<p>U navigatore ùn pò micca truvà u servitore ospite per l’indirizzu indicatu.</p> <ul> <li>Verificate a sintassa di l’indirizzu per circà i sbaglii cum’è <strong>ww</strong>.esempiu.com invece di <strong>www</strong>.esempiu.com.</li> <li>S’ella ùn hè mancu pussibule di navigà nant’à un situ, verificate a cunnessione di dati o Wi-Fi di u vostru apparechju.</li> </ul>
Looks like there’s a problem with your internet connection|Il semble y avoir un problème avec votre connexion Internet|Pare ch’ella ci sia un prublema cù a vostra cunnessione internet
Try connecting on a different device. Check your modem or router. Disconnect and reconnect to Wi-Fi.|Essayez de vous connecter sur un autre appareil. Vérifiez votre modem ou votre routeur. Déconnectez-vous puis reconnectez-vous au Wi-Fi.|Pruvate di cunnettevi nant’à un altru apparechju. Verificate u vostru modem o «\u00a0router\u00a0». Discunnittitevi è ricunnittitevi à u Wi-Fi.
Error Code: NS_ERROR_OFFLINE|Code d’erreur\u00a0: NS_ERROR_OFFLINE|Codice di sbagliu\u00a0: NS_ERROR_OFFLINE
Reload|Actualiser|Attualizà
Invalid Address|Adresse invalide|Indirizzu inaccettevule
<p>The provided address is not in a recognized format. Please check the location bar for mistakes and try again.</p>|<p>L’adresse fournie n’est pas dans un format reconnu. Veuillez vérifier qu’il n’y a pas d’erreur dans la barre d’adresse et réessayez.</p>|<p>L’indirizzu pruvistu ùn hè micca in un furmatu ricunnisciutu. Ci vole à verificà ch’ellu ùn ci hè micca sbagliu in a barra d’indirizzu è pruvà torna.</p>
The address isn’t valid|L’adresse n’est pas valide|L’indirizzu ùn hè accettevule
<ul> <li>Web addresses are usually written like <strong>http://www.example.com/</strong></li> <li>Make sure that you’re using forward slashes (i.e. <strong>/</strong>).</li> </ul>|<ul> <li>La syntaxe des adresses web est généralement <strong>http://www.example.com/</strong>.</li> <li>Assurez-vous de bien utiliser des barres obliques (c.-à-d. <strong>/</strong>).</li> </ul>|<ul> <li>A sintassa di l’indirizzi hè di solitu <strong>http://www.esempiu.com/</strong></li> <li>Assicuratevi d’impiegà barre sbieche (i.e. <strong>/</strong>).</li> </ul>
Unknown Protocol|Le protocole n’a pas été reconnu|Protocollu scunnisciutu
<p>The address specifies a protocol (e.g., <q>wxyz://</q>) the browser does not recognize, so the browser cannot properly connect to the site.</p> <ul> <li>Are you trying to access multimedia or other non-text services? Check the site for extra requirements.</li> <li>Some protocols may require third-party software or plugins before the browser can recognize them.</li> </ul>|<p>L’adresse indique un protocole (p.\u00a0ex. <q>wxyz://</q>) inconnu du navigateur qui ne peut donc pas se connecter correctement au site.</p> <ul> <li>Essayez-vous d’accéder à du contenu multimédia ou d’autres services non texte\u00a0? Vérifiez les prérequis logiciels du site.</li> <li>Certains protocoles peuvent nécessiter un logiciel tiers ou des plugins pour que le navigateur puisse les reconnaître.</li> </ul>|<p>L’indirizzu indicheghja un protocollu (i.e. : <q>wxyz://</q>) scunnisciutu da u navigatore chì ùn riesce micca à cunnettesi currettamente à u situ.</p> <ul> <li>>Pruvate d’accede à cuntenutu multimedia o à d’altri servizii non-testu ? Verificate nant’à u situ i prugrammi chì sò richiesti.</li> <li>Certi protocolli ponu richiede un terzu prugramma o moduli d’estensione per chì u navigatore possi ricunnoscelli.</li> </ul>
File Not Found|Fichier introuvable|U schedariu ùn esiste micca
<ul> <li>Could the item have been renamed, removed, or relocated?</li> <li>Is there a spelling, capitalization, or other typographical error in the address?</li> <li>Do you have sufficient access permissions to the requested item?</li> </ul>|<ul> <li>Le fichier a peut-être été renommé, supprimé ou déplacé\u00a0?</li> <li>Y a-t-il une erreur d’orthographe, de majuscule ou une autre erreur typographique dans l’adresse\u00a0?</li> <li>Avez-vous des permissions d’accès suffisantes pour ce fichier\u00a0?</li> </ul>|<ul> <li>Forse l’elementu hè statu rinuminatu, cacciatu o dispiazzatu ?</li> <li>Ci hè un sbagliu d’ortugrafia, di maiuscula o un altru sbagliu di tipografia ?</li> <li>Avete abbastanza permessi d’accessu per st’elementu ?</li> </ul>
Access to the file was denied|L’accès au fichier a été refusé|L’accessu à u schedariu hè statu ricusatu
<ul> <li>It may have been removed, moved, or file permissions may be preventing access.</li> </ul>|<ul> <li>Il a peut-être été supprimé, déplacé ou les permissions associées au fichier ne permettent pas d’y accéder.</li> </ul>|<ul> <li>Forse u schedariu hè statu cacciatu, dispiazzatu, o i so permessi ùn permettenu d’accedeci.</li> </ul>
Proxy Server Refused Connection|La connexion a été refusée par le serveur proxy|A cunnessione hè stata ricusata da u servitore proxy
<p>The browser is configured to use a proxy server, but the proxy refused a connection.</p> <ul> <li>Is the browser’s proxy configuration correct? Check the settings and try again.</li> <li>Does the proxy service allow connections from this network?</li> <li>Still having trouble? Consult your network administrator or Internet provider for assistance.</li> </ul>|<p>Le navigateur est configuré pour utiliser un serveur proxy mais le proxy a refusé la connexion. </p> <ul> <li>La configuration proxy du navigateur est-elle correcte\u00a0? Vérifiez les paramètres et réessayez.</li> <li>Le service proxy autorise-t-il les connexions à partir de ce réseau\u00a0?</li> <li>Vous avez toujours des problèmes\u00a0? Consultez votre administrateur réseau ou votre fournisseur d’accès à Internet pour obtenir de l’aide.</li> </ul>|<p>U navigatore hè cunfiguratu per impiegà un servitore proxy, ma quessu hà ricusatu a cunnessione.</p> <ul> <li>Hè curretta a cunfigurazione proxy di u navigatore ? Verificate i parametri è pruvate torna.</li> <li>U serviziu proxy permette e cunnessioni da sta reta ?</li> <li>Avete sempre penseru ? Cuntattate u vostru amministratore di a reta o u vostru furnidore d’accessu à internet per ottene un aiutu.</li> </ul>
Proxy Server Not Found|Le serveur proxy est introuvable|U servitore proxy ùn si trova micca
<p>The browser is configured to use a proxy server, but the proxy could not be found.</p> <ul> <li>Is the browser’s proxy configuration correct? Check the settings and try again.</li> <li>Is the device connected to an active network?</li> <li>Still having trouble? Consult your network administrator or Internet provider for assistance.</li> </ul>|<p>Le navigateur est configuré pour utiliser un serveur proxy mais le proxy est introuvable. </p> <ul> <li>La configuration proxy du navigateur est-elle correcte\u00a0? Vérifiez les paramètres et réessayez.</li> <li>L’appareil est-il connecté au réseau\u00a0?</li> <li>Vous avez toujours des problèmes\u00a0? Consultez votre administrateur réseau ou votre fournisseur d’accès à Internet pour obtenir de l’aide.</li> </ul>|<p>U navigatore hè cunfiguratu per impiegà un servitore proxy, ma quessu ùn si trova micca.</p> <ul> <li>Hè curretta a cunfigurazione proxy di u navigatore ? Verificate i parametri è pruvate torna.</li> <li>Hè cunnessu à una reta attiva, l’apparechju\u00a0?</li> <li>Avete sempre penseru\u00a0? Cuntattate u vostru amministratore di a reta o u vostru furnidore d’accessu à internet per ottene un aiutu.</li> </ul>
Malware site issue|Problème de logiciel malveillant|Prublema di prugramma animosu
<p>The site at %1$s has been reported as an attack site and has been blocked based on your security preferences.</p>|<p>Le site web à l’adresse %1$s a été signalé comme une source d’attaques et a été bloqué suivant vos préférences de sécurité.</p>|<p>U situ web à l’indirizzu %1$s hè statu signalatu cum’è una surghjente d’affronti è hè statu bluccatu secondu à e vostre preferenze di sicurità.</p>
Unwanted site issue|Problème de site indésirable|Prublema di situ indesiderevule
<p>The site at %1$s has been reported as serving unwanted software and has been blocked based on your security preferences.</p>|<p>Le site web à l’adresse %1$s a été signalé comme comportant des logiciels indésirables et a été bloqué suivant vos préférences de sécurité.</p>|<p>U situ web à l’indirizzu %1$s hè statu signalatu cum’è cuntenendu prugrammi indesiderevule è hè statu bluccatu secondu à e vostre preferenze di sicurità.</p>
Harmful site issue|Problème de site dangereux|Prublema di situ periculosu
<p>The site at %1$s has been reported as a potentially harmful site and has been blocked based on your security preferences.</p>|<p>Le site web à l’adresse %1$s a été signalé comme potentiellement dangereux et a été bloqué suivant vos préférences de sécurité.</p>|<p>U situ web à l’indirizzu %1$s hè statu signalatu cum’è putenzialmente periculosu è hè statu bluccatu secondu à e vostre preferenze di sicurità.</p>
Deceptive site issue|Problème de site trompeur|Prublema di situ ingannatore
<p>This web page at %1$s has been reported as a deceptive site and has been blocked based on your security preferences.</p>|<p>Le site web à l’adresse %1$s a été signalé comme étant trompeur et a été bloqué suivant vos préférences de sécurité.</p>|<p>U situ web à l’indirizzu %1$s hè statu signalatu cum’è essendu ingannatore è hè statu bluccatu secondu à e vostre preferenze di sicurità.</p>
Site blocked for your safety|Site bloqué pour votre sécurité|Situ bluccatu per a vostra sicurità
<p>This web page at %1$s has been blocked because one of your add-ons tried to open it. This site could be used to steal your info — like passwords or credit card numbers.</p>|<p>Cette page web à l’adresse %1$s a été bloquée car l’un de vos modules complémentaires a tenté de l’ouvrir. Ce site pourrait être utilisé pour dérober vos informations, telles que vos mots de passe ou numéros de carte bancaire.</p>|<p>Sta pagina web à l’indirizzu %1$s hè stata bluccata perchè unu di i vostri moduli addiziunali hà pruvatu d’aprela. Stu situ puderia esse adupratu per arrubà e vostre infurmazioni, tale e parolle d’intesa o i numeri di carte bancarie.</p>
Secure Site Not Available|Site sécurisé non disponible|U situ sicurizatu ùn hè micca dispunibule
You’ve enabled HTTPS-Only Mode for enhanced security, and a HTTPS version of <em>%1$s</em> is not available.|Vous avez activé le mode «\u00a0HTTPS uniquement\u00a0» pour une sécurité renforcée, mais il n’existe aucune version HTTPS du site <em>%1$s</em>.|Avete attivatu u modu «\u00a0HTTPS solu\u00a0» per una sicurità rinfurzata, ma ùn ci hè alcuna versione HTTPS di <em>%1$s</em>.
Continue to HTTP Site|Continuer vers le site HTTP|Cuntinuà nant’à u situ HTTP
Menu|Menu|Listinu
Highlighted|Sélectionné|Sopralineatu
Extensions|Extensions|Estensioni
Extensions Manager|Gestionnaire d’extensions|Ghjestiunariu d’estensioni
Extensions, navigate up|Extensions, remonter|Estensioni, ricullà
Clear|Effacer|Squassà
Tracking Protection is on|La protection contre le pistage est activée|A prutezzione contr’à u spiunagiu hè attivata
Tracking Protection has blocked trackers|La protection contre le pistage a bloqué des traqueurs|A prutezzione contr’à u spiunagiu hà bluccatu perseguitatori
Tracking Protection is off for this site|La protection contre le pistage est désactivée pour ce site|A prutezzione contr’à u spiunagiu hè disattivata per stu situ
Site information|Informations sur le site|Infurmazioni nant’à u situ
Loading|Chargement en cours|Caricamentu…
Some content has been blocked by the autoplay setting|Certains contenus ont été bloqués par le paramètre de lecture automatique|Certi cuntenuti sò stati bluccati da u parametru di lettura autumatica
Accept and edit suggestion|Accepter et modifier la suggestion|Accettà è mudificà a suggestione
Remove suggestion|Supprimer la suggestion|Caccià a suggestione
Dropped %s percent|A perdu %s\u00a0%%|Hà persu %s\u00a0%%
Gained %s percent|A gagné %s\u00a0%%|Hà guadagnatu %s\u00a0%%
No change|Aucun changement|Nisunu cambiamentu
Share|Partager|Sparte
Copy|Copier|Cupià
Edit URL|Modifier l’URL|Mudificà l’indirizzu web
reload the current page|actualiser la page courante|ricaricà a pagina attuale
Show hidden text|Afficher le texte masqué|Affissà u testu piattatu
Clear text|Effacer le texte|Squassà u testu
Dismiss message|Masquer ce message|Righjittà u messaghju
Close|Fermer|Chjode
Links|Liens|Liami
Links available|Liens disponibles|Liami dispunibule
Dismiss|Ignorer|Ricusà
collapse|réduire|riduce
collapsed|réduit|riduttu
expand|développer|allargà
expanded|développé|allargatu
Search or enter address|Recherche ou adresse|Circà o stampittà un indirizzu
Paste|Coller|Incullà
Paste & Go|Coller et ouvrir|Incullà è apre
Entering text in %1$s. Double tap to stop|Saisie de texte sur %1$s. Appuyez deux fois pour arrêter|Stampittata di testu nant’à %1$s. Picchichjà duie volte per piantà
Dismiss|Fermer|Ricusà
New|Nouveau|Novu
1 open tab. Tap to switch tabs.|1 onglet ouvert. Appuyez pour changer d’onglet.|1 unghjetta aperta. Picchichjà per cambià d’unghjetta.
%1$s open tabs. Tap to switch tabs.|%1$s\u00a0onglets ouverts. Appuyez pour changer d’onglet.|%1$s unghjette aperte. Picchichjà per cambià d’unghjetta.
Access your data for %1$s|Accéder à vos données pour %1$s|Accede à i vostri dati per %1$s
Access your data for sites in the %1$s domain|Accéder à vos données pour les sites du domaine %1$s|Accede à i vostri dati per i siti di u duminiu %1$s
Access your data on another site|Accéder à vos données pour un autre site|Accede à i vostri dati per un altru situ
Access your data on other sites|Accéder à vos données pour d’autres sites|Accede à i vostri dati per d’altri siti
Access your data on another domain|Accéder aux données d’un autre domaine|Accede à i vostri dati per un altru duminiu
Access your data on other domains|Accéder aux données d’autres domaines|Accede à i vostri dati per d’altri duminii
%1$s, %2$d of %3$d|%1$s, %2$d sur %3$d|%1$s, %2$d nant’à %3$d
Read and modify privacy settings|Consulter et modifier les paramètres de vie privée|Cunsultà è mudificà i parametri di vita privata
Access your data for all websites|Accéder à vos données pour tous les sites web|Accede à i vostri dati per tutti i siti web
Access browser tabs|Accéder aux onglets du navigateur|Accede à l’unghjette di u navigatore
Access browser activity during navigation|Accéder à l’activité du navigateur pendant la navigation|Accede à l’attività di u navigatore durante a navigazione
Read and modify bookmarks|Consulter et modifier les marque-pages|Cunsultà è mudificà l’indette
Read and modify browser settings|Consulter et modifier les paramètres du navigateur|Cunsultà è mudificà i parametri di u navigatore
Clear recent browsing history, cookies, and related data|Effacer l’historique de navigation récent, les cookies et les données associées|Squassà a cronolugia recente di navigazione, i canistrelli, è i dati assuciati
Get data from the clipboard|Lire les données du presse-papiers|Ottene i dati da u preme’papei
Input data to the clipboard|Ajouter des données dans le presse-papiers|Aghjunghje dati in u preme’papei
Block content on any page|Bloquer du contenu sur n’importe quelle page|Bluccà u cuntenutu nant’à qualsiasi pagina
Read your browsing history|Lire votre historique de navigation|Leghje a vostra cronolugia di navigazione
Download files and read and modify the browser’s download history|Télécharger des fichiers, et consulter et modifier l’historique des téléchargements du navigateur|Scaricà schedarii, è leghje è mudificà a cronolugia di i scaricamenti di u navigatore
Open files downloaded to your device|Ouvrir les fichiers téléchargés sur votre appareil|Apre i schedarii scaricati nant’à u vostru apparechju
Read the text of all open tabs|Lire le texte de tous les onglets ouverts|Leghje u testu di tutte l’unghjette aperte
Access your location|Accéder à votre localisation|Accede à a vostra lucalizazione
Access browsing history|Accéder à l’historique de navigation|Accede à a cronolugia di navigazione
Monitor extension usage and manage themes|Surveiller l’utilisation des extensions et gérer les thèmes|Cuttighjà l’impiegu di l’estensioni è urganizà i temi
Exchange messages with apps other than this one|Échanger des messages avec d’autres applications que celle-ci|Scambià messaghji cù d’altre appiecazioni chè quessa
Display notifications to you|Vous afficher des notifications|Affissavvi nutificazioni
Provide cryptographic authentication services|Fournir des services d’authentification chiffrée|Pruvede servizii d’autenticazione cifrata
Control browser proxy settings|Contrôler les paramètres proxy du navigateur|Cuntrollà i parametri proxy di u navigatore
Access recently closed tabs|Accéder aux onglets récemment fermés|Accede à l’unghjette chjose pocu fà
Hide and show browser tabs|Afficher ou masquer les onglets du navigateur|Affissà o piattà l’unghjette di u navigatore
Download and run AI models on your device|Télécharger et exécuter des modèles d’IA sur votre appareil|Scaricà è eseguisce mudelli d’IA nant’à u vostru apparechju
Allow unverified third-party scripts to access your data|Autoriser les scripts tiers non vérifiés à accéder à vos données|Permette à i scenarii di i terzi non verificati d’accede à i vostri dati
Extend developer tools to access your data in open tabs|Ouvrir les outils de développement afin d’accéder à vos données dans les onglets ouverts|Stende l’impiegu di l’attrezzi di sviluppu per accede à i vostri dati in l’unghjette aperte
Read and modify privacy settings.|Consulter et modifier les paramètres de vie privée.|Fighjà è mudificà i parametri di cunfidenzialità.
Access your data for all websites.|Accéder à vos données pour tous les sites web.|Accede à i vostri dati per tutti i siti web.
Access browser tabs.|Accéder aux onglets du navigateur.|Accede à l’unghjette di u navigatore.
Access browser activity during navigation.|Accéder à l’activité du navigateur lors de la navigation.|Accede à l’attività di u navigatore durante a navigazione.
Read and modify bookmarks.|Consulter et modifier vos marque-pages.|Fighjà è mudificà l’indette.
Read and modify browser settings.|Consulter et modifier les paramètres du navigateur.|Fighjà è mudificà i parametri di u navigatore.
Clear recent browsing history, cookies, and related data.|Effacer l’historique de navigation récent, les cookies et les données associées.|Squassà a cronolugia recente di navigazione, i canistrelli, è i dati assuciati.
Get data from the clipboard.|Lire les données du presse-papiers.|Ottene i dati da u preme’papei.
Input data to the clipboard.|Ajouter des données dans le presse-papiers.|Aghjunghje dati in u preme’papei.
Block content on any page.|Bloquer du contenu sur n’importe quelle page.|Bluccà u cuntenutu nant’à qualsiasi pagina.
Read your browsing history.|Lire votre historique de navigation.|Leghje a vostra cronolugia di navigazione.
Download files and read and modify the browser’s download history.|Télécharger des fichiers, et consulter et modifier l’historique des téléchargements du navigateur.|Scaricà schedarii, è leghje è mudificà a cronolugia di i scaricamenti di u navigatore.
Open files downloaded to your device.|Ouvrir les fichiers téléchargés sur votre appareil.|Apre i schedarii scaricati nant’à u vostru apparechju.
Read the text of all open tabs.|Lire le texte de tous les onglets ouverts.|Leghje u testu di tutte l’unghjette aperte.
Access your location.|Accéder à votre localisation.|Accede à a vostra lucalizazione.
Access browsing history.|Accéder à l’historique de navigation.|Accede à a cronolugia di navigazione.
Monitor extension usage and manage themes.|Surveiller l’utilisation des extensions et gérer les thèmes.|Cuttighjà l’impiegu di l’estensioni è urganizà i temi.
Exchange messages with apps other than this one.|Échanger des messages avec d’autres applications que celle-ci.|Scambià messaghji cù d’altre appiecazioni chè quessa.
Display notifications to you.|Vous afficher des notifications.|Affissavvi nutificazioni.
Provide cryptographic authentication services.|Fournir des services d’authentification chiffrée.|Pruvede servizii d’autenticazione cifrata.
Control browser proxy settings.|Contrôler les paramètres proxy du navigateur.|Cuntrollà i parametri proxy di u navigatore.
Access recently closed tabs.|Accéder aux onglets récemment fermés.|Accede à l’unghjette chjose pocu fà.
Hide and show browser tabs.|Afficher ou masquer les onglets du navigateur.|Affissà o piattà l’unghjette di u navigatore.
Download and run AI models on your device.|Télécharger et exécuter des modèles d’IA sur votre appareil.|Scaricà è eseguisce mudelli d’IA nant’à u vostru apparechju.
Allow unverified third-party scripts to access your data.|Autoriser les scripts tiers non vérifiés à accéder à vos données.|Permette à i scenarii di i terzi non verificati d’accede à i vostri dati.
Extend developer tools to access your data in open tabs.|Ouvrir les outils de développement afin d’accéder à vos données dans les onglets ouverts.|Permette à l’attrezzi di sviluppu d’accede à i vostri dati in l’unghjette aperte.
Access your data for %1$s.|Accéder à vos données pour %1$s.|Accede à i vostri dati per %1$s.
Access your data for sites in the %1$s domain.|Accéder à vos données pour les sites du domaine %1$s.|Accede à i vostri dati per i siti di u duminiu %1$s.
Access your data on another domain.|Accéder aux données d’un autre domaine.|Accede à i vostri dati per un altru duminiu.
Access your data on other domains.|Accéder aux données d’autres domaines.|Accede à i vostri dati per d’altri duminii.
Access your data on another site.|Accéder à vos données pour un autre site.|Accede à i vostri dati per un altru situ.
Access your data on other sites.|Accéder à vos données pour d’autres sites.|Accede à i vostri dati per d’altri siti.
Unverified scripts can pose security and privacy risks. Only run scripts from extensions or sources you trust.|Les scripts non vérifiés peuvent poser des problèmes de sécurité et de confidentialité. N’exécutez que des scripts provenant d’extensions ou de sources auxquelles vous faites confiance.|I scenarii micca verificati ponu pone prublemi di sicurità è di cunfidenzialità. Fate funziunà solu scenarii chì venenu da estensioni o fonti per quelli vo site cunfidenti.
The developer says this extension collects: %1$s|Le développeur indique que cette extension collecte\u00a0: %1$s|U sviluppatore dece chì st’estensione culletteghja\u00a0: %1$s.
The developer says this extension doesn’t require data collection.|Le développeur indique que cette extension n’a pas besoin de collecter de données.|U sviluppatore dece chì st’estensione ùn hà bisognu à cullettà dati.
The developer says the extension wants to collect: %1$s|Le développeur indique que cette extension souhaite collecter\u00a0: %1$s|U sviluppatore dece chì st’estensione vole cullettà\u00a0: %1$s.
Show all sites|Afficher tous les sites|Affissà tutti i siti
Show fewer sites|Afficher moins de sites|Affissà menu siti
authentication information|informations d’authentification|infurmazioni d’autenticazione
bookmarks|marque-pages|indette
browsing activity|activité de navigation|attività di navigazione
financial and payment information|informations financières et de paiement|infurmazioni finanziarie è di pagamentu
health information|données de santé|dati di salute
location|localisation|pusizione
personal communications|communications personnelles|cumunicazioni persunale
personally identifying information|données personnelles|dati persunali
search terms|termes de recherche|termini di ricerca
technical and interaction data|données techniques et d’interaction|dati tecnichi è d’interazzione
website activity|activité des sites web|attività di i siti web
website content|contenu des sites web|cuntenutu di i siti web
Share authentication information with extension developer|Partager des informations d’authentification avec le développeur de l’extension|Sparte infurmazioni d’autenticazione cù u sviluppatore di l’estensione
Share bookmarks information with extension developer|Partager les informations des marque-pages avec le développeur de l’extension|Sparte infurmazioni nant’à l’indette cù u sviluppatore di l’estensione
Share browsing activity with extension developer|Partager l’activité de navigation avec le développeur de l’extension|Sparte infurmazioni nant’à l’attività di navigazione cù u sviluppatore di l’estensione
Share financial and payment information with extension developer|Partager des informations financières et de paiement avec le développeur de l’extension|Sparte infurmazioni finanziarie è di pagamentu cù u sviluppatore di l’estensione
Share health information with extension developer|Partager des données de santé avec le développeur de l’extension|Sparte dati di salute cù u sviluppatore di l’estensione
Share location information with extension developer|Partager les informations d’emplacement avec le développeur de l’extension|Sparte infurmazioni di pusizione cù u sviluppatore di l’estensione
Share personal communications with extension developer|Partager des communications personnelles avec le développeur de l’extension|Sparte infurmazioni nant’à e cumunicazioni persunale cù u sviluppatore di l’estensione
Share personally identifying information with extension developer|Partager des données personnelles avec le développeur de l’extension|Sparte i dati persunali cù u sviluppatore di l’estensione
Share search terms with extension developer|Partager les termes de recherche avec le développeur de l’extension|Sparte i termini di ricerca cù u sviluppatore di l’estensione
Share technical and interaction data with extension developer|Partager des données techniques et d’interaction avec le développeur de l’extension|Sparte i dati tecnichi è d’interazzione cù u sviluppatore di l’estensione
Share website activity with extension developer|Partager l’activité des sites web avec le développeur de l’extension|Sparte l’attività di i siti web cù u sviluppatore di l’estensione
Share website content with extension developer|Partager le contenu des sites web avec le développeur de l’extension|Sparte u cuntenutu di i siti web cù u sviluppatore di l’estensione
Version|Version|Versione
Author|Auteur|Autore
Last updated|Dernière mise à jour|Ultima mudificazione
Homepage|Page d’accueil|Pagina d’accolta
Learn more about permissions|En savoir plus à propos des permissions|Sapene di più nant’à i permessi
Rating|Appréciation|Apprezzazione
More about this extension|Plus d’informations sur cette extension|Sapene di più nant’à st’estensione
Settings|Paramètres|Parametri
On|Activé|Attivatu
Allow extension to run in private browsing|Autoriser l’extension à s’exécuter en navigation privée|Permette à l’estensione di funziunà in modu di navigazione privata
Run in private browsing|Exécuter en navigation privée|Lancià in navigazione privata
Not allowed in private windows|Non autorisé dans les fenêtres de navigation privée|Micca permessu in e finestre di navigazione privata
Enabled|Activé|Attivatu
Installed|Installés|Installatu
Recommended|Recommandés|Ricumandatu
Not yet supported|Pas encore pris en charge|Mancu accettatu
Not yet available|Pas encore disponible|Mancu dispunibule
Disabled|Désactivés|Disattivatu
Details|Détails|Detaglii
Permissions|Permissions|Permessi
Remove|Supprimer|Caccià
Report|Signaler|Signalà
Add %1$s|Ajouter %1$s|Aghjunghje %1$s
%1$s requests additional settings|%1$s demande des paramètres supplémentaires|%1$s richiede parametri addiziunale
%1$s requests additional data collection|%1$s demande une collecte de données supplémentaire|%1$s richiede una culletta di dati addiziunale
Required permissions:|Autorisations nécessaires\u00a0:|Permessi richiesti\u00a0:
Required data collection:|Collecte de données obligatoire\u00a0:|Culletta di dati richiesta\u00a0:
Optional settings:|Paramètres optionnels\u00a0:|Parametri ozzionale\u00a0:
New permissions:|Nouvelles autorisations\u00a0:|Permessi novi\u00a0:
New data collection:|Nouvelle collecte de données\u00a0:|Culletta di dati nova\u00a0:
Add|Ajouter|Aghjunghje
Allow|Autoriser|Permette
Deny|Refuser|Ricusà
Learn more|En savoir plus|Sapene di più
Cancel|Annuler|Abbandunà
Install %1$s|Installer %1$s|Installà %1$s
Reviews: %1$s|Avis\u00a0: %1$s|Voti : %1$s
Rating: %1$.02f out of 5|Note\u00a0: %1$.02f sur 5|Valutazione : %1$.02f nant’à 5
Add-ons|Modules complémentaires|Moduli addiziunali
Add-ons Manager|Gestionnaire de modules complémentaires|Ghjestiunariu di moduli addiziunali
Extensions are temporarily disabled|Les extensions sont temporairement désactivées|L’estensioni sò disattivate timpurariamente
One or more extensions stopped working, making your system unstable.|Une ou plusieurs extensions ont cessé de fonctionner, rendant votre système instable.|Certe estensioni anu fermatu di funziunà, rindendu u vostru sistema instabile.
Restart extensions|Redémarrer les extensions|Rilancià l’estensioni
Find more extensions|Trouver d’autres extensions|Scopre d’altre estensioni
Update|Mettre à jour|Mette à livellu
%1$s has an update|Une mise à jour est disponible pour %1$s|Una messa à livellu hè dispunibule per %1$s
Cancel to keep your current version and settings.|Annulez pour conserver la version et les paramètres actuels.|Abbandunà per cunservà a versione è i parametri attuali.
New required permissions: %1$s|Nouvelles autorisations requises\u00a0: %1$s|Novi permessi richiesti\u00a0: %1$s
New required data collection: The developer says the extension will collect %1$s.|Nouvelle collecte de données obligatoire\u00a0: le développeur indique que l’extension collectera %1$s.|Nova culletta richiesta di dati\u00a0: u sviluppatore dece chì l’estensione hà da cullettà %1$s.
Extension updates|Mises à jour d’extensions|Rinnovi d’estensioni
Supported add-ons checker|Vérification des modules complémentaires pris en charge|Verificazione di i moduli addiziunali accettati
New add-on available|Nouveau module complémentaire disponible|Novu modulu addiziunale dispunibule
New add-ons available|Nouveaux modules complémentaires disponibles|Novi moduli addiziunali dispunibule
Add %1$s to %2$s|Ajouter %1$s à %2$s|Aghjunghje %1$s à %2$s
Add %1$s and %2$s to %3$s|Ajouter %1$s et %2$s à %3$s|Aghjunghje %1$s è %2$s à %3$s
Add them to %1$s|Les ajouter à %1$s|Aghjunghjeli à %1$s
We‘re currently building support for an initial selection of Recommended Extensions.|Nous mettons actuellement en place la prise en charge d’une première sélection d’extensions recommandées.|Simu in treccia di custruisce una prima selezzione d’estensioni ricumandate.
Downloading and verifying extension…|Téléchargement et vérification de l’extension…|Scaricamentu è verificazione di l’estensione…
Couldn’t load extensions. Try again later.|Impossible de charger les extensions. Réessayez plus tard.|Impussibule di caricà l’estensioni. Pruvate torna un’altra volta.
Translation not found, for locale %1$s neither default language %2$s|Traduction introuvable, que ce soit pour la locale %1$s ou pour la langue par défaut %2$s|Traduzzione micca trova, nè per a lucale %1$s, nè per a lingua predefinita %2$s
Successfully installed %1$s|Installation réussie de %1$s|Installazione riesciuta di %1$s
Failed to install %1$s|Échec de l’installation de %1$s|Fiascu di l’installazione di %1$s
Failed to install this extension.|Échec de l’installation de cette extension.|Fiascu per installà st’estensione.
Can’t install extension|Impossible d’installer l’extension|Impussibule d’installà l’estensione
This extension could not be downloaded because of a connection failure.|Cette extension n’a pas pu être téléchargée à cause d’un échec de connexion.|St’estensione ùn pò micca esse scaricata per via d’un fiascu di cunnessione.
This extension could not be installed because it appears to be corrupt.|Cette extension n’a pas pu être installée car elle semble corrompue.|St’estensione ùn pò micca esse installata perchè pare deteriurata.
This extension could not be installed because it has not been verified.|Cette extension n’a pas pu être installée car elle n’a pas été vérifiée.|St’estensione ùn pò micca esse installata perchè ùn hè micca stata verificata.
%1$s could not be installed because it is not compatible with %2$s %3$s.|%1$s n’a pas pu être installé car il n’est pas compatible avec %2$s %3$s.|%1$s ùn pò micca esse installatu perchè ùn hè micca cumpatibile cù %2$s %3$s.
%1$s violates Mozilla’s policies and can’t be installed on %2$s.|%1$s enfreint les politiques de Mozilla et ne peut être installé dans %2$s.|%1$s trasgredisce e regule di Mozilla è ùn pò micca esse installatu nant’à %2$s.
%1$s could not be installed because it can only be installed by an organization using enterprise policies, which isn‘t supported on this platform.|Le module %1$s n’a pas pu être installé, car son installation doit être réalisée par une organisation utilisant les stratégies d’entreprise, ce qui n’est pas possible sur cette plateforme.|%1$s ùn pò micca esse installatu perchè a so installazione si pò fà solu da un urganismu impieghendu strategie d’impresa, ciò chì ùn hè micca accettatu nant’à sta piattaforma.
%1$s is restricted and can’t be installed on %2$s.|%1$s est soumis à des restrictions et ne peut pas être installé sur %2$s.|%1$s hè sottumessu à certe ristrizzioni è ùn pò micca esse installatu nant’à %2$s.
Failed to enable %1$s|Impossible d’activer %1$s|Impussibule d’attivà %1$s
Failed to disable %1$s|Impossible de désactiver %1$s|Impussibule di disattivà %1$s
Failed to uninstall %1$s|Échec de la désinstallation de %1$s|Fiascu di a disinstallazione di %1$s
Successfully removed %1$s|Suppression réussie de %1$s|Cacciatura riesciuta di %1$s
Failed to remove %1$s|Impossible de supprimer %1$s|Impussibule di caccià %1$s
This add-on was migrated from a previous version of %1$s|Ce module complémentaire a été importé à partir d’une version précédente de %1$s|Stu modulu hè statu impurtatu da una versione precedente di %1$s
1 extension|1 extension|1 estensione
%1$s extensions|%1$s extensions|%1$s estensioni
Successfully updated|Mise à jour effectuée|Mudificazione riesciuta
No update available|Aucune mise à jour disponible|Alcunu rinnovu dispunibule
Error|Erreur|Sbagliu
Updater Information|Informations de mise à jour|Infurmazione nant’à u rinnovu
Last attempt:|Dernière tentative\u00a0:|Ultima prova :
Status:|État\u00a0:|Statu :
%1$s was added|%1$s a été ajouté|%1$s hè stata aghjunta
extension settings|paramètres de l’extension|parametri di l’estensione
Update permissions and data preferences any time in the %1$s.|Modifiez les permissions et les préférences relatives aux données à tout moment depuis les %1$s.|Mudificà à ogni mumentu i permessi è e preferenze di i dati via %1$s.
OK|OK|Vai
See details|Consulter les détails|Vede i detaglii
This extension is blocked for violating Mozilla’s policies and has been disabled.|Cette extension est bloquée, car elle enfreint les politiques de Mozilla et a été désactivée.|St’estensione hè stata bluccata perchè trasgredisce e regule di Mozilla è tandu hè stata disattivata.
This extension is restricted and has been disabled. You can enable it, but this may be risky.|Cette extension est soumise à des restrictions et a été désactivée. Vous pouvez l’activer, mais son utilisation comporte des risques.|St’estensione hè sottumessa à certe ristrizzioni è hè stata disattivata. Pudete attivalla, ma puderia esse risicatu.
This extension is restricted. Using it may be risky.|Cette extension est soumise à des restrictions. Son utilisation comporte des risques.|St’estensione hè sottumessa à certe ristrizzioni. Impiegalla hè risicatu.
%1$s could not be verified as secure and has been disabled.|Le module %1$s n’a pas pu être vérifié comme sûr et a été désactivé.|%1$s ùn pò micca esse verificatu cum’è sicuru è hè statu disattivatu.
%1$s is not compatible with your version of %2$s (version %3$s).|Le module %1$s n’est pas compatible avec votre version de %2$s (version %3$s).|%1$s ùn hè micca cumpatibile cù a vostra versione di %2$s (versione %3$s).
Open in…|Ouvrir dans…|Apre cù…
Open in another app|Ouvrir dans une autre application|Apre in un’altra appiecazione
Open this link in another app?|Ouvrir ce lien dans une autre application\u00a0?|Apre stu liame in un’altra appiecazione\u00a0?
Open this link in %s app?|Ouvrir ce lien dans l’application %s\u00a0?|Apre stu liame in l’appiecazione %s\u00a0?
Would you like to leave %s to view this content?|Souhaitez-vous quitter %s pour afficher ce contenu\u00a0?|Vulete lascià %s per affissà stu cuntenutu\u00a0?
Open|Ouvrir|Apre
Open in App|Ouvrir dans l’application|Apre in l’appiecazione
Always open links in apps|Toujours ouvrir les liens dans des applications|Apre sempre i liami in l’appiecazioni
View details|Afficher les détails|Affissà i detaglii
Hide details|Masquer les détails|Piattà i detaglii
Source URL|URL source|Indirizzu web d’origine
Destination URL|URL de destination|Indirizzu web di destinazione
URL if opening in %s|URL si ouverture dans %s|Indirizzu web s’è apertura in %s
Unique identifier|Identifiant unique|Identificatore unicu
None|Aucune|Nisunu
Link from %s|Lien de %s|Liame da %s
Unlock %1$s|Déverrouiller %1$s|Spalancà %1$s
(No username)|(Aucun nom d’utilisateur)|(Nisunu nome d’utilizatore)
Password for %1$s|Mot de passe pour %1$s|Parolla d’intesa per %1$s
Verification failed|Échec de la vérification|Verificazione fiascata
%1$s could not verify the authenticity of the application. Do you want to proceed with autofilling the selected credentials?|%1$s n’a pas pu vérifier l’authenticité de l’application. Voulez-vous tout de même procéder au remplissage automatique des identifiants sélectionnés\u00a0?|%1$s ùn pò micca verificà l’autenticità di l’appiecazione. Vulete cuntinuà à riempie autumaticamente l’identificazioni di cunnessione selezziunate\u00a0?
Yes|Oui|Sì
No|Non|Nò
Search %1$s|Rechercher dans %1$s|Ricercà in %1$s
Search logins|Rechercher des identifiants|Ricercà identificazioni di cunnessione
Switch to tab|Aller à l’onglet|Passà à l’unghjetta
Open link in new tab|Ouvrir le lien dans un nouvel onglet|Apre u liame in una nova unghjetta
Open link in private tab|Ouvrir le lien dans un nouvel onglet privé|Apre u liame in una nova unghjetta privata
Open image in new tab|Ouvrir l’image dans un nouvel onglet|Apre a fiura in una nova unghjetta
Download link|Télécharger la cible du lien|Scaricà a destinazione di u liame
Share link|Partager le lien|Sparte u liame
Share image|Partager l’image|Sparte a fiura
Copy link|Copier le lien|Cupià u liame
Copy link text|Copier le texte du lien|Cupià u testu di u liame
Copy image location|Copier l’adresse de l’image|Cupià l’indirizzu di a fiura
Save image|Enregistrer l’image|Arregistrà a fiura
Copy image|Copier l’image|Cupià a fiura
Save file to device|Enregistrer le fichier sur l’appareil|Arregistrà u schedariu nant’à l’apparechju
New tab opened|Nouvel onglet ouvert|Nova unghjetta aperta
New private tab opened|Nouvel onglet privé ouvert|Nova unghjetta privata aperta
Link copied to clipboard|Lien copié dans le presse-papiers|Liame cupiatu in u preme’papei
Link text copied to clipboard|Texte du lien copié dans le presse-papiers|Testu di u liame cupiatu in u preme’papei
Switch|Afficher|Affissà
Open link in external app|Ouvrir le lien dans une application externe|Apre u liame in un’appiecazione esterna
Share email address|Partager l’adresse e-mail|Sparte l’indirizzu elettronicu
Copy email address|Copier l’adresse e-mail|Cupià l’indirizzu elettronicu
Email address copied to clipboard|L’adresse e-mail a été copiée dans le presse-papiers|L’indirizzu elettronicu hè statu cupiatu in u preme’papei
Add to contact|Ajouter à un contact|Aghjunghje à un cuntattu
Search|Rechercher|Ricercà
Private Search|Recherche privée|Ricerca privata
Email|Envoyer un e-mail|Mandà un messaghju
Call|Appeler|Chjamà
Return to previous app|Revenir à l’application précédente|Rivene à l’appiecazione precedente
Refresh|Actualiser|Attualizà
More options|Options supplémentaires|Ozzioni addiziunale
Downloads|Téléchargements|Scaricamenti
unknown time|durée indéterminée|durata scunnisciuta
Download paused|Téléchargement mis en pause|Scaricamentu messu in pausa
Download completed|Téléchargement terminé|Scaricamentu compiu
Download failed|Le téléchargement a échoué|Fiascu di u scaricamentu
Download file again? (%1$s)|Télécharger à nouveau le fichier ? (%1$s)|Scaricà u schedariu torna ? (%1$s)
Download file? (%1$s)|Télécharger le fichier ? (%1$s)|Scaricà u schedariu ? (%1$s)
Download file?|Télécharger le fichier\u00a0?|Scaricà u schedariu\u00a0?
Download file again?|Télécharger le fichier à nouveau\u00a0?|Scaricà u schedariu torna\u00a0?
Download|Télécharger|Scaricà
Download again|Télécharger à nouveau|Scaricà torna
%1$s already exists.|%1$s existe déjà.|%1$s esiste dighjà.
Open existing file|Ouvrir le fichier existant|Apre u schedariu esistente
%1$s wasn’t downloaded.|%1$s n’a pas été téléchargé.|%1$s ùn hè statu micca scaricatu.
Check your connection and try again.|Vérifiez votre connexion puis réessayez.|Ci vole à verificà a vostra cunnessione è pruvà torna.
%1$s can’t download this file type|%1$s ne peut pas télécharger ce type de fichier|%1$s ùn pò micca scaricà stu tipu di schedariu
Could not open file|Impossible d’ouvrir le fichier|Impussibule d’apre u schedariu
No app found to open %1$s files|Aucune application trouvée pour ouvrir les fichiers %1$s|Alcuna appiecazione trova per apre i schedarii %1$s
Pause|Pause|Pausa
Resume|Reprendre|Cuntinuà
Complete action using|Continuer avec|Cumplettà l’azzione cù
Unable to open %1$s|Impossible d’ouvrir %1$s|Impussibule d’apre %1$s
Files and media permission access needed to download files. Go to Android settings, tap permissions, and tap allow.|Les autorisations d’accès au stockage de fichiers et de médias sont nécessaires pour télécharger des fichiers. Rendez-vous dans les paramètres d’Android, sélectionnez Autorisations puis Autoriser.|I diritti d’accessu à i schedarii è i medià sò richiesti per scaricà schedarii. Accidite à i parametri d’Android, picchichjate Permessi, è dopu Permette.
Cancel private downloads?|Annuler les téléchargements privés ?|Abbandunà i scaricamenti in a navigazione privata ?
If you close all Private tabs now, %1$s download will be canceled. Are you sure you want to leave Private Browsing?|Si vous fermez tous les onglets de navigation privée maintenant, le téléchargement de %1$s sera annulé. Voulez-vous vraiment quitter la navigation privée ?|A chjusura di tutte l’unghjette private subitu pianterà u scaricamentu di %1$s. Vulete veramente piantà a navigazione privata ?
Cancel downloads|Annuler les téléchargements|Abbandunà i scaricamenti
Stay in private browsing|Rester en mode de navigation privée|Stà in navigazione privata
Find in page|Rechercher dans la page|Circà in a pagina
%1$d out of %2$d|%1$d sur %2$d|%1$d nant’à %2$d
Find next result|Trouver le résultat suivant|Truvà u risultatu seguente
Find previous result|Trouver le résultat précédent|Truvà u risultatu precedente
Dismiss find in page|Fermer la recherche dans la page|Chjode a ricerca in a pagina
Sponsored|Sponsorisé|Spunsurizatu
Importing bookmarks|Importation des marque-pages|Impurtazione di l’indette
Keep this screen open. It should only take a few seconds.|Laissez cet écran ouvert. Cela ne devrait prendre que quelques secondes.|Lascià apertu stu screnu. Què duveria piglià parechje seconde.
Continue without VPN?|Continuer sans le VPN\u00a0?|Cuntinuà senza VPN ?
VPN isn’t working right now so your location may be visible. Continue browsing without VPN, or choose tabs to close.|Le VPN ne fonctionne pas pour l’instant, votre emplacement peut donc être visible. Continuez à naviguer sans VPN ou choisissez des onglets à fermer.|Ora, a VPN ùn hè micca attiva, dunque a vostra pusizione si pò vede. Cuntinuà a navigà senza VPN o sciglite unghjette da chjode.
Manage Tabs|Gérer les onglets|Amministrà l'unghjette
Continue|Continuer|Cuntinuà
Media|Multimédia|Multimedià
Camera is on|La caméra est activée|L’apparechju-fotò hè attivatu
Microphone is on|Le microphone est activé|U microfonu hè attivatu
Camera and microphone are on|La caméra et le microphone sont activés|L’apparechju-fotò è u microfonu sò attivati
Tap to open the tab that’s using your camera.|Appuyez pour ouvrir l’onglet qui utilise votre appareil photo.|Picchichjà per apre l’unghjetta chì impiegheghja u vostru apparechju-fotò.
Tap to open the tab that’s using your microphone.|Appuyez pour ouvrir l’onglet qui utilise votre microphone.|Picchichjà per apre l’unghjetta chì impiegheghja u vostru microfonu.
Tap to open the tab that’s using your microphone and camera.|Appuyez pour ouvrir l’onglet qui utilise votre microphone et votre appareil photo.|Picchichjà per apre l’unghjetta chì impiegheghja i vostri microfonu è apparechju-fotò.
Reminder: %1$s is still using your camera. Tap to open the tab.|Rappel\u00a0: %1$s utilise toujours votre appareil photo. Appuyez pour ouvrir l’onglet.|Ramentu\u00a0: %1$s impiegheghja sempre u vostru apparechju-fotò. Picchichjà per apre l’unghjetta.
Reminder: %1$s is still using your microphone. Tap to open the tab.|Rappel\u00a0: %1$s utilise toujours votre microphone. Appuyez pour ouvrir l’onglet.|Ramentu\u00a0: %1$s impiegheghja sempre u vostru microfonu. Picchichjà per apre l’unghjetta.
Reminder: %1$s is still using your microphone and camera. Tap to open the tab.|Rappel\u00a0: %1$s utilise toujours votre microphone et votre appareil photo. Appuyez pour ouvrir l’onglet.|Ramentu\u00a0: %1$s impiegheghja sempre i vostri microfonu è apparechju-fotò. Picchichjà per apre l’unghjetta.
Play|Lecture|Lettura
Next|Suivant|Seguente
Previous|Précédent|Precedente
A site is playing media|Un site lit un élément multimédia|Un situ leghje un elementu multimedià
Importing passwords|Importation des mots de passe|Impurtazione di e parolle d’intesa
Private browsing session|Session de navigation privée|Sessione di navigazione privata
Prevent this page from creating additional dialogs|Empêcher cette page d’ouvrir des dialogues supplémentaires|Impedisce sta pagina d’apre dialoghi addiziunali
Set|Valider|Definisce
Sign in|Se connecter|Cunnettesi
Username|Nom d’utilisateur|Nome d’utilizatore
Password|Mot de passe|Parolla d’intesa
Not now|Plus tard|Micca subitu
Never save|Ne jamais enregistrer|Ùn arregistrà mai
Not now|Pas pour cette fois|Micca subitu
Save|Enregistrer|Arregistrà
Enter a password|Saisissez un mot de passe|Stampittate una parolla d’intesa
Can’t save password|Impossible d’enregistrer le mot de passe|Ùn si pò micca arregistrà a parolla d’intesa
Save password?|Enregistrer le mot de passe ?|Arregistrà a parolla d’intesa ?
Update password?|Mettre à jour le mot de passe ?|Mudificà a parolla d’intesa ?
Update username?|Mettre à jour le nom d’utilisateur ?|Mudificà u nome d’utilizatore ?
Label for entering a text input field|Libellé pour la création d’un champ de saisie de texte|Discrizzione per a creazione d’un campu di scrittura di testu
Choose a color|Choisir une couleur|Sceglie un culore
Allow this site to open?|Autoriser l’ouverture de ce site ?|Permette à stu situ l’apertura d’una finestra ?
Allow redirect to this site?|Autoriser la redirection vers ce site\u00a0?|Permette a ridirezzione versu stu situ\u00a0?
Are you sure?|Confirmation|Cunfirmazione
Do you want to leave this site? Data you have entered may not be saved|Voulez-vous quitter ce site ? Des données saisies peuvent être perdues|Vulete abbandunà stu situ ? Certi dati chì vo avete stampittati puderianu esse persi
Stay|Rester|Stà
Leave|Quitter|Abbandunà
%1$s wants to create a passkey for %2$s.|%1$s souhaite créer une clé d’accès pour %2$s.|%1$s vole creà una chjave d’accessu per %2$s.
%1$s wants to use a passkey for %2$s.|%1$s souhaite utiliser une clé d’accès pour %2$s.|%1$s vole impiegà una chjave d’accessu per %2$s.
Pick a month|Choisir un mois|Sceglie un mese
Jan|janv.|ghje.
Feb|févr.|ferr.
Mar|mars|marzu
Apr|avr.|apri.
May|mai|magh.
Jun|juin|ghju.
Jul|juil.|lugl.
Aug|août|aostu
Sep|sept.|sitt.
Oct|oct.|utto.
Nov|nov.|nuve.
Dec|déc.|dice.
Set time|Choisir l’heure|Sceglie l’ora
Manage passwords|Gérer les mots de passe|Amministrà e parolle d’intesa
Expand saved passwords|Développer les mots de passe enregistrés|Spiegà e parolle d’intesa arregistrate
Collapse saved passwords|Réduire les mots de passe enregistrés|Ripiegà e parolle d’intesa arregistrate
Saved passwords|Mots de passe enregistrés|Parolle d’intesa arregistrate
Suggest strong password|Suggérer un mot de passe fort|Suggerisce una parolla d’intesa forte
Use strong password|Utilisez un mot de passe compliqué|Impiegà una parolla d’intesa forte
Use strong password: %1$s|Utiliser un mot de passe fort\u00a0: %1$s|Impiegà una parolla d’intesa forte : %1$s
Use strong password?|Utiliser un mot de passe compliqué ?|Impiegà una parolla d’intesa forte ?
Protect your account by using a strong, randomly generated password. It’ll be saved into your account for future use.|Protégez votre compte en utilisant un mot de passe robuste, généré aléatoirement. Il sera enregistré dans votre compte pour de futures utilisations.|Prutigite u vostru contu impieghendu una parolla d’intesa forte è ingenerata à l’azardu. Serà arregistrata in u vostru contu per un aghjovu futuru.
Use password|Utiliser ce mot de passe|Impiegà sta parolla d’intesa
Password updated|Mot de passe mis à jour|Parolla d’intesa mudificata
Resend data to this site?|Renvoyer les données à ce site ?|Rimandà i dati à stu situ ?
Refreshing this page could duplicate recent actions, such as sending a payment or posting a comment twice.|Actualiser cette page pourrait répéter des actions récentes, telles que l’envoi d’un paiement ou la publication d’un commentaire.|L’attualizazione di sta pagina puderia ripete azzioni recente, cum’è l’inviu d’un pagamentu o a publicazione d’un cummentu in doppiu.
Resend data|Renvoyer les données|Rimandà i dati
Upload files?|Envoyer les fichiers\u00a0?|Incaricà i schedarii\u00a0?
Make sure you trust this site before you upload from “%1$s”.|Assurez-vous de faire confiance à ce site avant d’effectuer un envoi depuis «\u00a0%1$s\u00a0».|Assicuratevi chì vo fate cunfidenza à stu situ prima d’incaricà da «\u00a0%1$s\u00a0».
Upload|Envoyer|Incaricà
Use saved card|Utiliser une carte enregistrée|Impiegà una carta arregistrata
Expand saved cards|Développer les cartes enregistrées|Spiegà e carte arregistrate
Collapse saved cards|Réduire les cartes enregistrées|Ripiegà e carte arregistrate
Manage cards|Gérer les cartes|Amministrà e carte
Securely save this card?|Enregistrer cette carte en toute sécurité ?|Arregistrà sta carta di manera sicura ?
Update card expiration date?|Mettre à jour la date d’expiration de la carte ?|Mudificà a data di scadenza di a carta ?
%s encrypts your card number. Your security code won’t be saved.|%s chiffre votre numéro de carte. Votre code de sécurité ne sera pas enregistré.|%s cifra u vostru numeru di carta. U vostru codice di sicurità ùn serà micca arregistratu.
Select address|Sélectionner une adresse|Selezziunà un indirizzu
Expand saved addresses|Développer les adresses enregistrées|Spiegà l’indirizzi arregistrati
Collapse saved addresses|Réduire les adresses enregistrées|Ripiegà l’indirizzi arregistrati
Manage addresses|Gérer les adresses|Urganizà l’indirizzi
Save address?|Enregistrer l’adresse\u00a0?|Arregistrà l’indirizzu ?
Update address?|Mettre à jour l’adresse\u00a0?|Mudificà l’indirizzu\u00a0?
Account picture|Photo du profil|Fiura per u contu
Choose a login provider|Choisir un fournisseur de connexion|Sceglie un furnidore d’accessu
Sign in with a %1$s account|Connectez-vous avec un compte %1$s|Cunnittitevi cù un contu %1$s
Use %1$s as a login provider|Utiliser %1$s comme fournisseur de connexion|Impiegà %1$s cum’è furnidore di cunnessione
Logging in to %1$s with a %2$s account is subject to their <a href="%3$s">Privacy Policy</a> and <a href="%4$s">Terms of Service</a>|Se connecter à %1$s avec un compte %2$s est soumis à la <a href="%3$s">politique de confidentialité</a> et aux <a href="%4$s">conditions d’utilisation</a> de ce dernier.|Cunnettesi à %1$s cù un contu %2$s hè sottumessu à a so <a href="%3$s">pulitica di cunfidenzialità</a> è à e so <a href="%4$s">cundizioni d’utilizazione</a>
Use email mask|Utiliser un alias de messagerie|Impiegà una maschera di messaghjeria
New! %s email masks are now available on mobile.|Nouveau\u00a0! Les alias de messagerie %s sont désormais disponibles sur les appareils mobiles.|Novu\u00a0! Ora, e maschere di messaghjeria %s sò dispunibule nant’à l’apparechji mobili.
Trackers blocked this week|Traqueurs bloqués cette semaine|Perseguitatori bluccati sta settimana
%1$s blocks trackers as you browse.|%1$s bloque les traqueurs pendant que vous naviguez.|%1$s blocca i perseguitatori durante a vostra navigazione.
You’ll see them here.|Vous les verrez ici.|I viderete quì.
Website|Site web|Situ web
Full screen site controls|Contrôles du site en plein écran|Cuntrolli di situ di u screnu sanu
Tap to copy the URL for this app|Appuyez pour copier l’URL de cette application|Picchichjà per cupià l’indirizzu per st’appiecazione
URL copied.|Adresse web copiée.|Indirizzu web cupiatu.
QR scanner|Scanner QR|Analiza di codice QR
No camera available on device|Aucune caméra disponible sur l’appareil|Alcunu apparechju-fotò hè dispunibule nant’à l’apparechju
Sans serif|Sans empattement|Senza patta
Sans Serif font|Police sans empattement|Grafia senza patta
Serif|Empattement|Patta (Serif)
Serif font|Police avec empattement|Grafia cù patta
Font size decrease|Réduction de la taille de la police|Riduzzione di a dimensione di a grafia
Font size increase|Augmentation de la taille de la police|Crescita di a dimensione di a grafia
Dark|Sombre|Scuru
Dark color scheme|Jeu de couleurs sombres|Ghjocu di culori scuri
Sepia color scheme|Jeu de couleurs sépia|Ghjocu di culori sepia
Light|Clair|Chjaru
Light color scheme|Jeu de couleurs claires|Ghjocu di culori chjari
Open a new %1$s tab|Ouvrir un nouvel onglet %1$s|Apre una nova unghjetta in %1$s
Search the web|Rechercher sur le Web|Ricercà nant’à u web
Voice search|Recherche vocale|Ricerca vucale
Allow %1$s to send notifications?|Autoriser %1$s à envoyer des notifications\u00a0?|Permette à %1$s di mandà nutificazioni ?
Allow %1$s to use your camera?|Autoriser %1$s à utiliser votre appareil photo\u00a0?|Permette à %1$s d’impiegà u vostru apparechju-fotò ?
Allow %1$s to use your microphone?|Autoriser %1$s à utiliser votre microphone\u00a0?|Permette à %1$s d’impiegà u vostru microfonu ?
Allow %1$s to use your location?|Autoriser %1$s à accéder à votre localisation\u00a0?|Permette à %1$s d’accede à a vostra lucalizazione ?
Allow %1$s to use your camera and microphone?|Autoriser %1$s à utiliser votre appareil photo et votre microphone\u00a0?|Permette à %1$s d’impiegà u vostru apparechju-fotò è u vostru microfonu ?
Allow %1$s to access apps and services on devices connected to your local network?|Autoriser %1$s à accéder aux applications et services sur les appareils connectés à votre réseau local\u00a0?|Permette à %1$s d’accede à l’appiecazioni è à i servizii nant’à l’apparechji cunnessi à a vostra reta lucale.
Allow %1$s to access other apps and services on this device?|Autoriser %1$s à accéder à d’autres applications et services sur cet appareil\u00a0?|Permette à %1$s d’accede à d’altri appiecazioni è servizii nant’à st’apparechju\u00a0?
Microphone 1|Microphone 1|Microfonu 1
Rear-facing camera|Appareil photo arrière|Apparechju-fotò daretu
Front-facing camera|Appareil photo avant|Apparechju-fotò davanti
Don’t allow|Ne pas autoriser|Ùn permette micca
Block|Bloquer|Bluccà
You’ll need to allow notifications in %1$s to receive them from this website.|Vous devez autoriser les notifications dans %1$s pour les recevoir de ce site.|Ci vole à permette e nutificazioni in %1$s per ricevele da stu situ web.
Go to settings|Ouvrir les paramètres|Andà à i parametri
Remember decision for this site|Se souvenir de ce choix pour ce site|Arricurdassi di sta scelta per stu situ
Remember for this site|Se souvenir de mon choix pour ce site|Arricurdassi per stu situ
Always|Toujours|Sempre
Never|Jamais|Mai
Allow %1$s to store data in persistent storage?|Autoriser %1$s à conserver des données dans le stockage persistant\u00a0?|Permette à %1$s d’allucà dati in a memoria permanente ?
Allow %1$s to play DRM-controlled content?|Autoriser %1$s à lire du contenu contrôlé par DRM\u00a0?|Permette à %1$s di leghje cuntenutu cuntrollatu da DRM\u00a0?
Allow %1$s to use its cookies on %2$s?|Autoriser %1$s à utiliser ses cookies sur %2$s\u00a0?|Permette à %1$s d’impiegà i so canistrelli nant’à %2$s\u00a0?
You may want to block access if it’s not clear why %s needs this data.|Vous voudrez peut-être bloquer l’accès si vous ne savez pas exactement pourquoi %s a besoin de ces données.|Forse preferite bluccà l’accessu s’ellu ùn hè micca chjaru perchè %s abbia bisognu di sti dati.
Summarize with a shake?|Résumer en secouant l’appareil\u00a0?|Riassume cù una ciambuttata\u00a0?
Shake your device, get a page summary from %1$s in seconds.|Secouez votre appareil pour obtenir en quelques secondes un résumé de la page par %1$s.|Ciambuttate u vostru apparechju per ottene da %1$s un riassuntu di a pagina in quattru è trè sette.
Summarize this page|Résumer cette page|Riassume sta pagina
After a quick one-time download, %s can summarize pages when you shake your device.|Après un téléchargement unique et rapide, %s pourra résumer les pages lorsque vous secouerez votre appareil.|Dopu un scaricamentu unicu è rapidu, %s puderà riassume e pagine quandu vo ciambutterete u vostru apparechju.
Download to summarize|Télécharger pour résumer|Scaricà per riassume
Set up private summaries|Configurez des résumés privés|Cunfigurà riassunti privati
A one-time download lets %s create page summaries that stay in your control.|Un téléchargement unique permet à %s de créer des résumés de page que vous pouvez contrôler.|Un scaricamentu unicu permette à %s di creà riassunti di pagina chì vo cuntrollate.
Setting up summaries|Configuration des résumés|Cunfigurazione di i riassunti
One-time download for private summaries.|Un téléchargement unique pour des résumés privés.|Un scaricamentu unicu per riassunti privati.
Unknown error|Erreur inconnue|Sbagliu scunnisciutu
Try again|Réessayer|Pruvà torna
Page too long to summarize|Page trop longue pour être résumée|Pagina troppu longa per esse riassunta
Can’t summarize paywalled content|Impossible de résumer le contenu protégé par un paywall|Ùn si pò riassume u cuntenutu prutettu da un pedaticu
Can’t summarize right now|Impossible de résumer pour l’instant|Ùn si pò riassume avà
Try again later.|Réessayez plus tard.|Pruvate torna un’altra volta.
Error code: %1$d|Code d’erreur\u00a0: %1$d|Codice di sbagliu\u00a0: %1$d
Summarizing…|Génération du résumé…|Generazione di u riassuntu…
Page summary settings|Paramètres des résumés de pages|Parametri di i riassunti di pagina
Page summaries|Résumés de pages|Riassunti di pagine
Summarize pages|Résumer les pages|Riassume e pagine
Create page summaries with AI. Pages and summaries stay private and are never stored.|Créez des résumés de page avec l’IA. Les pages et les résumés restent privés et ne sont jamais stockés.|Creà riassunti di pagina cù l’IA. E pagine è i riassunti stanu privati è ùn sò mai arregistrati.
Gestures|Mouvements|Mosse
Shake to summarize|Secouer pour résumer|Ciambuttà per riassume
Shake your device side to side to summarize a page.|Secouez votre appareil d’un côté à l’autre pour résumer une page.|Ciambuttate u vostru apparechju d’un latu à l’altru per riassume una pagina.
Shake sensitivity|Sensibilité aux secousses|Sensibilità à e ciambuttate
Adjust how hard you need to shake to trigger summarization.|Ajustez la force avec laquelle vous devez secouer pour déclencher le résumé.|Accumudà a forza cù quella ci vole à ciambuttà per scruchjà u riassuntu.
Low|Basse|Bassa
Medium|Moyenne|Mediana
High|Haute|Alta
Summary by %1$s|Résumé par %1$s|Riassuntu da %1$s
AI can make mistakes|L’IA peut faire des erreurs|L’IA pò fà sbaglii
Good summary|Bon résumé|Bellu riassuntu
rate summary as good|indiquer que le résumé est satisfaisant|valutà u riassuntu cum’è bellu
Bad summary|Mauvais résumé|Riassuntu gativu
rate summary as bad|indiquer que le résumé est mauvais|valutà u riassuntu cum’è gativu
Rating submitted|Évaluation envoyée|Valutazione mandata
Pages and summaries are never stored.|Les pages et les résumés ne sont jamais stockés.|E pagine è i riassunti ùn sò mai arregistrati.
Sign in to summarize|Connectez-vous pour résumer|Cunnittitevi per riassume
Use your Mozilla account to continue or create one to get started.|Utilisez votre compte Mozilla pour continuer ou créez-en un pour commencer.|Impiegate u vostru contu Mozilla per cuntinuà o create ne unu per principià.
Sign in|Connexion|Cunnettesi
Tabs|Onglets|Unghjette
Site notifications|Notifications des sites web|Nutificazioni di situ
Sorry. %1$s had a problem and crashed.|Désolé, %1$s a rencontré un problème et a planté.|Per disgrazia, %1$s hà scuntratu un prublema chì hà cagiunatu un accidente.
Send crash report to %1$s|Envoyer le rapport de plantage à %1$s|Mandà un raportu d’accidente à %1$s
Restart %1$s|Redémarrer %1$s|Rilancià %1$s
Crashes|Plantages|Accidenti
Sorry. A problem occurred in %1$s.|Désolé. Un problème est survenu dans %1$s.|Per disgrazia, un prublema hè accadutu in %1$s.
Sending crash report to %1$s|Envoi du rapport de plantage à %1$s|Inviu di u raportu d’accidente à %1$s
Gathering crash data|Collecte des données de plantage|Culletta di i dati di l’accidente
Gathering crash telemetry data|Collecte des données de télémétrie du plantage|Culletta di i dati di telemetria di l’accidente
Crash Reports|Rapports de plantage|Raporti d’accidente
No crash reports have been submitted.|Aucun rapport de plantage n’a été envoyé.|Alcunu raportu d’accidente ùn hè statu mandatu.
Ask before sending|Demander avant d’envoyer|Dumandà prima di mandà
Send automatically|Envoyer automatiquement|Mandà autumaticamente
Never send|Ne jamais envoyer|Ùn mandà mai
No experiments here|Aucune expérience ici|Nisuna sperimentazione quì
Call with…|Appeler avec…|Chjamà cù…
Email with…|Envoyer un e-mail avec…|Mandà un messaghju cù…
Share with…|Partager avec…|Sparte cù…
Share via|Partager à l’aide de|Sparte via
Tabs Open: %1$s. Tap to switch tabs.|%1$s\u00a0onglets ouverts. Appuyez pour changer d’onglet.|Unghjette aperte\u00a0: %1$s. Picchichjà per cambià d’unghjetta.
Non-private Tabs Open: %1$s. Tap to switch tabs.|%1$s\u00a0onglets non privés ouverts. Appuyez pour changer d’onglet.|Unghjette aperte micca private\u00a0: %1$s. Picchichjà per cambià d’unghjetta.
Private Tabs Open: %1$s. Tap to switch tabs.|%1$s\u00a0onglets privés ouverts. Appuyez pour changer d’onglet.|Unghjette private aperte\u00a0: %1$s. Picchichjà per cambià d’unghjetta.
New tab|Nouvel onglet|Nova unghjetta
New private tab|Nouvel onglet privé|Nova unghjetta privata
Close tab|Fermer l’onglet|Chjode l’unghjetta
Duplicate tab|Dupliquer l’onglet|Duppià l’unghjetta
The tab counter toolbar button.|Le bouton compteur d’onglets de la barre d’outils.|U buttone di cuntatore d’unghjetta in a barra d’attrezzi.
Image copied to clipboard|Image copiée dans le presse-papiers|Fiura cupiata in u preme’papei
Score: %1$d|Score\u00a0: %1$d|Risultatu\u00a0: %1$d
🍪 likes cookies 🍪|🍪 aime les cookies 🍪|🍪 li piacenu i canistrelli 🍪
tap to play!|appuyez pour jouer\u00a0!|picchichjà per ghjucà\u00a0!
HISCORE: %1$d|RECORD\u00a0: %1$d|SUPRANA\u00a0: %1$d
🔈 sound on|🔈 son activé|🔈 sonu attivatu
🔇 sound off|🔇 son désactivé|🔇 sonu disattivatu
back|précédent|precedente
Share hiscore|Partager le meilleur score|Sparte a suprana
My longest fox is %1$d! #longfox %2$s|J’ai atteint un renard de %1$d\u00a0! #longfox %2$s|A mo più volpa longa hè %1$d\u00a0! #longfox %2$s
Private %s|%s privé|%s privatu
%s (Private)|%s (nav. privée)|%s (nav. privata)
More options|Plus d’options|Ozzioni addiziunale
Private browsing|Navigation privée|Navigazione privata
Normal browsing|Navigation classique|Navigazione nurmale
Search history|Rechercher dans l’historique|Ricercà in a cronolugia
Search bookmarks|Rechercher dans les marque-pages|Ricercà in l’indette
Go back and close search|Retourner en arrière et fermer la recherche|Torna darettu è chjode a ricerca
Search tabs|Rechercher dans les onglets|Ricercà in l’unghjette
Enter search terms|Saisissez les termes à rechercher|Stampittate i termini à ricercà
%1$s won’t remember any of your history or cookies, but new bookmarks will be saved.|%1$s ne conservera aucun historique ni aucun cookie, cependant les nouveaux marque-pages seront conservés.|%1$s ùn cunserverà alcuna cronolugia nè canistrelli, ma e nove indette seranu arregistrate.
Create a new tab to start searching|Créez un nouvel onglet pour lancer une recherche|Creà una nova unghjetta per lancià una ricerca
%1$d selected|%1$d sélectionnés|%1$d selezziunatu(i)
Select tabs|Sélectionner des onglets|Selezziunà unghjette
Add new collection|Créer une nouvelle collection|Creà una nova cullezzione
Name|Nom|Nome
Select collection|Sélectionner une collection|Selezziunà a cullezzione
Exit multiselect mode|Quitter le mode de sélection multiple|Piantà u modu di selezzione multiple
Grab tabs from any device|Récupérez vos onglets depuis n’importe quel appareil|Ricuperà l’unghjette da qualsiasi apparechju
Sign in to manage synced tabs from all your devices.|Connectez-vous pour gérer les onglets synchronisés de l’ensemble de vos appareils.|Cunnittitevi per urganizà l’unghjette sincrunizate da tutti i vostri apparechji.
All stories|Tous les articles|Tutti l’articuli
Bookmarks|Marque-pages|Indette
Show all bookmarks|Afficher tous les marque-pages|Affissà tutte l’indette
%1$s is produced by Mozilla.|%1$s est développé par Mozilla.|%1$s hè sviluppatu da Mozilla.
Common myths about private browsing|Idées reçues sur la navigation privée|Idee precuncepite apprupositu di a navigazione privata
Leave no traces on this device|Ne laissez aucune trace sur cet appareil|Ùn lascià alcuna traccia nant’à st’apparechju
%1$s deletes your cookies, history, and site data when you close all your private tabs.|%1$s efface cookies, historique de navigation et données de sites lorsque vous fermez tous les onglets de navigation privée.|%1$s squassa i vostri canistrelli, cronolugia è dati di siti quandu vo chjudite tutte e vostre unghjette di navigazione privata.
Who might be able to see my activity?|Qui peut voir mon activité ?|Quale puderia fighjà a mo attività ?
You can set %1$s to automatically open links in apps.|Vous pouvez configurer %1$s pour ouvrir automatiquement les liens dans des applications.|Pudete cunfigurà %1$s per apre autumaticamente i liami in d’altre appiecazioni.
Camera access needed. Go to Android settings, tap permissions, and tap allow.|Accès à la caméra nécessaire. Accédez aux paramètres Android, appuyez sur Autorisations, puis sur Autoriser.|Accessu richiestu à l’apparechju-fotò. Accidite à i parametri d’Android, picchichjate Permessi, è dopu Permette.
Set open tabs to close automatically that haven’t been viewed in the past day, week, or month.|Configurez les onglets ouverts pour qu’ils se ferment automatiquement lorsqu’ils n’ont pas été vus depuis les derniers jours, semaines ou mois.|Cunfigurate l’unghjette aperte per ch’elle si chjodinu autumaticamente quand’elle ùn sò state micca fighjate l’ultimi ghjorni, settimane, o mesi.
View options|Afficher les options|Fighjà l’ozzioni
Tabs you haven’t viewed for two weeks get moved here.|Les onglets que vous n’avez pas consultés depuis deux semaines sont déplacés ici.|L’unghjette chì vo ùn avete micca viste dapoi duie settimane sò dispiazzate quì.
Turn off in settings|Désactiver dans les paramètres|Disattivà in i parametri
Auto-close after one month?|Fermeture automatique après un mois ?|Chjusura autumatica dopu un mese ?
%1$s can close tabs you haven’t viewed over the past month.|%1$s peut fermer les onglets que vous n’avez pas consultés au cours du mois dernier.|%1$s pò chjode l’unghjette chì vo ùn avete micca viste durante un mese scorsu.
Turn on auto-close|Activer la fermeture automatique|Attivà a chjusura autumatica
New private tab|Nouvel onglet nav. privée|Nova unghjetta privata
Passwords|Mots de passe|Parolle d’intesa
Uninstall, why?|Désinstaller, pourquoi\u00a0?|Perchè disinstallà ?
Show all|Tout afficher|Tuttu affissà
See all synced tabs|Voir tous les onglets synchronisés|Vede tutte l’unghjette sincrunizate
Synced device|Appareil synchronisé|Apparechju sincrunizatu
Recently visited|Visités récemment|Visitati pocu fà
Show all past explorations|Afficher toutes les navigations passées|Affissà tutte l’esplurazioni scorse
Back|Page précédente|Pagina precedente
Forward|Page suivante|Pagina seguente
Stop|Arrêter|Piantà
Manage extensions|Gérer les extensions|Amministrà l’estensioni
More|Plus|Più
Discover more extensions|Découvrir d’autres extensions|Scopre d’altre estensioni
Temporarily disabled|Désactivé temporairement|Disattivata timpurariamente
No extensions enabled|Aucune extension activée|Nisuna estensione attivata
Try a recommended extension|Essayer une extension recommandée|Pruvà un’estensione ricumandata
Account info|Informations du compte|Infurmazione nant’à u contu
Library|Bibliothèque|Bibliuteca
Desktop site|Version ordinateur|Versione urdinatore
Add to Home screen|Ajouter à l’écran d’accueil|Aghjunghje à u screnu d’accolta
Add app to Home screen|Ajouter l’application à l’écran d’accueil|Aghjunghje l’appiecazione à u screnu d’accolta
Xiaomi devices may need extra permissions to add shortcuts to the home screen. Please check your settings.|Les appareils Xiaomi peuvent demander des autorisations supplémentaires pour ajouter des raccourcis sur l’écran d’accueil. Veuillez vérifier vos paramètres.|L’apparechji Xiaomi ponu dumandà permessi addiziunali per aghjunghje l’accurtatoghji nant’à u screnu d’accolta. Ci vole à verificà i vostri parametri.
Resync|Resynchroniser|Risincrunizà
Translate page|Traduire la page|Traduce a pagina
Save to collection|Enregistrer dans une collection|Arregistrà in una cullezzione
Open in %1$s|Ouvrir avec %1$s|Apre cù %1$s
Powered by %1$s|Fonctionne grâce à %1$s|Funziuneghja grazia à %1$s
Reader view|Mode lecture|Modu di lettura
Close reader view|Quitter le mode lecture|Chjode u modu di lettura
Open in app|Ouvrir dans une application|Apre in un’appiecazione
Customize Reader View|Personnaliser le mode lecture|Persunalizà u modu di lettura
Sync passwords, bookmarks, and more|Synchronisez vos mots de passe, marque-pages et bien plus|Sincrunizà e parolle d’intesa, l’indette, è ancu di più
Sign back in to sync|Reconnectez-vous pour lancer la synchronisation|Ricunnittitevi per lancià a sincrunizazione
Syncing paused|Synchronisation mise en pause|Sincrunizazione messa in pausa
Manage what you back up and sync|Gérez ce que vous sauvegardez et synchronisez|Urganizate ciò chì vo arregistrate è sincrunizate
Close menu|Fermer le menu|Chjode u listinu
Navigation|Navigation|Navigazione
Close custom tab menu sheet|Fermer le panneau du menu des onglets personnalisés|Chjode u pannellu di u listinu di l’unghjette persunalizate
Bookmark page|Marquer cette page|Indettà a pagina
Edit bookmark|Modifier le marque-page|Mudificà l’indetta
Save as PDF|Enregistrer en PDF|Arregistrà cum’è PDF
Move to non-private tab|Déplacer vers un onglet non privé|Dispiazzà versu un’unghjetta non privata
Summarize page|Résumer la page|Riassume a pagina
Report broken site|Signaler des problèmes avec ce site|Signalà prublemi cù stu situ
Add to group|Ajouter au groupe|Aghjunghje à u gruppu
Translated|Traduit|Traduttu
Print|Imprimer|Stampà
Quit %1$s|Quitter %1$s|Esce di %1$s
Make %1$s your default|Définir %1$s comme navigateur par défaut|Definisce %1$s cum’è navigatore predefinitu
Fast, private, and made for you.|Rapide, confidentiel et conçu pour vous.|Rapidu, cunfidenziale è cuncepitu per voi.
Dismiss promotion|Refuser l’offre|Ricusà a pruposta
More info|Plus d’infos|Sapene di più
No extensions here|Aucune extension disponible|Nisuna estensione dispunibule
Shake your device to summarize this page in seconds. ⚡️|Secouez votre appareil pour résumer cette page en quelques secondes. ️⚡️|Ciambuttate u vostru apparechju per riassume sta pagina in qualchì seconda. ⚡️
Translated from %1$s to %2$s|Page traduite en %2$s, l’originale est en %1$s|Tradutta da %1$s versu %2$s
Open translation sheet|Ouvrir le panneau de traduction|Apre u panellu di traduzzione
AI controls|Contrôles de l’IA|Cuntrolli di l’IA
You always have a choice in %s|Vous avez toujours le choix dans %s|Avete sempre a scelta in %s
That includes whether to use features enhanced with AI. %s|Y compris d’utiliser ou non des fonctionnalités améliorées par l’IA. %s|Què include l’impiegu - o nò - di funzioni amendate da l’intelligenza artificiale. %s
Block AI enhancements|Bloquer les améliorations ayant recours à l’IA|Bluccà l’amendamenti impieghendu l’IA
Blocking means you won’t see new or current AI enhancements in %s, or pop-ups about them.|Activer le blocage implique que vous ne verrez pas les améliorations par IA (nouvelles ou existantes) dans %s, ni les popups qui s’y rapportent.|Attivà u blucchime vole dì chì ùn viderete micca in %s l’amendamenti - novi o attuale - basati nant’à l’IA, nè i finestrini relativi.
See what is and isn’t included|Voir ce qui est inclus et ce qui ne l’est pas|Fighjate ciò chì hè inclusu è ciò chì ùn hè micca
New and current AI enhancements are blocked by default. Unblock specific features below.|Les améliorations par IA nouvelles et existantes sont bloquées par défaut. Débloquez des fonctionnalités spécifiques ci-dessous.|L’amendamenti - novi o attuale - basati nant’à l’IA sò bluccati da predefinizione. Sbluccate quì sottu e funzioni specifiche.
AI-powered features|Fonctionnalités ayant recours à l’IA|Funzioni basate nant’à l’IA
Translations|Traductions|Traduzzioni
All translations stay private on your device.|Toutes les traductions restent confidentielles sur votre appareil.|Tutte e traduzzioni stanu private nant’à u vostru apparechju.
More translations settings|Plus de paramètres de traduction|Altri parametri per e traduzzioni
More page summary settings|Plus de paramètres des résumés de pages|Altri parametri per i riassunti di pagina
Audio is converted to text by Google Speech Services.|L’audio est converti en texte par Google Speech Services.|L’audio hè cunvertitu in testu da Google Speech Services.
Block AI enhancements?|Bloquer les améliorations ayant recours à l’IA\u00a0?|Bluccà l’amendamenti impieghendu l’IA\u00a0?
You won’t see new or current AI enhancements in %1$s, or pop-ups about them. Afterwards, you can unblock anything you want to keep using. Blocking also affects extensions that use AI provided by %1$s.|Vous ne verrez pas les améliorations par IA (nouvelles ou existantes) dans %1$s, ni les popups qui s’y rapportent. Par la suite, vous pourrez débloquer toute fonctionnalité que vous souhaitez continuer à utiliser. Le blocage affecte également les extensions qui utilisent l’IA fournie par %1$s.|Ùn viderete micca in %1$s l’amendamenti - novi o attuale - basati nant’à l’IA, nè i finestrini relativi. Più tardi, puderete sbluccà tutta funzione chì vo vulete cuntinuà à impiegà. U blucchime affetta dinù l’estensioni chì impieganu l’IA pruviste da %1$s.
What will be blocked:|Ce qui sera bloqué\u00a0:|Ciò chì serà bluccatu\u00a0:
Selected language|Langue sélectionnée|Lingua selezziunata
Follow device language|Utiliser la langue de l’appareil|Impiegà a lingua di l’apparechju
Search language|Rechercher une langue|Ricercà una lingua
Fill link from clipboard|Remplir depuis le presse-papiers|Riempie da u preme’papei
Allow search suggestions in private sessions?|Autoriser les suggestions de recherche dans les sessions privées ?|Permette e suggestioni di ricerca in e sessioni private ?
%s will share everything you type in the address bar with your default search engine.|%s enverra tout ce que vous saisirez dans la barre d’adresse à votre moteur de recherche par défaut.|%s manderà tuttu ciò chì vò stampittate in a barra di ricerca à u vostru mutore di ricerca predefinitu.
Search %s|Recherche %s|Ricercà in %s
Search directly from the address bar|Recherchez directement depuis la barre d’adresse|Ricercà direttamente da a barra d’indirizzu
Search settings|Paramètres de recherche|Parametri di ricerca
This time search in:|Pour cette recherche\u00a0:|Sta volta, ricercà cù :
Search engine: %s|Moteur de recherche\u00a0: %s|Mutore di ricerca : %s
%s: search engine selector|%s\u00a0: sélecteur de moteur de recherche|%s : selettore di u mutore di ricerca
Deleted %1$s from history|%1$s supprimé de l’historique|%1$s squassatu da a cronolugia
Delete this history entry|Supprimer cette entrée de l’historique|Squassà st’elementu da a cronolugia
Stay in %1$s|Rester dans %1$s|Stà in %1$s
Help us make Firefox better|Aidez-nous à améliorer Firefox|Aiutateci à amendà Firefox
Automatically send crash reports|Envoyer automatiquement les rapports de plantage|Mandà autumaticamente i raporti d’accidente
Crash reports allow us to diagnose and fix issues with the browser. Reports may include personal or sensitive data.|Les rapports de plantage nous permettent de diagnostiquer et de corriger des problèmes avec le navigateur. Les rapports peuvent contenir des données personnelles ou sensibles.|I raporti d’accidente ci permettenu di diagnosticà è di currege i prublemi cù u navigatore. I raporti ponu cuntene dati persunali o sensibile.
%s needs to restart|%s doit redémarrer|%s deve esse rilanciatu
There was a problem opening %s. Sending a crash report helps us diagnose and fix problems with the browser. Reports may include personal or sensitive data.|Un problème est survenu lors de l’ouverture de %s. Envoyer un rapport de plantage nous aide à diagnostiquer et à corriger des problèmes avec le navigateur. Les rapports peuvent contenir des données personnelles ou sensibles.|Un prublema hè accadutu à l’apertura di %s. L’inviu d’un raportu d’accidente ci permette di diagnosticà è di currege i prublemi cù u navigatore.
Send crash report|Envoyer un rapport de plantage|Mandà u raportu d’accidente
No thanks|Non merci|Innò, vi ringraziu
Reopen %s|Rouvrir %s|Riapre %s
Send technical and interaction data to Mozilla|Envoyer des données techniques et d’interaction à Mozilla|Mandà à Mozilla dati tecnichi è d’interazzione
Data about your device, hardware configuration, and how you use Firefox helps improve features, performance, and stability for everyone.|Les données concernant votre appareil, la configuration matérielle et la façon dont vous utilisez Firefox contribuent à améliorer les fonctionnalités, les performances et la stabilité pour tout le monde.|I dati apprupositu di u vostru apparechju, a cunfigurazione materiale è cumu vo impiegate Firefox aiutanu à amendà e funzioni, e perfurmenze è a stabilità per tutti.
Done|Terminé|Compiu
Welcome to Firefox|Bienvenue dans Firefox|Benvenuta in Firefox
By continuing, you agree to the %1$s.|En continuant, vous acceptez les %1$s.|Cuntinuendu, vole si dì chì vo accettate e%1$s.
Firefox Terms of Use|Conditions d’utilisation de Firefox|cundizioni d’utilizazione di Firefox
Firefox cares about your privacy. Learn more in our %1$s.|Firefox se soucie de votre vie privée. Pour en savoir plus, consultez notre %1$s.|Firefox face casu di a vostra vita privata. Sapene di più in a nostra %1$s.
Privacy Notice|politique de confidentialité|pulitica di cunfidenzialità
To help improve the browser, Firefox sends diagnostic and interaction data to Mozilla. %1$s|Pour aider à l’amélioration du navigateur, Firefox envoie des données de diagnostic et d’interaction à Mozilla. %1$s|Per aiutà à amendà u navigatore, Firefox manda à Mozilla dati di diagnosticu è d’interazzione. %1$s
Manage|Gérer|Amministrà
Launch the ultimate Android browser|Lancez le navigateur Android ultime|Lanciate u navigatore Android ultimu
Load sites lightning fast|Chargez les sites rapidement|Caricate i siti à a vitezza di u lume
Automatic tracking protection|Protection automatique contre le pistage|Prutezzione autumatica contr’à u spiunagiu
Thousands of customizations|Des milliers de personnalisations|Millai di persunalizazioni
Privacy Notice|Politique de confidentialité|Pulitica di cunfidenzialità
Manage Settings|Gérer les paramètres|Amministrà i parametri
Where do you want your address bar?|Où souhaitez-vous placer votre barre d’adresse\u00a0?|Induve vulete piazzà a vostra barra d’indirizzu\u00a0?
Help us grow Firefox|Aidez-nous à faire connaitre Firefox|Aiutateci à fà cresce Firefox
Share how you discovered Firefox, and that you use it, with Mozilla’s marketing partners. This data is never sold.|Partagez la manière dont vous avez découvert Firefox et que vous l’utilisez, avec les partenaires marketing de Mozilla. Ces données ne sont jamais vendues.|Spartite cumu vo avete scupertu Firefox, è chì vo l’impiegate, cù i cumpagni cummerciali di Mozilla. Sti dati ùn sò mai vindute.
How we use the data|Notre utilisation des données|Cumu no impieghemu i dati
Confirm|Confirmer|Cunfirmà
Get automatic tracking protection by default|Bénéficiez d’une protection automatique contre le pistage par défaut|Predefinite una prutezzione autumatica contr’à u spiunagiu
One tap helps stop companies spying on your clicks.|Un seul geste suffit pour empêcher les entreprises d’espionner vos clics.|Basta un solu gestu per impedisce l’imprese di spiunà i vostri clicchi.
Sync everywhere you use Firefox|Synchronisez partout où vous utilisez Firefox|Sincrunizate dapertuttu induve vo impiegate Firefox
Get bookmarks, tabs, and passwords on any device. All protected with encryption.|Conservez vos marque-pages, onglets et mots de passe sur n’importe quel appareil. Le tout protégé par chiffrement.|Accidite à e vostre indette, unghjette è parolle d’entrata nant’à ogni apparechju. Tuttu essendu prutettu da cifratura.
Start syncing|Démarrer la synchronisation|Lancià a sincrunizazione
One last thing|Une dernière chose|Un’ultima cosa
Agree and start browsing|Accepter et commencer la navigation|Accettà è principià a navigazione
Continue browsing|Continuer la navigation|Cuntinuà a navigazione
Skip|Ignorer|Ignurà
Get ready to run free|Préparez-vous à naviguer en toute liberté|Appruntatevi à navigà in libertà sana
Speedy, safe, and won’t sell you out. Browsing just got better.|Rapide, sûr et digne de confiance. La navigation vient de passer à la vitesse supérieure.|Rapida, sicura è degna di cunfidenza. Ora a navigazione hè ancu più bella.
Manage settings|Gérer les paramètres|Amministrà i parametri
Say goodbye to creepy trackers|Dites adieu aux traqueurs intrusifs|Dite addiu à i perseguitatori intrusivi
Open all your links with built-in privacy|Accédez à tous vos liens tout en protégeant votre vie privée|Aprite tutti i vostri liami prutigendu a vostra vita privata
We protect your data and automatically block companies from spying on your clicks.|Nous protégeons vos données et empêchons automatiquement les entreprises d’espionner vos clics.|Prutigemu i vostri dati è impedimu autumaticamente l’imprese di spiunà i vostri clicchi.
Set as default browser|Définir comme navigateur par défaut|Sceglie cum’è navigatore predefinitu
Choose your address bar|Choisissez votre barre d’adresse|Sciglite a vostra barra d’indirizzu
Top|En haut|Insù
Bottom|En bas|Inghjò
Pick your theme|Choisissez un thème|Sciglite un tema
Automatic|Automatique|Autumaticu
Instantly pick up where you left off|Reprenez instantanément là où vous en étiez|Riprincipiate subitu induve vi site piantatu
Grab bookmarks, passwords, and more on any device in a snap. Your personal data stays safe and secure with encryption.|Accédez à vos marque-pages, mots de passe et plus encore sur n’importe quel appareil en un clin d’œil. Vos données personnelles sont protégées grâce au chiffrement.|Accidite in quattru è trè sette à e vostre indette, parolle d’intesa, è ancu di più, nant’à qualsiasi apparechju. I vostri dati persunali sò sicurizati grazia à a cifratura.
Help us build a better internet|Aidez-nous à améliorer Internet|Aiutateci à custruisce un Internet più bellu
Share how you discovered Firefox, and that you use it, with Mozilla’s marketing partners. This data is never sold. %1$s|Partagez la manière dont vous avez découvert Firefox et que vous l’utilisez, avec les partenaires marketing de Mozilla. Ces données ne sont jamais vendues. %1$s|Spartite cumu vo avete scupertu Firefox, è perchè vo l’impiegate, cù i cumpagni cummerciali di Mozilla. Sti dati ùn sò mai vindute. %1$s
You can help us reach more people by allowing Mozilla to inform the channels where we promote Firefox that you’re a Firefox user.|Vous pouvez nous aider à toucher un plus large public en autorisant Mozilla à signaler aux canaux où nous faisons la promotion de Firefox que vous utilisez Firefox.|Pudete aiutacci à tuccà più persone - quandu no femu a publicità di Firefox - permittendu à Mozilla di dì chì vo site un utilizatore Firefox.
You can help us reach more people by allowing Mozilla to inform the platform you came from that you use Firefox.|Vous pouvez nous aider à toucher un plus large public en autorisant Mozilla à signaler à la plateforme d’où vous venez que vous utilisez Firefox.|Pudete aiutacci à tuccà più persone permittendu à Mozilla di dì à a piattaforma d’induve vo venite chì vo impiegate Firefox.
Help us reach more people by allowing Mozilla to inform the platform you came from that you use Firefox.|Aidez-nous à toucher un plus large public en permettant à Mozilla d’informer la plateforme d’où vous venez que vous utilisez Firefox.|Aiutateci à tuccà più persone permittendu à Mozilla di dì à a piattaforma d’induve vo venite chì vo impiegate Firefox.
Help us reach more people by allowing Mozilla to inform the platform you came from that you use Firefox. %1$s|Aidez-nous à toucher un plus large public en permettant à Mozilla d’informer la plateforme d’où vous venez que vous utilisez Firefox. %1$s|Aiutateci à tuccà d’altre persone permittendu à Mozilla di fà sapè à a piattaforma d’induve vo venite chì vo impiegate Firefox. %1$s
You can help us reach more people by allowing Mozilla to inform the platform you came from that you use Firefox. %1$s|Vous pouvez nous aider à toucher un plus large public en autorisant Mozilla à signaler à la plateforme d’où vous venez que vous utilisez Firefox. %1$s|Pudete aiutacci à tuccà un publicu più maiò permittendu à Mozilla di dì à a piattaforma d’induve vo venite chì vo impiegate Firefox. %1$s
Firefox is proudly independent and dedicated to defending the open web against tech monopolies.|Firefox revendique fièrement son indépendance et s’engage à protéger le Web ouvert face aux monopoles de la tech.|Firefox hè assai fieru di a so indipendenza è di u so impegnu à difende u Web apertu contr’à i monopolii tecnulogichi.
Please consider allowing to help Firefox win.|Nous vous demandons votre autorisation pour contribuer à la victoire de Firefox.|Vi dumandemu a vostra autorizazione per cuntribuà à a vittoria di Firefox.
Learn More|En savoir plus|Sapene di più
Help Firefox|Aider Firefox|Aiuta Firefox
No Thanks|Non merci|Innò, vi ringraziu
Notifications help you stay safer with Firefox|Les notifications vous aident à rester en sécurité avec Firefox|E nutificazioni vi aiutanu à stà in sicurità cù Firefox
Discover the latest privacy features in Firefox so you’re always up to date on how to stay protected.|Découvrez les dernières fonctionnalités de protection de la vie privée de Firefox pour savoir comment vous protéger.|Scuprite l’ultime funzioni di cunfidenzialità in Firefox per sapè cumu stà prutetti.
Turn on notifications|Activer les notifications|Attivà e nutificazioni
Make every search more private|Rendez chaque recherche plus privée|Rindite ogni ricerca ancu più privata
Start every search from your phone’s home screen and know Firefox’s automatic protections have your back.|Lancez chaque recherche depuis l’écran d’accueil de votre téléphone et bénéficiez des protections automatiques de Firefox.|Principiate ogni ricerca da u screnu d’accolta di u vostru telefonu è siate assicurati chì e prutezzioni autumatiche di Firefox vi prutegenu.
Add Firefox widget|Ajouter le widget Firefox|Aghjunghje u widget di Firefox
Easy to customize and more private with every tap|Simple à personnaliser et toujours plus privé à chaque interaction|Faciule à persunalizà è sempre più privatu à ogni picchicciata
Start customizing|Commencer la personnalisation|Principià a persunalizazione
Pick a custom app icon|Choisissez une icône d’application personnalisée|Sceglie un’icona persunalizata per l’appiecazione
Give your home screen a personal touch.|Personnalisez votre écran d’accueil.|Date un toccu persunale à u vostru screnu d’accolta.
Start a quick search|Lancer une recherche rapide|Lancià una ricerca pronta
General|Général|Generale
About|À propos|Apprupositu
Normal browsing default search engine|Moteur de recherche par défaut pour la navigation classique|Mutore di ricerca predefinitu per a navigazione nurmale
Private browsing default search engine|Moteur de recherche par défaut pour la navigation privée|Mutore di ricerca predefinitu per a navigazione privata
Use the same search engine as normal browsing|Utiliser le même moteur de recherche que pour la navigation classique|Impiegà u listessu mutore di ricerca chè quellu di a navigazione nurmale
Manage alternative search engines|Gérer les autres moteurs de recherche|Ghjestione di l’altri mutori di ricerca
Edit engines visible in the search menu|Modifier les moteurs visibles dans le menu de recherche|Mudificà i mutori chì sò videvule in u listinu di ricerca
Engines visible on the search menu|Moteurs visibles dans le menu de recherche|Mutori videvule in u listinu di ricerca
Default search engine|Moteur de recherche par défaut|Mutore di ricerca predefinitu
Search|Recherche|Ricerca
Search engines|Moteurs de recherche|Mutori di ricerca
Home screen widget|Widget sur l’écran d’accueil|Widget nant’à u screnu d’accolta
Suggestions from search engines|Suggestions des moteurs de recherche|Suggestioni di i mutori di ricerca
Address bar preferences|Préférences pour la barre d’adresse|Preferenze per a barra d’indirizzu
Address bar - Firefox Suggest|Barre d’adresse - Firefox suggère|Barra d’indirizzu - Firefox suggerisce
Learn more about Firefox Suggest|En savoir plus sur Firefox suggère|Sapene di più nant’à Firefox suggerisce
Rate on Google Play|Attribuer une note sur Google Play|Appone una nota nant’à Google Play
About %1$s|À propos de %1$s|Apprupositu di %1$s
Advanced|Avancés|Espertu
Privacy and security|Vie privée et sécurité|Vita privata è sicurità
Site settings|Paramètres des sites|Parametri di i siti
Open links in a private tab|Ouvrir les liens dans un onglet privé|Apre i liami in un’unghjetta privata
Allow screenshots in private browsing|Autoriser les captures d’écran pendant la navigation privée|Permette e catture di screnu durante a navigazione privata
If allowed, private tabs will also be visible when multiple apps are open|Si autorisé, les onglets privés seront également visibles lorsque plusieurs applications sont ouvertes|S’ella hè permessa, l’unghjette private seranu ancu videvule quandu parechje appiecazioni sò aperte
Add private browsing shortcut|Ajouter un raccourci pour la navigation privée|Aghjunghje un accurtatoghju per a navigazione privata
HTTPS-Only Mode|Mode HTTPS uniquement|Modu solu HTTPS
Use screen lock to hide tabs in private browsing|Utiliser le verrouillage de l’écran pour masquer les onglets en navigation privée|Impiegà l’ammarchjunata di u screnu per piattà l’unghjette in navigazione privata
View tabs with your fingerprint, PIN, or face unlock. Turning this on also prevents screen capture and sharing.|Accédez à vos onglets grâce à votre empreinte digitale, votre code PIN ou la reconnaissance faciale. L’activation de cette fonctionnalité bloque également la capture et le partage d’écran.|Affissà l’unghjette cù a vostra impronta digitale, un codice PIN o a ricunnuscenza faciale. L’attivazione di sta funzione impedisce dinù a cattura è a spartera di screnu.
Automatically attempts to connect to sites using HTTPS encryption protocol for increased security.|Essayer de se connecter automatiquement aux sites en utilisant le protocole de chiffrement HTTPS pour une sécurité accrue.|Tentativu autumaticu di cunnessione à i siti impieghendu u protocollu di cifratura HTTPS per aumentà a sicurità.
Off|Désactivé|Disattivata
On in all tabs|Activé dans tous les onglets|Attivatu in tutte l’unghjette
On in private tabs|Activé dans les onglets privés|Attivatu in l’unghjette private
Enable in all tabs|Activer dans tous les onglets|Attivà in tutte l’unghjette
Enable only in private tabs|Activer uniquement dans les onglets privés|Attivà solu in l’unghjette private
Secure site not available|Site sécurisé non disponible|U situ sicurizatu ùn hè micca dispunibule
Most likely, the website simply does not support HTTPS.|Très probablement, le site web ne prend tout simplement pas en charge HTTPS.|Pare guasi sicuru chì u situ web ùn permetti micca u modu HTTPS.
However, it’s also possible that an attacker is involved. If you continue to the website, you should not enter any sensitive info. If you continue, HTTPS-Only mode will be turned off temporarily for the site.|Il est cependant aussi possible qu’il s’agisse d’une attaque. Si vous poursuiviez vers ce site web, vous ne devriez saisir aucune donnée sensible. Si vous continuez, le mode HTTPS uniquement sera désactivé temporairement pour ce site.|Sarrimanenti, si pò dinù ch’ellu s’agisce d’un attaccu. S’è vò cuntinuate versu stu situ web, ùn duveria micca stampittà alcunu datu sensibile. S’è vò cuntinuate, u modu solu HTTPS serà timpurariamente disattivatu per stu situ.
Accessibility|Accessibilité|Accessibilità
Custom Mozilla account server|Serveur de compte Mozilla personnalisé|Servitore persunalizatu di contu Mozilla
Custom Sync server|Serveur de synchronisation personnalisé|Servitore persunalizatu di sincrunizazione
Account|Compte|Contu
Address bar location|Emplacement de la barre d’adresse|Pusizione di a barra d’indirizzu
Toolbar layout|Disposition de la barre d’outils|Dispusizione di a barra d’attrezzi
Theme|Thème|Tema
App icon|Icône de l’application|Icona di l’appiecazione
Tab bar display|Affichage de la barre d’onglets|Affissera di a barra d’unghjette
Toolbar shortcut|Raccourci de la barre d’outils|Accurtatoghju nant’à a barra d’attrezzi
Select a shortcut|Sélectionner un raccourci|Selezziunà un accurtatoghju
Edit shortcut|Modifier le raccourci|Mudificà l’accurtatoghju
Customize|Personnaliser|Persunalizà
Sync tabs, bookmarks, passwords, and more.|Synchronisez vos onglets, marque-pages, mots de passe et bien plus.|Sincrunizate unghjette, indette, parolle d’intesa è ancu di più.
Mozilla account|Compte Mozilla|Contu Mozilla
Reconnect to resume syncing|Reconnectez-vous pour reprendre la synchronisation|Ricunnittitevi per cuntinuà a sincrunizazione
Language|Langues|Lingua
Data collection|Collecte de données|Culletta di dati
Remote debugging via USB|Débogage distant par USB|Spannatura alluntanata via USB
Show search suggestions|Afficher les suggestions de recherche|Affissà e suggestioni di ricerca
Show voice search|Afficher la recherche vocale|Affissà a ricerca vucale
Show in private sessions|Afficher au cours des sessions de navigation privée|Affissà durante e sessioni di navigazione privata
Show trending suggestions|Afficher les suggestions populaires|Affissà e suggestioni pupulare
Show recent searches|Afficher les recherches récentes|Affissà e ricerche recente
Show clipboard suggestions|Afficher les suggestions du presse-papiers|Affissà e suggestioni di u preme’papei
Search browsing history|Rechercher dans l’historique de navigation|Ricercà in a cronolugia di navigazione
Search synced tabs|Rechercher dans les onglets synchronisés|Ricercà in l’unghjette sincrunizate
Account settings|Paramètres du compte|Parametri di u contu
Autocomplete URLs|Compléter automatiquement les URL|Compie autumaticamente l’indirizzi
Suggestions from sponsors|Suggestions de sponsors|Suggestioni da i spunsurizatori
Support %1$s with occasional sponsored suggestions|Soutenir %1$s en affichant de temps en temps des suggestions sponsorisées|Sustene %1$s cù suggestioni occasiunale spunsurizate
Suggestions from %1$s|Suggestions de %1$s|Suggestioni da %1$s
Get suggestions from the web related to your search|Obtenir des suggestions du Web en rapport avec votre recherche|Ottene suggestioni da u web relative à a vostra ricerca
Retrieve suggestions from Mozilla as you type|Obtenir des suggestions de Mozilla pendant la saisie|Riacquistà suggestioni da Mozilla durante a stampittera
Link sharing|Partage de lien|Spartera di liame
Include %1$s download link on WhatsApp shares|Inclure un lien de téléchargement de %1$s dans les partages sur WhatsApp|Include un liame di scaricamentu di %1$s in e spartere nant’à WhatsApp
Invite your friends to try faster, safer browsing with %1$s every time you share a link on WhatsApp.|Invitez vos amis à naviguer plus rapidement et de façon plus sûre avec %1$s chaque fois que vous partagez un lien sur WhatsApp.|Invitate i vostri amichi à pruvà una navigazione più rapida è più sicura cù %1$s ogni volta chì vo spartite un liame nant’à WhatsApp.
Link shared|Lien partagé|Liame spartutu
Open links in apps|Ouvrir les liens dans des applications|Apre i liami in l’appiecazioni
Ask before opening|Demander avant d’ouvrir|Dumandà prima d’apre
File storage|Stockage de fichiers|Allucamentu di schedariu
Default download location|Emplacement de téléchargement par défaut|Locu predefinitu di scaricamentu
You don’t have permission to use this folder. Try choosing a different one.|Vous n’avez pas la permission d’utiliser ce dossier. Essayez d’en choisir un autre.|Ùn avete micca u permessu d’impiegà stu cartulare. Pruvate di scegliene un altru.
Manage downloads with another app|Gérer les téléchargements avec une autre application|Urganizà i scaricamenti cù un’altra appiecazione
Unable to open the folder picker on this device.|Impossible d’ouvrir le sélecteur de dossier sur cet appareil.|Impussibule d’apre u selettore di cartulare nant’à st’apparechju.
Delete or remove downloads|Supprimer ou retirer des téléchargements|Squassà o caccià scaricamenti
Delete from device|Supprimer de l’appareil|Squassà da l’apparechju
File is deleted from your device and removed from download history|Le fichier est supprimé de votre appareil et retiré de l’historique des téléchargements|U schedariu hè squassatu da u vostru apparechju è cacciatu da a cronolugia di i scaricamenti
Remove from download history|Supprimer de l’historique des téléchargements|Caccià da a cronolugia di i scaricamenti
File is removed from your download history, but is still saved on your device|Le fichier est supprimé de votre historique de téléchargement, mais il est toujours enregistré sur votre appareil|U schedariu hè \u0020cacciatu da a vostra cronolugia di i scaricamenti ma stà sempre arregistratu nant’à u vostru apparechju
Ask when I delete files|Demander lors de la suppression de fichiers|Dumandà quandu squassu i schedarii
Download Settings|Paramètres de téléchargement|Parametri di scaricamentu
Enable Gecko logs|Activer les journaux de Gecko|Attivà i ghjurnali di Gecko
Quitting the application to apply changes…|Fermeture de l’application pour appliquer les modifications…|Chjusura di l’appiecazione per piglià i cambiamenti in contu…
Install extension from file|Installer une extension depuis un fichier|Installà un’estensione da un schedariu
Notifications|Notifications|Nutificazioni
Allowed|Autorisées|Permesse
Not allowed|Non autorisées|Micca permesse
Local Network Access / Nearby Devices|Accès au réseau local / Appareils à proximité|Accessu à a reta lucale / Apparechji à prussimità
Allowed|Autorisé|Permessu
Not allowed|Non autorisé|Micca permessu
Allow for all sites|Autoriser pour tous les sites|Permette per tutti i siti
If you trust this extension, you can give it permission on every website.|Si vous faites confiance à cette extension, vous pouvez lui accorder une permission pour n’importe quel site web.|S’è vo fate cunfidenza à st’estensione, pudete cuncede u permessu nant’à tutti i siti web.
This extension doesn’t require any permissions.|Cette extension ne nécessite aucune autorisation.|St’estensione ùn richiede alcunu permessu.
Optional permissions:|Autorisations facultatives\u00a0:|Permessi ozzionale\u00a0:
Optional data collection:|Collecte de données facultative\u00a0:|Culletta di dati ozzionale\u00a0:
Custom extension collection|Collection d’extensions personnalisée|Cullezzione persunalizata d’estensioni
Collection name|Nom de la collection|Nome di a cullezzione
Collection owner (User ID)|Propriétaire de la collection (identifiant utilisateur)|Prupietariu di a cullezzione (Id. d’utilizatore)
Extension collection modified. Quitting the application to apply changes…|Collection d’extensions modifiée. Fermeture de l’application pour appliquer les modifications…|Cullezzione d’estensioni mudificata. Chjusura di l’appiecazione per piglià i cambiamenti in contu…
Privacy report|Rapport de confidentialité|Raportu di cunfidenzialità
Stories|Articles|Articuli
Sponsored stories|Articles sponsorisés|Articuli spunsurizati
Wallpapers|Fonds d’écran|Sfonduli di screnu
Customize homepage|Personnaliser la page d’accueil|Persunalizà a pagina d’accolta
Sponsored shortcuts|Raccourcis sponsorisés|Accurtatoghji spunsurizati
Wallpaper Item: %1$s|Fond d’écran\u00a0: %1$s|Elementu di sfondulu di screnu : %1$s
Couldn’t download wallpaper|Impossible de télécharger le fond d’écran|Impussibule di scaricà u sfondulu di screnu
Couldn’t change wallpaper|Impossible de changer le fond d’écran|Impussibule di cambià u sfondulu di screnu
Classic %s|%s classique|%s classicu
Artist series|Série d’artiste|Seguite d’artista
The Independent Voices collection. %s|La collection «\u00a0Voix indépendantes\u00a0». %s|A cullezzione Voci indipendente. %s
The Independent Voices collection.|La collection «\u00a0Voix indépendantes\u00a0».|A cullezzione Voci indipendente.
Try a splash of color|Essayez une touche de couleur|Pruvate un tastu di culore
Choose a wallpaper that speaks to you.|Choisissez un fond d’écran qui vous parle.|Sciglite un sfondulu di screnu chì vi piace.
Explore more wallpapers|Explorez plus de fonds d’écran|Scuprite d’altri sfonduli di screnu
Default|Par défaut|Predefinitu
Red|Rouge|Rossu
Green|Vert|Verde
Blue|Bleu|Turchinu
Purple|Violet|Purpura
Dark Purple|Violet foncé|Purpura scura
Sunrise|Levé de soleil|Spuntà di u sole
Golden Hour|Heure dorée|Ora innurata
Sunset|Coucher de soleil|Trapughjata di u sole
Blue Hour|Heure bleue|Ora turchina
Twilight|Crépuscule|Attrachju
Midnight|Minuit|Mezanotte
Northern Lights|Aurores boréales|Albore boreale
Pixelated|Pixélisé|Pizzelizatu
Pride|Fiertés|Fierezze
Created by @heyheymomodraws|Créé par @heyheymomodraws|Creatu da @heyheymomodraws
Cuddling|Câlins|Abbracci
Flaming|En flammes|Ardente
Cool|Sympa|Simpaticu
Solid colors|Couleurs unies|Culori uniti
Gradients|Fond en dégradé|Sgradati
Featured|En vedette|Cunsigliate
Change app icon?|Changer l’icône de l’application\u00a0?|Cambià l’icona di l’appiecazione\u00a0?
The app may close. Just tap your shiny new icon to reopen %1$s.|Il se peut que l’application se ferme. Il vous suffit alors d’appuyer sur votre toute nouvelle icône pour relancer %1$s.|L’appiecazione puderia chjodesi. Picchichjate puru nant’à a vostra icona nova nova per riapre %1$s.
Changing the icon will remove any sites and shortcuts you’ve saved to your Home screen. %1$s may close. Tap your new icon to reopen.|Modifier l’icône supprimera tous les sites et raccourcis que vous avez enregistrés sur votre écran d’accueil. %1$s risque de se fermer. Appuyez sur la nouvelle icône pour le rouvrir.|A mudificazione di l’icona caccierà tutti i siti è l’accurtatoghji chì sò arregistrati nant’à u vostru screnu d’accolta. %1$s puderia chjodesi. Picchichjate nant’à a vostra icona nova per riapre.
Change icon|Changer l’icône|Cambià l’icona
Failed to update the app icon. Remove existing shortcuts and try again.|Échec de la mise à jour de l’icône de l’application. Supprimez les raccourcis existants puis réessayez.|Fiascu per mudificà l’icona di l’appiecazione. Cacciate l’accurtatoghji chì esistenu è pruvate torna.
New extensions now available|Nouvelles extensions disponibles|Nove estensioni dispunibule
Check out 100+ new extensions that let you make Firefox your own.|Découvrez plus de 100 nouvelles extensions qui vous permettent de personnaliser Firefox.|Scuprite più di 100 estensioni nove chì vi permettenu di persunalizà Firefox.
Explore extensions|Parcourir les extensions|Esplurà l’estensioni
One or more extensions stopped working, making your system unstable. %1$s unsuccessfully tried to restart the extension(s). Extensions won’t be restarted during your current session. Removing or disabling extensions may fix this issue.|Une extension, ou plusieurs, a cessé de fonctionner entraînant l’instabilité de votre système. %1$s a tenté de la (ou les) redémarrer sans succès. Ces extensions ne seront pas redémarrées pendant la session actuelle. Supprimer ou désactiver les extensions peut résoudre le problème.|Certe estensioni anu fermatu di funziunà, rindendu u vostru sistema instabile. %1$s hà pruvatu, senza successu, di rilancialle. St’estensioni ùn seranu micca rilanciate durante a sessione attuale. Caccialle o disattivalle puderia currege stu prublema.
Try restarting extensions|Essayer de redémarrer les extensions|Pruvà di rilancià l’estensioni
Continue with extensions disabled|Continuer avec les extensions désactivées|Cuntinuà cù l’estensioni disattivate
Retry|Réessayer|Pruvà torna
Manage account|Gérer le compte|Ghjestione di u contu
Change your password, manage data collection, or delete your account|Changer votre mot de passe, gérer la collecte de données ou supprimer votre compte|Cambià a vostra parolla d’intesa, amministrà a culletta di dati o squassà u vostru contu
Sync now|Synchroniser maintenant|Sincrunizà avà
Choose what to sync|Choisir les informations à synchroniser|Sceglie l’infurmazioni à sincrunizà
History|Historique|Cronolugia
Open tabs|Onglets ouverts|Apre l’unghjette
Sign out|Déconnexion|Scunnettesi
Device name|Nom de l’appareil|Nome di l’apparechju
Device name cannot be empty.|Le nom de l’appareil ne peut pas être vide.|U nome di l’apparechju ùn pò micca esse viotu.
Syncing…|Synchronisation…|Sincrunizazione…
Sync failed. Last success: %s|La synchronisation a échoué. Dernier succès\u00a0: %s|Fiascu di a sincrunizazione. Ultima riesciuta : %s
Sync failed. Last synced: never|La synchronisation a échoué. Dernier succès\u00a0: jamais|Fiascu di a sincrunizazione. Ultima riesciuta : mai
Last synced: %s|Dernière synchronisation\u00a0: %s|Ultima sincrunizazione : %s
Last synced: never|Dernière synchronisation\u00a0: jamais|Ultima sincrunizazione : mai
%1$s on %2$s %3$s|%1$s sur %2$s %3$s|%1$s nant’à %2$s %3$s
Payment methods|Moyens de paiement|Metode di pagamentu
Addresses|Adresses|Indirizzi
Received tabs|Onglets reçus|Unghjette ricevute
Notifications for tabs received from other Firefox devices.|Notifications d’onglets reçus depuis Firefox sur d’autres appareils.|Nutificazioni d’unghjette ricevute da d’altri apparechji Firefox.
Tab Received|Onglet reçu|Unghjetta ricevuta
Tab from %s|Onglet provenant de %s|Unghjetta pruvinendu da %s
%1$s tabs closed: %2$d|%2$d onglets fermés sur %1$s|%2$d unghjette chjose nant’à %1$s
View recently closed tabs|Afficher les onglets récemment fermés|Affissà l’unghjette chjose pocu fà
Exceptions|Exceptions|Eccezzioni
Turn on for all sites|Activer pour tous les sites|Attivà per tutti i siti
Exceptions let you disable tracking protection for selected sites.|Les exceptions vous permettent de désactiver la protection contre le pistage pour certains sites.|L’eccezzioni vi permettenu di disattivà a prutezzione contr’à u spiunagiu per certi siti.
Send technical and interaction data|Envoyer des données techniques et d’interaction|Mandà i dati tecnichi è d’interazzione
Learn more about technical data|En savoir plus à propos des données techniques|Sapene di più nant’à i dati tecnichi
Data about your device, hardware configuration, and usage helps us improve Firefox features, performance, and stability.|Les données sur votre appareil, votre configuration matérielle et vos usages contribuent à améliorer les fonctionnalités, les performances et la stabilité de Firefox.|I dati apprupositu di u vostru apparechju, a cunfigurazione materiale è u vostru adopru ci aiutanu à amendà e funzioni, e perfurmenze è a stabilità di Firefox.
Daily usage ping|Ping d’utilisation quotidienne|Ping d’aghjovu oghjincu
This helps Mozilla to estimate active users.|Ce paramètre aide Mozilla à évaluer le nombre d’utilisateurs actifs.|Què aiuta à Mozilla à prezzà u numeru d’utilizatori attivi.
Learn more about daily usage ping|En savoir plus sur le ping d’utilisation quotidienne|Sapene di più nant’à u Ping d’aghjovu oghjincu
Report sent|Rapport envoyé|Raportu mandatu
Learn more about crash reports|En savoir plus sur les rapports de plantage|Sapene di più nant’à i raporti d’accidente
Usage data|Données d’utilisation|Dati d’adopru
Studies|Études|Studii
Technical Data|Données techniques|Dati tecnichi
Campaign measurement|Mesure des campagnes|Misura di e campagne
Campaign measurement data|Données de mesure des campagnes|Dati di misura di e campagne
Share how you discovered Firefox and that you use it with Mozilla’s marketing technology partners.|Racontez votre découverte de Firefox et expliquez que vous l’utilisez avec les partenaires en technologies marketing de Mozilla.|Spartite cumu vo avete scupertu Firefox, è chì vo l’impiegate, cù i cumpagni cummerciali di Mozilla.
Learn more about marketing data|En savoir plus sur les données marketing|Sapene di più nant’à i dati cummerciali
Allows Mozilla to install and run studies|Autoriser Mozilla à installer et exécuter des études|Permette à Mozilla d’installà è di lancià studii
Sign in to reconnect|S’identifier pour se reconnecter|Autenticassi per ricunnettesi
Remove account|Supprimer le compte|Caccià u contu
Scan the QR code shown at <b>firefox.com/pair</b>|Scannez le code QR affiché sur <b>firefox.com/pair</b>|Analizate u codice QR affissatu nant’à <b>firefox.com/pair</b>
Simple|Simple|Simplice
Expanded|Développée|Allargatu
Address bar must be on top when tab bar is shown.|La barre d’adresse doit être en haut lorsque la barre d’onglets est affichée.|A barra d’indirizzu deve esse piazzata insù quandu a barra d’unghjette hè affissata.
Open a new tab|Ouvrir un nouvel onglet|Apre un’unghjetta nova
Add bookmark|Ajouter un marque-page|Aghjunghje un’indetta
Translate|Traduire|Traduce
Back|Retour|Ritornu
None|Aucun|Nisunu
Select App Icon|Sélectionner l’icône de l’application|Selezziunà l’icona di l’appiecazione
Darkest|Noir absolu|Neru neru
Set by Battery Saver|Défini par l’économie d’énergie de la batterie|Definitu da l’ecunumizatore d’energia di batteria
Follow device theme|Suivre le thème de l’appareil|Seguità u tema di l’apparechju
Show tab bar|Afficher la barre d’onglets|Affissà a barra d’unghjette
Tab bar location|Emplacement de la barre d’onglets|Pusizione di a barra d’unghjette
Pull to refresh|Tirer pour actualiser|Tirà per attualizà
Scroll to hide toolbar|Masquer la barre d’outils au défilement|Sfilà per piattà a barra d’attrezzi
Swipe toolbar vertically to see open tabs|Faites glisser la barre d’outils verticalement pour afficher les onglets ouverts|Fà sfilà a barra d’attrezzi verticalmente per affissà l’unghjette aperte
Swipe address bar sideways to switch tabs|Changer d’onglet en faisant glisser la barre d’adresse latéralement|Fà sguillà a barra d’indirizzu lateralmente per cambià d’unghjetta
Desktop Bookmarks|Marque-pages ordinateur|Indette di l’urdinatore
Bookmarks Menu|Menu des marque-pages|Listinu di l’indette
Bookmarks Toolbar|Barre personnelle|Barra d’attrezzi di l’indette
Other Bookmarks|Autres marque-pages|Altre indette
Open %d tabs?|Ouvrir %d onglets ?|Apre %d unghjette ?
Opening this many tabs may slow down %s while the pages are loading. Are you sure you want to continue?|Ouvrir autant d’onglets pourrait ralentir %s lors du chargement des pages. Voulez-vous vraiment continuer ?|L’apertura di tante unghjette pò rallentà %s durante u caricamentu di e pagine. Vulete veramente cuntinuà ?
Open tabs|Ouvrir les onglets|Apre l’unghjette
%d page|%d page|%d pagina
%d pages|%d pages|%d pagine
Recently closed tabs|Onglets récemment fermés|Unghjette chjose pocu fà
Show full history|Afficher l’historique complet|Affissà a cronolugia sana
%d tabs|%d onglets|%d unghjette
%d tab|%d onglet|%d unghjetta
No recently closed tabs here|Aucun onglet récemment fermé ici|Alcuna unghjetta chjosa pocu fà
Tab view|Affichage des onglets|Vista di l’unghjette
List|Liste|Lista
Grid|Grille|Quadrittere
Close tabs|Fermer les onglets|Chjode l’unghjette
After one day|Après un jour|Dopu un ghjornu
After one week|Après une semaine|Dopu una settimana
After one month|Après un mois|Dopu un mese
Auto-close open tabs|Fermeture automatique des onglets ouverts|Chjusura autumatica di l’unghjette aperte
Playing media|Contenu multimédia en cours de lecture|Cuntenutu multimedià in corsu di lettura
Opening screen|Écran à l’ouverture|Screnu d’apertura
Last tab|Dernier onglet|Ultima unghjetta
Homepage after four hours of inactivity|Page d’accueil après quatre heures d’inactivité|Pagina d’accolta dopu quattru ore d’inattività
Close manually|Fermeture manuelle|Chjusura manuale
Close after one day|Fermeture après un jour|Chjusura dopu un ghjornu
Close after one week|Fermeture après une semaine|Chjusura dopu una settimana
Close after one month|Fermeture après un mois|Chjusura dopu un mese
Open on homepage|Ouvrir la page d’accueil|Apre a pagina d’accolta
Open on last tab|Ouvrir le dernier onglet|Apre l’ultima unghjetta
Open on homepage after four hours|Ouvrir la page d’accueil après quatre heures|Apre a pagina d’accolta dopu quattru ore
Move old tabs to inactive|Déplacer les onglets inactifs|Dispiazzà e vechje unghjette in a sezzione inattiva
Tabs you haven’t viewed for two weeks get moved to the inactive section.|Les onglets que vous n’avez pas consultés depuis deux semaines sont déplacés vers la section «\u00a0Onglets inactifs\u00a0».|L’unghjette chì vo ùn avete micca viste dapoi duie settimane sò dispiazzate in a sezzione inattiva.
Enable Tab Groups|Activer les groupes d’onglets|Attivà i gruppi d’unghjette
Enable privacy report|Activer le rapport de confidentialité|Attivà u raportu di cunfidenzialità
Active|Activées|Attivi
Firefox randomly selects users to test features, which improves quality for everyone.|Firefox sélectionne au hasard des utilisateurs et utilisatrices pour tester des fonctionnalités, ce qui améliore la qualité pour tout le monde.|Firefox selezziuneghja à l’azardu certi utilizatori per pruvà e funzioni, ciò chì aumenteghja a qualità per tutte è tutti.
Allow feature studies|Autoriser les études sur des fonctionnalités|Permette e studii nant’à e funzioni
Allow remote improvements|Permettre les améliorations à distance|Permette l’amendamenti à distanza
Firefox will improve features, performance, and stability between updates. Changes applied remotely.|Firefox améliorera les fonctionnalités, les performances et la stabilité entre les mises à jour. Modifications appliquées à distance.|Firefox amenderà e funzioni, e perfurmenze è a stabilità trà e messe à livellu. I cambiamenti sò appiecati à distanza.
Remote improvements|Améliorations à distance|Amendamenti à distanza
Normal Tabs Open: %1$s. Tap to switch tabs.|Onglets classiques ouverts\u00a0: %1$s. Appuyez pour changer d’onglet.|Unghjette nurmale aperte : %1$s. Picchichjà per cambià d’unghjetta.
Private Tabs Open: %1$s. Tap to switch tabs.|%1$s onglets privés ouverts. Appuyez pour changer d’onglet.|Unghjette private aperte : %1$s. Picchichjà per cambià d’unghjetta.
Synced Tabs Open: %1$s. Tap to switch tabs.|%1$s onglets synchronisés ouverts. Appuyez pour changer d’onglet.|Unghjette sincrunizate aperte : %1$s. Picchichjà per cambià d’unghjetta.
Add tab|Ajouter un onglet|Aghjunghje un’unghjetta
Add private tab|Ouvrir un nouvel onglet privé|Apre una nova unghjetta privata
Create tab group|Créer un groupe d’onglets|Creà un gruppu d’unghjette
Search your tabs|Rechercher parmi vos onglets|Ricercà trà e vostre unghjette
Select all|Tout sélectionner|Tuttu selezziunà
Tab settings|Paramètres des onglets|Parametri di l’unghjette
Close all tabs|Fermer tous les onglets|Chjode tutte l’unghjette
Close all tabs?|Fermer tous les onglets\u00a0?|Chjode tutte l’unghjette\u00a0?
This will close all open tabs.|Cette action fermera tous les onglets ouverts.|St’azzione hà da chjode tutte l’unghjette aperte.
Bookmark selected tabs|Marquer les onglets sélectionnés|Aghjunghje l’unghjette selezziunate à l’indette
Close selected tabs|Fermer les onglets sélectionnés|Chjode l’unghjette selezziunate
Add to collection|Ajouter à la collection|Aghjunghje à a cullezzione
Selected tabs menu|Menu des onglets sélectionnés|Listinu di l’unghjette selezziunate
Remove tab from collection|Supprimer l’onglet de la collection|Caccià l’unghjetta da a cullezzione
No matches found.|Aucune correspondance trouvée.|Ùn si trova alcuna currispundenza.
Try another search!|Essayez une autre recherche\u00a0!|Pruvate cù un’altra ricerca.
Close tab %s|Fermer l’onglet %s|Chjode l’unghjetta %s
Open tabs menu|Ouvrir le menu des onglets|Apre u listinu di l’unghjette
Return to tab manager|Revenir au gestionnaire d’onglets|Rivene à u ghjestiunariu d’unghjette
Save tabs to collection|Enregistrer les onglets dans une collection|Arregistrà l’unghjette in una cullezzione
Delete collection|Supprimer la collection|Squassà a cullezzione
Rename collection|Renommer la collection|Rinuminà a cullezzione
Delete from history|Supprimer de l’historique|Squassà da a cronolugia
%1$s (Private Mode)|%1$s (navigation privée)|%1$s (navigazione privata)
Open tab search|Ouvrir la recherche d’onglet|Apre a ricerca d’unghjetta
Create a tab group|Créez un groupe d’onglets|Creà un gruppu d’unghjette
Drag one tab onto another to group them.|Faites glisser un onglet sur un autre pour créer un groupe.|Fate trascinà un’unghjetta sopra un’altra per gruppalle.
Select multiple tabs to create a group.|Sélectionnez plusieurs onglets pour créer un groupe.|Selezziunate parechje unghjette per creà un gruppu.
Dismiss tab group onboarding|Fermer l’accueil des groupes d’onglets|Chjode u prucessu d’accolta di i gruppi d’unghjette
Try tab groups for less scrolling, more doing|Essayez les groupes d’onglets pour gagner en efficacité|Pruvate i gruppi d’unghjette per esse più efficace
Select tabs to create a group. They’re saved here, ready when you are.|Sélectionnez des onglets pour créer un groupe. Ils sont enregistrés ici, prêts à être utilisés quand vous le souhaitez.|Selezziunà l’unghjette per creà un gruppu. Sò arregistrate quì, pronti à impiegalli quandu ci hè bisognu.
Edit group|Modifier le groupe|Mudificà u gruppu
New group, collapse drag handle|Nouveau groupe, replier la poignée de déplacement|Novu gruppu, maneghja di spiazzamentu di l’elementi
Group %d|Groupe %d|Gruppu %d
Add to|Ajouter à|Aghjunghje à
Add to a tab group, collapse drag handle|Ajouter à un groupe d’onglets, replier la poignée de déplacement|Aghjunghje à un gruppu d’unghjette, maneghja di spiazzamentu di l’elementi
Add to new tab group|Ajouter à un nouveau groupe d’onglets|Aghjunghje à un gruppu d’unghjette novu
New tab group|Nouveau groupe d’onglets|Novu gruppu d’unghjette
View tab group, collapse drag handle|Afficher le groupe d’onglets, replier la poignée de déplacement|Affissà u gruppu d’unghjette, maneghja di spiazzamentu di l’elementi
Delete tab group?|Supprimer le groupe d’onglets\u00a0?|Squassà u gruppu d’unghjette\u00a0?
This deletes the group permanently.|Cette action supprime le groupe définitivement.|St’azzione squassa u gruppu ab’eternu.
Delete group|Supprimer le groupe|Squassà u gruppu
Close tab and delete group?|Fermer l’onglet et supprimer le groupe\u00a0?|Chjode l’unghjetta è squassà u gruppu\u00a0?
Edit|Modifier|Mudificà
Ungroup|Dissocier|Disunisce
Delete|Supprimer|Squassà
Ungroup tab group?|Dissocier le groupe d’onglets ?|Disunisce u gruppu d’unghjette\u00a0?
The tabs will remain open on this device, but the group will be deleted.|Les onglets resteront ouverts sur cet appareil, mais le groupe sera supprimé.|L’unghjette steranu aperte nant’à st’apparechju, ma u gruppu serà squassatu.
Don’t ask again|Ne plus demander à l’avenir|Ùn dumandà più
Move tab up|Déplacer l’onglet vers le haut|Dispiazzà l’unghjetta insù
Move tab left|Déplacer l’onglet vers la gauche|Dispiazzà l’unghjetta à manu manca
Move tab right|Déplacer l’onglet vers la droite|Dispiazzà l’unghjetta à manu diritta
Move tab down|Déplacer l’onglet vers le bas|Dispiazzà l’unghjetta inghjò
Yellow|Jaune|Ghjallu
Orange|Orange|Aranciu
Pink|Rose|Rusulatu
Purple|Pourpre|Purpura
Cyan|Cyan|Cianu
Grey|Gris|Grisgiu
Enter search terms|Termes à rechercher|Stampittate i termini à ricercà
Delete history|Effacer l’historique|Squassà a cronolugia
Deleted %1$s|%1$s supprimé|%1$s squassatu
%1$d selected|%1$d sélectionné(s)|%1$d selezziunatu(i)
No history here|Pas d’historique|Alcuna cronolugia
Items deleted: %1$d|Éléments supprimés\u00a0: %1$d|Elementi squassati : %1$d
Download file with:|Télécharger le fichier avec\u00a0:|Scaricà u schedariu cù\u00a0:
Deleted “%1$s”|«\u00a0%1$s\u00a0» supprimé|« %1$s » squassatu
Download in progress…|Téléchargement en cours…|Scaricamentu in corsu…
Undo|Annuler|Abbandunà
No downloads yet|Aucun téléchargement pour l’instant|Nisunu scaricamentu à st’ora
Files you download will appear here.|Les fichiers que vous téléchargez apparaîtront ici.|I schedarii chì vo scaricate seranu affissati quì.
Not enough space|Espace insuffisant|Ùn ci hè abbastanza spaziu
This device doesn’t have enough space to download <b>%s</b>.|L’espace de stockage de l’appareil est insuffisant pour télécharger <b>%s</b>.|St’apparechju ùn hà abbastanza spaziu per scaricà <b>%s</b>.
Manage Files|Gérer les fichiers|Urganizà i schedarii
Navigate back|Précédent|Navigazione in daretu
Navigate to Downloads Settings|Accéder aux paramètres de téléchargement|Andate à i parametri di scaricamentu
Back and close search|Précédent et fermer la recherche|Ritornu è chjode a ricerca
Share URL|Partager l’URL|Sparte l’indirizzu web
Share file|Partager le fichier|Sparte u schedariu
Rename file|Renommer le fichier|Rinuminà u schedariu
Are you sure you want to delete the selected items?|Voulez-vous vraiment supprimer les éléments sélectionnés ?|Da veru, vulete squassà l’elementi selezziunati ?
Only remove from download history|Supprimer uniquement de l’historique des téléchargements|Caccià solu da a cronolugia di i scaricamenti
A file named “%s” already exists in this location|Un fichier nommé «\u00a0%s\u00a0» existe déjà à cet emplacement|Un schedariu cù u nome «\u00a0%s\u00a0» esiste dighjà in stu locu
File names can’t use “/”|Les noms de fichiers ne peuvent pas utiliser «\u00a0/\u00a0»|I nomi di schedariu ùn ponu micca impiegà «\u00a0/\u00a0»
The name you entered only changes uppercase or lowercase letters. Try a different file name.|Le nom que vous avez saisi ne change que les lettres majuscules et minuscules. Essayez avec un nom de fichier différent.|U nome chì vo avete stampittatu cambia solu lettere maiuscule è minuscule. Pruvate cù un nome di schedariu sfarente.
Can’t rename file|Impossible de renommer le fichier|Ùn si pò rinuminà u schedariu
This file can’t be renamed due to system or storage restrictions.|Ce fichier ne peut pas être renommé en raison de restrictions liées au système ou au stockage.|Stu schedariu ùn pò micca esse rinuminatu per via di e ristrizzioni di u sistema o di l‘allucamentu.
Change file type to %s?|Modifier le type de fichier en %s\u00a0?|Cambià u tipu di schedariu in %s\u00a0?
This might open the file in a different app and be risky for your device.|Il se peut que cela ouvre le fichier dans une autre application et présente un risque pour votre appareil.|Què puderia apre u schedariu in un’altra appiecazione chì seria un risicu per u vostru apparechju.
Yes, change it|Oui, le modifier|Sì, cambiallu
In progress|En cours|In corsu
Today|Aujourd’hui|Oghje
Yesterday|Hier|Eri
Last 7 days|Les 7 derniers jours|L’ultimi 7 ghjorni
Last 30 days|Les 30 derniers jours|L’ultimi 30 ghjorni
Older|Avant le mois dernier|Più vechju
Preparing download…|Préparation du téléchargement…|Preparazione di u scaricamentu…
%1$s / %2$s • pending|%1$s / %2$s • en attente|%1$s / %2$s • in attesa
%1$s • unknown time|%1$s • durée indéterminée|%1$s • durata scunnisciuta
%1$s / %2$s • paused|%1$s / %2$s • mis en pause|%1$s / %2$s • messu in pausa
%1$s • paused|%1$s • en pause|%1$s • messu in pausa
Download failed|Échec du téléchargement|Fiascu di u scaricamentu
Search downloads|Rechercher dans les téléchargements|Circà in i scaricamenti
No results found|Aucun résultat|Nisunu risultatu trovu
All|Tous|Tutti
Images|Images|Fiure
Videos|Vidéos|Filmetti
Documents|Documents|Ducumenti
Other|Autre|Altru
Download file? (%s)|Télécharger le fichier\u00a0? (%s)|Scaricà u schedariu\u00a0? (%s)
Your report helps us understand and fix issues in %1$s to make it better for everyone. %2$s|Votre signalement nous aide à comprendre et à résoudre les problèmes dans %1$s afin de l’améliorer pour tout le monde. %2$s|U vostru signalamentu ci aiuta à capisce è currege i prublemi in %1$s per amendallu per tutti. %2$s
URL|Adresse web|Indirizzu web
Please enter a valid URL|Veuillez saisir une adresse web valide|Stampittate un indirizzu web accettevule
What’s not working?|Qu’est-ce qui ne fonctionne pas\u00a0?|Cosa ùn funziuneghja micca ?
Clear selected reason|Effacer le motif sélectionné|Squassà a ragione selezziunata
Please enter at least 10 characters|Veuillez saisir au moins 10 caractères|Ci vole à stampittà omancu 10 caratteri
Describe the problem in detail to help us investigate the issue|Décrivez le problème en détail pour nous aider à enquêter sur le problème|Discrivite u prublema in detagliu per aiutacci à determinane l’origine
Describe the problem in detail to help us investigate the issue (optional)|Décrivez le problème en détail pour nous aider à enquêter dessus (facultatif)|Discrivite u prublema in detagliu per aiutacci à determinane l’origine (ozzionale)
Send report|Envoyer le rapport|Mandà u raportu
Report sent|Signalement envoyé|Raportu mandatu
What happened? What did you expect to happen? Please provide steps to reproduce the issue.|Que s’est-il passé\u00a0? À quoi vous attendiez-vous\u00a0? Veuillez indiquer la marche à suivre pour reproduire le problème.|Cosa hè accadutu\u00a0? À cosa vi aspettavate\u00a0? Ci vole à indicà tutte e tappe per ripruduce u prublema.
Send list of items blocked by tracking protection|Envoyer la liste des éléments bloqués par la protection contre le pistage|Mandate a lista di l’elementi bluccati da a prutezzione contr’à u spiunagiu
Preview Report|Aperçu du signalement|Fighjulata di u signalamentu
Report Preview|Aperçu du signalement|Fighjulata di u signalamentu
Edit website URL|Modifier l’URL du site web|Mudificà l’indirizzu web di u situ
Site doesn’t load|Le site ne se charge pas|U situ ùn si caricheghja micca
Can’t pay, check out or shop|Je ne peux pas payer ou faire des achats|Ùn si pò pagà, incascià o cumprà
Site is slow|Le site est lent|U situ hè lentu
Video isn’t playing or loading|Impossible de lire une vidéo ou de la charger|Impussibule di leghje u filmettu o di caricallu
Missing content|Contenus manquants|Cuntenutu assente
Can’t sign in or register|Impossible de se connecter ou de s’inscrire|Impussibule di cunnettesi o d’arregistrassi
Site asked to turn off ad blocker|Le site demande de désactiver le bloqueur de publicités|U situ dumandeghja di disattivà u blucchime di publicità
Browser is blocked or unsupported|Le navigateur n’est pas pris en charge ou est bloqué|U navigatore hè bluccatu o ùn hè micca accettatu
This site is deceptive|Ce site est trompeur|U situ hè ingannadore
Something else|Autre chose|Altre cose
Sorry. %1$s can’t load that page.|%1$s n’a pas pu charger cette page.|Per disgrazia, %1$s ùn pò micca caricà a pagina.
Send crash report to Mozilla|Envoyer un rapport de plantage à Mozilla|Mandà un raportu d’accidente à Mozilla
Restore tab|Restaurer l’onglet|Risturà l’unghjetta
%s crashed. Send a report?|%s a planté. Envoyer un rapport\u00a0?|%s s‘hè lampatu. Mandà un raportu\u00a0?
You have an unsent crash report related to crashes being investigated. Sending it will help us improve %1$s. Closing this notification will ignore this report.|Vous avez un rapport de plantage non envoyé qui fait l’objet d’investigations. Nous l’envoyer aidera à améliorer %1$s. Fermer cette notification ignore ce rapport.|Avete un raportu, micca mandatu, nant’à un accidente chì hè in corsu d’investigazione. Mandatecilu per aiutacci à amendà %1$s. Chjode sta nutificazione per tralascià stu raportu.
You have unsent crash reports (%1$d) related to crashes being investigated. Sending them will help us improve %2$s. Closing this notification will ignore these reports.|Vous avez des rapports de plantage non envoyés (%1$d) qui font l’objet d’investigations. Nous les envoyer aidera à améliorer %2$s. Fermer cette notification ignore ces rapports.|Avete raporti, micca mandati, nant’à accidenti (%1$d) chì sò in corsu d’investigazione. Mandatecili per aiutacci à amendà %2$s. Chjode sta nutificazione per tralascià sti raporti.
CLOSE|FERMER|CHJODE
Never show again|Ne plus afficher ce message|Ùn affissà mai più
SEND|ENVOYER|MANDÀ
Send crash report|Envoyer le rapport de plantage|Mandà u raportu d’accidente
Crash reports help us to diagnose and fix issues with the browser. Reports may include personal or sensitive data. %s|Les rapports de plantage nous aident à diagnostiquer et à corriger des problèmes avec le navigateur. Les rapports peuvent contenir des données personnelles ou sensibles. %s|I raporti d’accidente ci aiutanu à diagnosticà è à currege i prublemi cù u navigatore. I raporti ponu cuntene dati persunali o sensibile. %s
Add folder|Ajouter un dossier|Aghjunghje un cartulare
Saved in “%s”|Enregistré dans «\u00a0%s\u00a0»|Arregistratu in « %s »
Could not add folder|Impossible d’ajouter le dossier|Ùn si pò aghjunghje u cartulare
Could not edit folder|Impossible de modifier le dossier|Ùn si pò mudificà u cartulare
Could not change parent folder|Impossible de changer le dossier parent|Ùn si pò cambià u cartulare di livellu superiore
Could not edit bookmark|Impossible de modifier le marque-page|Ùn si pò mudificà l’indetta
EDIT|MODIFIER|MUDIFICÀ
Select|Sélectionner|Selezziunà
Move|Déplacer|Dispiazzà
Open in new tab|Ouvrir dans un nouvel onglet|Apre in una nova unghjetta
Open in private tab|Ouvrir dans un onglet privé|Apre in un’unghjetta privata
Open all in new tabs|Tout ouvrir dans de nouveaux onglets|Tuttu apre in unghjette nove
Open all in private tabs|Tout ouvrir dans des onglets privés|Tuttu apre in unghjette private
Sorting options|Options de tri|Ozzioni di classificazione
Sort by custom order|Trier selon un ordre personnalisé|Classificà da l’ordine persunalizatu
Sort by newest|Trier par plus récent|Ordinà da u piu recente
Sort by oldest|Trier par plus ancien|Ordinà da u più vechju
Sort by A to Z|Trier de A à Z|Ordinà da A à Z
Sort by Z to A|Trier de Z à A|Ordinà da Z à A
Import from file|Importer depuis un fichier|Impurtà da un schedariu
Couldn’t import bookmarks. Try again.|Impossible d’importer les marque-pages. Veuillez réessayez.|Ùn si pò micca impurtà l’indette. Pruvà torna.
Imported bookmarks|Marque-pages importés|Indette impurtate
Edit folder|Modifier le dossier|Mudificà u cartulare
Save in|Enregistrer dans|Arregistrà in
Select folder|Sélectionner un dossier|Selezziunà un cartulare
Invalid URL|Adresse invalide|Indirizzu inaccettevule
Navigate back|Remonter|Navigazione in daretu
Add a new folder|Ajouter un dossier|Aghjunghje un cartulare novu
Delete bookmark|Supprimer le marque-page|Squassà l’indetta
Delete folder|Supprimer le dossier|Squassà u cartulare
Search folders|Rechercher dans les dossiers|Ricercà in i cartulari
Item Menu for %s|Menu du marque-page %s|Listinu d’indetta per %s
Expand folder: %s|Développer le dossier\u00a0: %s|Spiegà u cartulare\u00a0: %s
Close folder: %s|Fermer le dossier\u00a0: %s|Chjode u cartulare\u00a0: %s
Close bookmarks|Fermer les marque-pages|Chjode l’indette
No bookmarks yet|Aucun marque-page pour l’instant|Nisuna indetta à st’ora
Keep all your favorite bookmarks together|Regroupez tous vos marque-pages préférés|Tinite inseme tutte e vostre unghjette favurite
Bookmarks in folder: %s|Marque-pages dans le dossier\u00a0: %s|Indette in u cartulare\u00a0: %s
Sign in to sync|Se connecter pour synchroniser|Cunnettesi per sincrunizà
Add bookmarks as you browse so you can find your favorite sites later.|Ajoutez des marque-pages en cours de navigation pour retrouver vos sites préférés plus tard.|Aghjunghjite indette durante a navigazione per ritruvà dopu i vostri siti preferiti.
New folder|Nouveau dossier|Novu cartulare
Moved %1$s to %2$s|Déplacement de %1$s vers %2$s|Dispiazzamentu di %1$s versu %2$s
No matches found.|Aucune correspondance.|Ùn si trova alcuna currispundenza.
Go to Settings|Se rendre dans les paramètres|Andà à i parametri
Recommended|Recommandé|Ricumandatu
Clear permissions|Révoquer les autorisations|Rivucà i permessi
Clear permission|Révoquer l’autorisation|Rivucà u permessu
Clear permissions on all sites|Révoquer les autorisations pour tous les sites|Rivucà i permessi per tutti i siti
Autoplay|Lire automatiquement des éléments multimédias|Leghje autumaticamente l’elementi multimedià
Device apps and services|Applications et services de l’appareil|Appiecazioni è servizii di l’apparechju
Local network devices|Appareils du réseau local|Apparechji di a reta lucale
Camera|Appareil photo|Apparechju-fotò
Microphone|Microphone|Microfonu
Location|Localisation|Lucalizazione
Notification|Notifications|Nutificazione
Persistent Storage|Stockage persistant|Allucamentu permanente
Cross-site cookies|Cookies intersites|Canistrelli intersiti
DRM-controlled content|Contenu protégé par des DRM|Cuntenutu cuntrollatu da DRM
Ask to allow|Demander pour autoriser|Dumandà per permette
Blocked|Bloqué|Bluccatu
Blocked by Android|Bloqué par Android|Bluccatu da Android
Off|Désactivée|Disattivata
Standard|Standard|Classica
Strict|Stricte|Severa
Custom|Personnalisée|Persunalizata
Allow audio and video|Autoriser l’audio et la vidéo|Permette l’audio è a video
Block audio and video on cellular data only|Bloquer l’audio et la vidéo depuis les données mobiles uniquement|Bluccà l’audio è a video da i dati mubili solu
Audio and video will play on Wi-Fi|L’audio et la vidéo seront lus avec une connexion Wi-Fi|Audio è video seranu letti cù una cunnessione Wi-Fi
Block audio only|Bloquer l’audio uniquement|Bluccà solu l’audio
Block audio and video|Bloquer l’audio et la vidéo|Bluccà l’audio è a video
Content|Contenu|Cuntenutu
Always request desktop site|Voir toujours la version ordinateur|Fighjà sempre a versione per urdinatore
Collections|Collections|Cullezzioni
Collection menu|Menu de la collection|Listinu di a cullezzione
Select Tabs|Sélectionner des onglets|Selezziunà unghjette
Select collection|Sélectionner la collection|Selezziunà a cullezzione
Name collection|Nommer la collection|Dà un nome à a cullezzione
Add new collection|Ajouter une nouvelle collection|Aghjunghje una nova cullezzione
Deselect all|Tout désélectionner|Ùn selezziunà nunda
Select tabs to save|Sélectionnez les onglets à enregistrer|Selezziunà l’unghjette à arregistrà
%d tabs selected|%d onglets sélectionnés|%d unghjette selezziunate
%d tab selected|%d onglet sélectionné|%d unghjetta selezziunata
Collection saved|Collection enregistrée|Cullezzione arregistrata
Tab saved|Onglet enregistré|Unghjetta arregistrata
View|Afficher|Affissà
Collection %d|Collection %d|Cullezzione %d
Unable to generate PDF|Impossible de générer le PDF|Impussibule d’ingenerà un PDF
Unable to print this page|Impression de la page impossible|Impussibule di stampà sta pagina
Send to device|Envoyer à l’appareil|Mandà à l’apparechju
Close Send to Device|Fermer Envoyer à un appareil|Chjode l’inviu à un apparechju
QR Code|Code QR|Codice QR
Share link nearby|Partager le lien à proximité|Sparte u liame in vicinanza
To share this link with people nearby, have them scan the QR code below.|Pour partager ce lien avec des personnes à proximité, demandez-leur de scanner le code QR ci-dessous.|Per sparte stu liame cù a ghjente in vicinanza, dumandatela d’analizà u codice QR quì sottu
QR Code saved to Downloads|Code QR enregistré dans Téléchargements|Codice QR arregistratu in Scaricamenti
Failed to save QR Code|Échec de l’enregistrement du code QR|Fiascu à l’arregistramentu di u codice QR
All actions|Toutes les actions|Tutte l’azzioni
Recently used|Récemment utilisés|Impiegate pocu fà
Copy to clipboard|Copier dans le presse-papiers|Cupià in u preme’papei
Copied to clipboard|Copié dans le presse-papiers|Cupiatu in u preme’papei
Sign in to Sync|Se connecter à Sync|Cunnettesi à Sync
Send to all devices|Envoyer à tous les appareils|Mandà à tutti l’apparechji
Reconnect to Sync|Se reconnecter à Sync|Ricunnettesi à Sync
Offline|Hors connexion|Fora di cunnessione
Connect another device|Connecter un autre appareil|Cunnette un altru apparechju
To send a tab, sign in to Firefox on at least one other device.|Pour envoyer un onglet, connectez-vous à votre compte Firefox sur au moins un autre appareil.|Per mandà un’unghjetta, cunnittitevi à u vostru contu Firefox nant’à omancu un altru apparechju.
Got it|J’ai compris|Aghju capitu
Cannot share to this app|Impossible de partager cette application|Ùn pò micca sparte st’appiecazione
Send to device|Envoyer à un appareil|Mandà à un apparechju
No Devices Connected|Aucun appareil connecté|Alcunu apparechju cunnessu
Learn About Sending Tabs…|En savoir plus sur l’envoi d’onglets…|Sapene di più nant’à u mandà d’unghjette…
Connect Another Device…|Connecter un autre appareil…|Cunnette un altru apparechju…
%1$s Sent from %2$s 🦊 Try the mobile browser: %3$s|%1$s Envoyé depuis %2$s 🦊 Essayez le navigateur mobile\u00a0: %3$s|%1$s Mandatu da %2$s 🦊 Pruvate u navigatore mobile : %3$s
%1$s Sent from %2$s 🦊 %3$s|%1$s Envoyé depuis %2$s 🦊 %3$s|%1$s Mandatu da %2$s 🦊 %3$s
Sign back in to send tabs between devices|Reconnectez-vous pour envoyer des onglets d’un appareil à l’autre|Ricunnittitevi per mandà unghjette trà l’apparechji
No devices connected|Aucun appareil connecté|Nisunu apparechju cunnessu
Check your internet connection|Vérifiez votre connexion à Internet|Verificate a vostra cunnessione internet
Then try resending your tab.|Essayez ensuite de renvoyer votre onglet.|Eppò pruvate torna di mandà a vostra unghjetta.
Close private tabs|Fermer les onglets privés|Chjode l’unghjette private
Close private tabs?|Fermer les onglets privés ?|Chjode l’unghjette private ?
Tap or swipe this notification to close private tabs.|Appuyez sur cette notification ou faites-la glisser pour fermer les onglets privés.|Picchichjate o spazzate sta nutificazione per chjode l’unghjette private.
Firefox is fast and private|Firefox est rapide et privé|Firefox hè rapidu è privatu
Make Firefox your default browser|Faites de Firefox votre navigateur par défaut|Fate di Firefox u vostru navigatore predefinitu
%1$s shows how many trackers were blocked while you browsed.|%1$s vous indique combien de traqueurs ont été bloqués pendant votre navigation.|%1$s vi mostra quantu perseguitatori sò stati bluccati durante a vostra navigazione.
Keep browsing. %1$s will keep blocking.|Continuez à naviguer. %1$s continuera à bloquer les traqueurs.|Cuntinuate à navigà. %1$s cuntinuerà à bluccalli.
%1$s blocks trackers as you browse. You’ll see them here.|%1$s bloque les traqueurs pendant la navigation ; ils s’afficheront ici.|%1$s blocca i perseguitatori durante a vostra navigazione. I viderete quì.
Please help make Firefox better by taking a short survey.|Aidez-nous à améliorer Firefox en répondant à un court sondage.|Pè piacè aiutateci à rende Firefox megliu facendu una corta inchiesta.
Take Survey|Participer au sondage|Risponde à l’inchiesta
Failed to open the system uninstall prompt, please use the system uninstall action directly.|Impossible d’ouvrir l’invite de désinstallation du système, veuillez utiliser directement l’action de désinstallation du système.|Impussibule d’apre l’invitu di disinstallazione di u sistema, ci vole à impiegà direttamente l’azzione di disinstallazione di u sistema.
Tab closed|Onglet fermé|Unghjetta chjosa
Tabs closed: %1$s|Onglets fermés\u00a0: %1$s|Unghjette chjose : %1$s
Bookmarks saved in “%s”|Marque-pages enregistrés dans «\u00a0%s\u00a0»|Indette arregistrate in «\u00a0%s\u00a0»
Added to shortcuts!|Ajouté aux raccourcis !|Aghjuntu à l’accurtatoghji !
Private tab closed|Onglet privé fermé|Unghjetta privata chjosa
UNDO|ANNULER|ABBANDUNÀ
Allow %1$s to open %2$s|Autoriser %1$s à ouvrir %2$s|Permette à %1$s d’apre %2$s
ALLOW|AUTORISER|PERMETTE
DENY|REFUSER|RICUSÀ
Web address not valid.|Adresse web non valide.|L’indirizzu web ùn hè micca accettevule.
Are you sure you want to delete %1$s?|Voulez-vous vraiment supprimer %1$s ?|Vulete veramente squassà %1$s ?
This is sample text. It is here to show how text will appear when you increase or decrease the size with this setting.|Ceci est un exemple de texte. Il vous montre comment le texte apparaîtra lorsque vous augmentez ou diminuez sa taille avec ce paramètre.|Quessu hè un esempiu di testu. Vi permette di vede cumu u testu serà scrittu quandu voi aummenterete o diminuiscerete a so dimensione cù stu parametru.
Make text on websites larger or smaller|Agrandir ou réduire la taille du texte des sites web|Aummentà o riduce a dimensione di u testu di i siti web
Font Size|Taille de police|Dimensione di grafia
Automatic font sizing|Dimensionnement automatique des polices|Dimensione autumatica di e grafie
Font size will match your Android settings. Disable to manage font size here.|La taille de la police correspondra à vos paramètres Android. Désactivez cette option pour gérer la taille de la police.|A dimensione di a grafia currispunderà à i vostri parametri d’Android. Disattivate st’ozzione per amministrà a dimensione di a grafia.
Delete browsing data|Supprimer les données de navigation|Squassà i dati di navigazione
Browsing history|Historique de navigation|Cronolugia di navigazione
%d addresses|%d adresses web|%d indirizzi web
Cookies and site data|Cookies et données de sites|Canistrelli è dati di siti
You’ll be logged out of most sites|Vous serez déconnecté·e de la plupart des sites|Serete discunnessu(a) di a maiò parte di i siti
Cached images and files|Images et fichiers mis en cache|Fiure è schedarii messi in impiatta
Frees up storage space|Libère de l’espace de stockage|Libereghja spaziu d’allucamentu
Site permissions|Permissions des sites|Permessi di situ
Delete browsing data on quit|Supprimer les données de navigation en quittant|Squassà i dati di navigazione à l’esce
Automatically deletes browsing data when you select “Quit” from the main menu|Supprime automatiquement les données de navigation lorsque vous sélectionnez «\u00a0Quitter\u00a0» dans le menu principal|Squassa autumaticamente i dati di navigazione quandu vi selezziunate « Esce » in u listinu principale
Time range to delete|Intervalle à supprimer|Intervallu di tempu à squassà
Removes history (including history synced from other devices)|Supprime l’historique (y compris l’historique synchronisé depuis d’autres appareils)|Caccia a cronolugia (inchjusa quella sincrunizata da d’altri apparechji)
Last hour|La dernière heure|L’ultima ora
Today and yesterday|Aujourd’hui et hier|Oghje è eri
Everything|Tout|Tuttu
%s will delete the selected browsing data.|%s supprimera les données de navigation sélectionnées.|%s squasserà i dati di navigazione selezziunati.
Browsing data deleted|Données de navigation supprimées|Dati di navigazione squassati
Deleting browsing data…|Suppression des données de navigation…|Squassatura di i dati di navigazione…
Delete all sites in “%s”|Supprimer tous les sites dans «\u00a0%s\u00a0»|Squassà tutti i siti in « %s »
Group deleted|Groupe supprimé|Gruppu squassatu
Sync is on|Synchronisation activée|Sincrunizazione attivata
Tabs sent|Onglets envoyés|Unghjette mandate
Tab sent|Onglet envoyé|Unghjetta mandata
Unable to send|Envoi impossible|Inviu impussibule
RETRY|RÉESSAYER|PRUVÀ TORNA
Scan the code|Scanner le code|Numerizà u codice
On your computer open Firefox and go to <b>https://firefox.com/pair</b>|Sur votre ordinateur, ouvrez Firefox et accédez à <b>https://firefox.com/pair</b>|Nant’à u vostru urdinatore, aprite Firefox è andate à <b>https://firefox.com/pair</b>
Ready to scan|Prêt·e à scanner|Prontu à numerizà
Sign in with your camera|Connectez-vous avec votre appareil photo|Cunnittitevi cù u vostru apparechju-fotò
Use email instead|Utiliser plutôt une adresse e-mail|Impiegà piuttostu un messaghju elettronicu
No account? <u>Create one</u> to sync Firefox between devices.|Vous n’avez pas de compte ? <u>Créez-en un</u> pour synchroniser Firefox entre vos appareils.|Contu, ùn ne avete ? <u>Createne unu</u> per sincrunizà Firefox trà i vostri apparechji.
%s will stop syncing with your account, but won’t delete any of your browsing data on this device.|%s ne se synchronisera plus avec votre compte, mais ne supprimera aucune donnée de navigation sur cet appareil.|%s ùn si sincruniserà più cù u vostru contu, ma ùn squasserà alcunu datu di navigazione nant’à st’apparechju.
Disconnect|Se déconnecter|Discunnette
Can’t edit default folders|Impossible de modifier les dossiers par défaut|Impussibule di mudificà i cartulari predefiniti
Enhanced Tracking Protection|Protection renforcée contre le pistage|Prutezzione rinfurzata contr’à u spiunagiu
Now featuring Total Cookie Protection, our most powerful barrier yet against cross-site trackers.|Maintenant avec la protection totale contre les cookies, notre plus puissante barrière contre les traqueurs intersites à ce jour.|Eccu a prutezzione tutale contr’à i canistrelli, a nostra chjudenda a più putente oghje contr’à l’elementi intersiti di spiunagiu.
%s protects you from many of the most common trackers that follow what you do online.|%s vous protège de la plupart des traqueurs les plus courants qui pistent vos activités en ligne.|%s vi prutege da a maiò parte di i perseguitatori i più cunnisciuti chì seguitanu ciò chì vo fate in linea.
You’re protected|Vous êtes protégé·e|Site prutetti
Help catch trackers|Aidez-nous à attraper les traqueurs|Aiutà à chjappà i perseguitatori
Standard (default)|Standard (par défaut)|Classica (predefinita)
Pages will load normally, but block fewer trackers.|Les pages se chargeront normalement, mais bloqueront moins de traqueurs.|E pagine si caricheranu nurmalmente, ma bluccheranu menu di perseguitatori.
What’s blocked by standard tracking protection|Ce qui est bloqué par la protection standard contre le pistage|Ciò chì hè bluccatu da a prutezzione classica contr’à u spiunagiu
Stronger tracking protection and faster performance, but some sites may not work properly.|Une protection renforcée contre le pistage et de meilleures performances, mais certains sites peuvent ne pas fonctionner correctement.|Una prutezzione più forte contr’à u spiunagiu è perfurmenze piu rapide, ma certi siti ponu ùn micca funziunà currettamente.
Fix major site issues (recommended)|Résoudre les problèmes majeurs des sites (recommandé)|Currege i prublemi impurtanti di i siti (ricumandatu)
Fix minor site issues|Résoudre les problèmes mineurs des sites|Currege i prublemi secundarii di i siti
Must be used with fixes for major issues.|Doit être utilisé conjointement avec les correctifs pour les problèmes majeurs.|Deve esse impiegatu cù e currezzioni per i prublemi impurtanti.
Fix site issues|Résoudre les problèmes des sites|Currege i prublemi di i siti
Are you sure you want to turn off fixes?|Voulez-vous vraiment désactiver les correctifs\u00a0?|Vulete veramente disattivà e currezzioni\u00a0?
This setting helps fix the most common site problems. If you turn it off, some sites may not work, and %1$s won’t be able to help troubleshoot those issues.|Ce paramètre permet de résoudre les problèmes les plus courants sur les sites. Si vous le désactivez, certains sites peuvent ne pas fonctionner et %1$s ne sera pas en mesure de vous aider à résoudre ces problèmes.|Stu parametru permette di currege i prublemi i più cumuni nant’à i siti. S’ellu hè disattivatu, certi siti ponu ùn micca funziunà, è %1$s ùn puderà aiutavvi à currege quelli prublemi.
Turn fixes off|Désactiver les correctifs|Disattivà e currezzioni
Keep fixes on|Conserver les correctifs|Cunservà e currezzioni
What’s blocked by strict tracking protection|Ce qui est bloqué par la protection stricte contre le pistage|Ciò chì hè bluccatu da a prutezzione severa contr’à u spiunagiu
Choose which trackers and scripts to block.|Choisissez les traqueurs et les scripts à bloquer.|Sciglite i perseguitatori è i sscenarii à bluccà.
What’s blocked by custom tracking protection|Ce qui est bloqué par la protection personnalisée contre le pistage|Ciò chì hè bluccatu da a prutezzione persunalizata contr’à u spiunagiu
Cookies|Cookies|Canistrelli
Cross-site and social media trackers|Traqueurs intersites et de réseaux sociaux|Perseguitatori intersiti è di rete suciale
Cookies from unvisited sites|Cookies de sites non visités|Canistrelli di siti micca visitati
All third-party cookies (may cause websites to break)|Tous les cookies tiers (peut empêcher certains sites de fonctionner)|Tutti i canistrelli terzi (pò impedisce certi siti web di funziunà)
All cookies (will cause websites to break)|Tous les cookies (empêchera des sites de fonctionner)|Tutti i canistrelli (impediscerà siti web di funziunà)
Isolate cross-site cookies|Isoler les cookies intersites|Scartà i canistrelli intersiti
Tell websites not to share & sell data|Demander aux sites web de ne pas vendre ni partager mes données|Dì à i siti web d’ùn sparte è d’ùn vende i mo dati
Tracking content|Contenu utilisé pour le pistage|Cuntenutu impiegatu per u spiunagiu
In all tabs|Dans tous les onglets|In tutte l’unghjette
Only in Private tabs|Uniquement dans les onglets privés|Solu in l’unghjette private
Cryptominers|Mineurs de cryptomonnaies|Minatori di crittomuneta
Known Fingerprinters|Détecteurs d’empreinte numérique connus|Detettori d’impronta numerica cunnisciuti
Blocked|Bloqués|Bluccatu
Social Media Trackers|Traqueurs de réseaux sociaux|Perseguitatori di rete suciale
Limits the ability of social networks to track your browsing activity around the web.|Limite la capacité des réseaux sociaux à pister votre activité de navigation sur le Web.|Limiteghja a capacità di e rete suciale à seguità a vostra navigazione nant’à u Web.
Cross-Site Tracking Cookies|Cookies de pistage intersites|Canistrelli impiegati per u spiunagiu intersiti
Cross-Site Cookies|Cookies intersites|Canistrelli intersiti
Blocks cookies that ad networks and analytics companies use to compile your browsing data across many sites.|Bloque les cookies que les réseaux publicitaires et les sociétés d’analyse des données utilisent pour compiler vos données de navigation sur de nombreux sites.|Bluccechja i canistrelli chì e rete di publicità è e sucietà d’analisa di dati impieganu per cumpilà i vostri dati di navigazione nant’à parechji siti.
Total Cookie Protection isolates cookies to the site you’re on so trackers like ad networks can’t use them to follow you across sites.|La protection totale contre les cookies isole les cookies au site sur lequel vous vous trouvez et les traqueurs publicitaires ne peuvent donc pas s’en servir pour vous pister de site en site.|A prutezzione tutale contr’à i canistrelli scarta i canistrelli di u situ chì vo visitate è cusì l’elementi di spiunagiu cum’è e rete di publicità ùn ponu micca impiegalli per seguitavvi d’un situ à l’altru.
Prevents malicious scripts gaining access to your device to mine digital currency.|Empêche les scripts malveillants d’accéder à votre appareil pour «\u00a0extraire\u00a0» de l’argent numérique.|Impedisce i scenarii gattivi d’accede à u vostru apparechju per « estrae » muneta numerica.
Stops uniquely identifiable data from being collected about your device that can be used for tracking purposes.|Empêche la collecte de données identifiables de manière unique sur votre appareil et qui peuvent être utilisées à des fins de pistage.|Impedisce a culletta nant’à u vostru apparechju di dati identifichevule di manera unica chì ponu esse impiegati per spiavvi.
Tracking Content|Contenu utilisé pour le pistage|Cuntenutu impiegatu per u spiunagiu
Stops outside ads, videos, and other content from loading that contains tracking code. May affect some website functionality.|Empêche le chargement des publicités, vidéos et autres contenus d’origine externe au site et contenant du code de pistage. Peut affecter certaines fonctionnalités du site.|Impedisce u caricamentu di e publicità, video è altri cuntenuti d’origine esterna à u situ è cuntenendu codice di spiunagiu. Què pò affettà certe funzioni di u situ web.
Enhanced Tracking Protection is off for these websites|La protection renforcée contre le pistage est désactivée pour ces sites web|A prutezzione rinfurzata contr’à u spiunagiu hè disattivata per sti siti web
What’s new in %s|Nouveautés dans %s|Ciò chì hè novu in %s
%s / OSS Libraries|%s / Bibliothèques open source|%s / Bibliuteche di fonte aperta
Redirect Trackers|Traqueurs par redirection|Perseguitatori da ridirezzione
Clears cookies set by redirects to known tracking websites.|Efface les cookies définis par redirection vers des sites web connus pour le pistage.|Squasseghja i canistrelli definiti da ridirezzione ver di siti web cunnisciuti per u spiunagiu.
Suspected Fingerprinters|Détecteurs d’empreinte numérique suspectés|Detettori d’impronta numerica suspettati
Enables fingerprinting protection to stop suspected fingerprinters.|Activer la protection contre les empreintes numériques pour bloquer les détecteurs d’empreintes numériques suspectés.|Attivà a prutezzione per bluccà i detettori d’impronta numerica suspettati.
Enhanced tracking protection exception preference icon|Icône de préférence d’exception à la protection renforcée contre le pistage|Icona di preferenza d’eccezzione à a prutezzione rinfurzata contr’à u spiunagiu
DNS over HTTPS|DNS via HTTPS|DNS sopra HTTPS
Domain Name System (DNS) over HTTPS sends your request for a domain name through an encrypted connection, providing a secure DNS and making it harder for others to see which website you’re about to access. %1$s|Le système de nom de domaine (DNS) via HTTPS envoie votre demande de résolution d’un nom de domaine à travers une connexion chiffrée, procurant un DNS sécurisé pour compliquer la tâche de tiers qui tenteraient de découvrir le site web sur lequel vous allez vous rendre. %1$s|U sistema di nome di duminiu (DNS) sopra HTTPS manda a vostra richiesta di nome di duminiu attraversu una cunnessione cifrata, pruvidendu un DNS sicuru per rende più difficiule a scuperta di quellu situ web chì vo state per accede.%1$s
Info|Informations|Infurmazione
Add Site|Ajouter un site|Aghjunghje un situ
Default Protection|Protection par défaut|Prutezzione predefinita
%1$s decides when to use secure DNS to protect your privacy.|%1$s décide quand utiliser le DNS sécurisé pour protéger votre vie privée.|%1$s decide quandu impiegà u DNS sicuru per prutege a vostra vita privata.
Use the provider you select|Utiliser le fournisseur que vous avez sélectionné|Impiegà u furnidore chì vo avete selezziunatu
Use your default DNS resolver if there is a problem with the secure DNS provider|Utiliser votre serveur DNS par défaut s’il y a un problème avec le fournisseur du DNS sécurisé|Impiegà u vostru sistema predefinitu di risuluzione di nome s’ella ci hè un prublema cù u furnidore di DNS sicuru
Use a local provider, if possible. %1$s|Utiliser un fournisseur local, si possible. %1$s|Impiegà un furnidore lucale, s'ella hè pussibule. %1$s
Turn off when VPN, parental control, or enterprise policies are active|Désactiver lorsqu’un VPN, un contrôle parental ou des stratégies d’entreprise sont actifs|Disattivà in presenza di VPN, di cuntrollu parentale, o di strategie d’impresa
Turn off when a network tells %1$s it shouldn’t use secure DNS. %2$s|Désactiver lorsqu’un réseau indique à %1$s qu’il ne doit pas utiliser de DNS sécurisé. %2$s|Disattivà quand’una reta dice à %1$s ch’ellu ùn duveria micca impiegà di DNS sicuru. %2$s
Increased Protection|Protection renforcée|Prutezzione rinfurzata
You control when to use secure DNS and choose your provider.|Vous contrôlez le recours au DNS sécurisé et choisissez votre fournisseur.|Cuntrollate quandu impiegà u DNS sicuru è sciglite u vostru furnidore.
Only use your default DNS resolver if there is a problem with secure DNS|Utiliser votre serveur DNS par défaut uniquement s’il y a un problème avec le DNS sécurisé|Impiegà u vostru sistema predefinitu di risuluzione di nome solu s’ella ci hè un prublema cù u DNS sicuru
Max Protection|Protection maximale|Prutezzione massima
%1$s will always use secure DNS. You’ll see a security risk warning before we use your system DNS.|%1$s utilisera toujours le DNS sécurisé. Vous recevrez un avertissement de risque de sécurité avant l’utilisation du DNS de votre système.|%1$s impiegherà sempre u DNS sicuru. Riciverete un avertimentu di risicu di sicurità prima chì no impiegheghjimu u vostru DNS di u sistema.
Only use the provider you select|Utiliser uniquement le fournisseur que vous avez sélectionné|Impiegà solu u furnidore chì vo avete selezziunatu
Always warn if secure DNS isn’t available|Toujours prévenir si le DNS sécurisé n’est pas disponible|Avertisce sempre s’è u DNS sicuru ùn hè micca dispunibule
If secure DNS is not available sites will not load or function properly|Si le DNS sécurisé n’est pas disponible, les sites ne se chargeront pas ou ne fonctionneront pas correctement|S’è u DNS sicuru ùn hè micca dispunibule, i siti ùn si caricheranu micca o ùn funziuneranu micca currettamente
Use your default DNS resolver|Utiliser le serveur de résolution DNS par défaut|Impiegà u vostru sistema predefinitu di risuluzione
Choose provider|Choisir le fournisseur|Sceglie u furnidore
(default)|(par défaut)|(predefinitu)
Custom|Personnalisé|Persunalizatu
Custom provider|Fournisseur personnalisé|Furnidore persunalizatu
Provider|Fournisseur|Furnidore
URL must start with “https://”|L’URL doit commencer par «\u00a0https://\u00a0»|L’indirizzu web deve principià cù « https:// »
Invalid URL|URL invalide|Indirizzu web inaccettevule
%1$s won’t use secure DNS on these sites and their subdomains.|%1$s n’utilisera pas le DNS sécurisé sur ces sites et leurs sous-domaines.|%1$s ùn impiegherà micca u DNS sicuru nant’à sti siti è i so sottuduminii.
Add site|Ajouter un site|Aghjunghje un situ
Site|Site|Situ
example.com|example.com|esempiu.com
Must be a valid domain|Le domaine doit être valide|U duminiu deve esse accettevule
Remove all exceptions|Supprimer toutes les exceptions|Caccià tutte l’eccezzioni
Support|Assistance|Assistenza
Privacy notice|Politique de confidentialité|Pulitica di cunfidenzialità
Know your rights|Vos droits|I vostri diritti
Terms of Use|Conditions d’utilisation|Cundizioni d’utilizazione
Licensing information|Informations de licence|Infurmazione di licenza
Libraries that we use|Bibliothèques utilisées|Bibliuteche impiegate
Debug menu: %1$d click(s) left to enable|Menu de débogage\u00a0: encore %1$d clic·s restant·s pour l’activation|Listinu di spannatura : %1$d cliccu(hi) per attivalu
Debug menu enabled|Menu de débogage activé|Listinu di spannatura attivatu
URL copied to clipboard|Adresse copiée dans le presse-papiers|Indirizzu cupiatu in u preme’papei
Shortcut name|Nom du raccourci|Nome di l’accurtatoghju
Save passwords|Enregistrer les mots de passe|Arregistrà e parolle d’intesa
Ask to save|Demander pour enregistrer|Dumandà per arregistrà
Autofill in %1$s|Remplissage automatique dans %1$s|Riempiimentu autumaticu in %1$s
Fill and save usernames and passwords in websites while using %1$s.|Remplir et enregistrer les noms d’utilisateur et les mots de passe dans les sites web tout en utilisant %1$s.|Riimpiete è arregistrate nomi d’utilizatore è parolle d’intesa in i siti web quandu vi impiegate %1$s.
Autofill in other apps|Remplissage automatique dans d’autres applications|Riempiimentu autumaticu in l’altre appiecazioni
Fill usernames and passwords in other apps on your device.|Remplit les noms d’utilisateur et les mots de passe dans d’autres applications sur votre appareil.|Riimpiete nomi d’utilizatore è parolle d’intesa in l’altre appiecazioni nant’à u vostru apparechju.
Add password|Ajouter un mot de passe|Aghjunghje una parolla d’intesa
Sync passwords|Synchroniser les mots de passe|Sincrunizà e parolle d’intesa
Sync passwords across devices|Synchronisez les mots de passe entre vos appareils|Sincrunizà e parolle d’intesa trà l’apparechji
The passwords you save or sync to %s will be listed here. All passwords you save are encrypted.|Les mots de passe que vous enregistrez ou synchronisez avec %s seront répertoriés ici. Tous les mots de passe que vous enregistrez sont chiffrés.|E parolle d’intesa chì vo arregistrate o sincrunizate cù %s seranu affissate quì. Tutte e parolle d’intesa chì vo arregistrate sò cifrate.
Learn more about sync|En savoir plus sur la synchronisation|Sapene di più nant’à a sincrunizazione
%s won’t save passwords for sites listed here.|%s n’enregistrera pas les mots de passe pour les sites listés ici.|%s ùn arregistrerà micca e parolle d’intesa per i siti allistinati quì.
%s won’t save passwords for these sites.|%s n’enregistrera pas les mots de passe pour ces sites.|%s ùn arregistrerà micca e parolle d’intesa per sti siti.
Delete all exceptions|Supprimer toutes les exceptions|Squassà tutte l’eccezzioni
Search passwords|Rechercher des mots de passe|Ricercà parolle d’intesa
Password copied to clipboard|Mot de passe copié dans le presse-papiers|Parolla d’intesa cupiata in u preme’papei
Username copied to clipboard|Nom d’utilisateur copié dans le presse-papiers|Nome d’utilizatore cupiatu in u preme’papei
Copy password|Copier le mot de passe|Cupià a parolla d’intesa
Clear password|Effacer le mot de passe|Squassà a parolla d’intesa
Copy username|Copier le nom d’utilisateur|Cupià u nome d’utilizatore
Clear username|Effacer le nom d’utilisateur|Squassà u nome d’utilizatore
Clear hostname|Effacer le nom d’hôte|Squassà u nome d’ospite
Login detail menu|Menu des détails de l’identifiant|Listinu di i detaglii di l’identificazione di cunnessione
Save new login|Enregistrer le nouvel identifiant|Arregistrà l’identificazione nova
Edit login|Modifier l’identifiant|Mudificà l’identificazione di cunnessione
Add new login|Ajouter un nouvel identifiant|Aghjunghje una nova identificazione di cunnessione
Clear search text|Effacer la recherche|Squassà u testu di ricerca
Open site in browser|Ouvrir le site dans le navigateur|Apre u situ in u navigatore
Show password|Afficher le mot de passe|Affissa a parolla d’intesa
Hide password|Masquer le mot de passe|Piattà a parolla d’intesa
Unlock to view your saved passwords|Déverrouillez pour afficher vos mots de passe enregistrés|Spalancate per affissà e vostre parolle d’intesa arregistrate
Unlock|Déverrouiller|Spalancà
Secure your saved passwords|Sécurisez les mots de passe enregistrés|Prutigite e vostre parolle d’intesa arregistrate
Set up a device lock pattern, PIN, or password to protect your saved passwords from being accessed if someone else has your device.|Configurez un schéma de verrouillage, un code PIN ou un mot de passe pour protéger vos mots de passe enregistrés si jamais quelqu’un accède à votre appareil.|Definite un dissegnu di chjuditura, un codice PIN o una parolla d’intesa per prutege e vostre parolle d’intesa arregistrate s’ellu ci era qualchissia chì accidissi à u vostru apparechju.
Later|Plus tard|Dopu
Set up now|Configurer maintenant|Cunfigurà subitu
Unlock your device|Déverrouillez votre appareil|Spalancate u vostru apparechju
Zoom on all websites|Zoom pour tous les sites|Ingrandamentu per tutti i siti
Enable to allow pinch and zoom, even on websites that prevent this gesture.|Activer pour permettre de zoomer avec deux doigts même sur les sites web qui empêchent ce geste.|Attivà per permette l’ingrandamentu cù dui diti ancu nant’à i siti chì impediscenu stu gestu.
Name (A-Z)|Nom (A-Z)|Nome (A à Z)
Last used|Dernière utilisation|Ultimu impiegu
Sort passwords menu|Menu de tri des mots de passe|Listinu di classificazione di e parolle d’intesa
Email masks|Alias de messagerie|Maschere di messaghjeria
Suggest email masks|Suggérer des alias de messagerie|Suggerisce maschere di messaghjeria
Hide your real email to protect your inbox from spam. Some sites don’t support email masks.|Masquez votre véritable adresse e-mail pour protéger votre boîte de réception du spam. Certains sites ne prennent pas en charge les alias de messagerie.|Piattate u vostru veru indirizzu elettronicu per prutege a vostra scatula di ricezzione da u merzaghju. Certi siti ùn accettenu micca e maschere di messaghjeria.
Manage email masks|Gérer les alias de messagerie|Urganizà e maschere di messaghjeria
You’ve used your 5 free email masks, so we picked one for you to reuse.|Vous avez utilisé vos 5\u00a0alias de messagerie gratuits, nous en avons choisi un que vous pourrez réutiliser.|Avete impiegatu e vostre 5 maschere di messaghjeria di rigalu, tandu n’avemu sceltu unu chì vo puderete rimpiegà.
Email masks aren’t available right now. Try again in a few minutes.|Les alias de messagerie ne sont pas disponibles pour le moment. Réessayez dans quelques minutes.|E maschere di messaghjeria ùn sò micca dispunibule subitu. Pruvate torna trà qualchì minutu.
Built-in VPN|VPN intégré|VPN integrata
%s’s built-in VPN|VPN intégré à %s|VPN integrata à %s
Browse with extra protection by hiding your location, even on public Wi-Fi. %s|Naviguez avec une protection supplémentaire en masquant votre localisation, même sur un Wi-Fi public. %s|Navigate cù una prutezzione addiziunale piattendu a vostra pusizione, ancu via un Wi-Fi publicu. %s
Monthly data limit|Quota mensuel de données|Limitu misincu di dati
%1$.1f GB of %2$.1f GB left|%1$.1f\u00a0Go restants sur %2$.1f\u00a0Go|%1$.1f Go rimanente nant’à %2$.1f Go
Resets to %1$.0f GB on the first of every month.|Le quota est réinitialisé à %1$.0f\u00a0Go le premier jour de chaque mois.|U limitu hè reiniziatu à %1$.0f Go u primu ghjornu d’ogni mese.
Location|Emplacement|Lucalizazione
Connecting…|Connexion…|Cunnessione…
Paused|En pause|In pausa
Try it free|Essayer gratuitement|Pruvalla di rigalu
Open VPN settings|Ouvrir les paramètres VPN|Apre i parametri VPN
%1$d GB limit reached|Limite de %1$d\u00a0Go atteinte|Limitu di %1$d Go toccu
You’ve used all %1$d GB of your VPN data. Access resets next month.|Vous avez consommé la totalité de vos %1$d\u00a0Go de données VPN. L’accès sera rétabli le mois prochain.|Avete impiegatu tutti i vostri %1$d Go di dati VPN. L’accessu serà ristabilitu u mese chì vene.
VPN on|VPN activé|VPN attivata
VPN is active.|Le VPN est actif.|A VPN hè attivata.
VPN off|VPN désactivé|VPN disattivata
VPN is off.|Le VPN est désactivé.|A VPN hè disattivata.
Get started|Démarrer|Principià
Try %s’s built-in VPN|Essayez le VPN intégré à %s|Pruvate a VPN integrata à %s
%1$s by hiding your location, even on public Wi-Fi. Get %2$d GB free every month.|%1$s en masquant votre localisation, même sur un Wi-Fi public. Bénéficiez de %2$d\u00a0Go gratuits chaque mois.|%1$s piattendu a vostra pusizione, ancu via un Wi-Fi publicu. Ottinite %2$d Go di rigalu ogni mese.
Browse with extra protection|Naviguez avec une protection supplémentaire|Navigate cù una prutezzione addiziunale
Turn it on to make your browsing more private and harder to trace. Try it now to get unlimited bandwidth through %1$s. %2$s|Activez-le pour rendre votre navigation plus privée et plus difficile à tracer. Essayez-le maintenant pour obtenir une bande passante illimitée jusqu’au %1$s. %2$s|Attivatela per rinfurzà a cunfidenzialità di a vostra navigazione è rendela più difficiule à frattighjà. Pruvatela subitu per ottene una larghezza di striscia à buzeffe fine à u %1$s. %2$s
Couldn’t connect to VPN. Try again in a few minutes.|Impossible de se connecter au VPN. Réessayez dans quelques minutes.|Ùn pò micca cunnettassi à a VPN. Pruvate torna trà qualchì minutu.
Selected VPN location unavailable. Switched to the recommended location.|L’emplacement VPN sélectionné est indisponible. Connexion à l’emplacement recommandé.|A pusizione VPN selezziunata hè indispunibule. Cunnessione à a pusizione ricumandata.
%1$d GB of VPN data used. Access will reset next month.|%1$d\u00a0Go de données VPN utilisés. L’accès sera rétabli le mois prochain.|Avete impiegatu %1$d Go di dati VPN. L’accessu serà ristabilitu u mese chì vene.
Turn VPN on to make your browsing more private and harder to trace.|Activez le VPN pour renforcer la confidentialité de votre navigation et la rendre plus difficile à pister.|Attivà a VPN per rinfurzà a cunfidenzialità di a vostra navigazione è rendela più difficiule à frattighjà.
Protect more with Mozilla VPN|Protégez-vous davantage avec Mozilla VPN|Prutigitevi più cù Mozilla VPN
Choose from 300+ locations and protect all your apps on up to 5 devices.|Faites votre choix parmi plus de 300 emplacements et protégez vos applications sur jusqu’à 5 appareils.|Sciglite trà più di 300 lucalizazioni è prutigite e vostre appiecazioni nant’à un massimu di 5 apparechji.
Get Mozilla VPN|Obtenir Mozilla VPN|Ottene Mozilla VPN
Choose VPN location|Choisir l’emplacement du VPN|Sceglie a pusizione di a VPN
Firefox finds the fastest location|Firefox détermine l’emplacement le plus rapide|Firefox trova a pusizione a più rapida
Unavailable|Indisponible|Indispunibule
Location unavailable. Choose another location.|Emplacement non disponible. Choisissez un autre emplacement.|Pusizione indispunibule. Sciglite un’altra pusizione.
Selected VPN location unavailable. Connected to the recommended location.|L’emplacement VPN sélectionné est indisponible. Connexion à l’emplacement recommandé.|A pusizione VPN selezziunata hè indispunibule. A cunnessione hè stata fatta à a pusizione ricumandata.
Locations unavailable|Emplacements indisponibles|Pusizioni indispunibule
Switched to the recommended location.|Basculé vers l’emplacement recommandé.|Cunnessione à a pusizione ricumandata.
Autofill|Remplissage automatique|Riempiimentu autumaticu
Save and fill payment methods|Enregistrer et renseigner les moyens de paiement|Arregistrà è rinsignà e metode di pagamentu
%s encrypts all payment methods you save|%s chiffre tous les moyens de paiement que vous enregistrez|%s cifra tutte e metode di pagamentu chì vo arregistrate
Sync cards across devices|Synchroniser les cartes entre vos appareils|Sincrunizate e carte trà i vostri apparechji
Sync cards|Synchroniser les cartes|Sincrunizà e carte
Add card|Ajouter une carte|Aghjunghje una carta
Add address|Ajouter une adresse|Aghjunghje un indirizzu
Save and fill addresses|Enregistrer et remplir automatiquement les adresses|Arregistrà è rinsignà autumaticamente l’indirizzi
Includes phone numbers and email addresses|Y compris les numéros de téléphone et les adresses e-mail|Include i numeri di telefonu è l’indirizzi elettronichi
Sync addresses across devices|Synchroniser les adresses entre plusieurs appareils|Sincrunizà l’indirizzi trà i vostri apparechji
Sync addresses|Synchroniser les adresses|Sincrunizà l’indirizzi
Edit card|Modifier la carte|Mudificà a carta
Card Number|Numéro de carte|Numeru di carta
Expiration Date Month|Mois d’expiration|Mese di a data di scadenza
Expiration Date Year|Année d’expiration|Annu di a data di scadenza
Name on Card|Nom du titulaire|Nome di u titulare
Delete card|Supprimer cette carte|Squassà a carta
Delete card|Supprimer la carte|Squassà a carta
Delete card?|Supprimer la carte ?|Squassà a carta ?
Saved cards|Cartes enregistrées|Carte arregistrate
Enter a valid card number|Saisissez un numéro de carte valide|Stampittate un numeru di carta bancaria accettevule
Add a name|Ajouter un nom|Aghjunghje un nome
Unlock to view your saved cards|Déverrouillez pour afficher vos cartes enregistrées|Spalancate per affissà e vostre carte arregistrate
Secure your saved payment methods|Sécurisez vos moyens de paiement enregistrés|Prutigite e vostre metode di pagamentu arregistrate
Set up a device lock pattern, PIN, or password to protect your saved payment methods from being accessed if someone else has your device.|Configurez un schéma de verrouillage, un code PIN ou un mot de passe pour protéger vos moyens de paiement enregistrés si jamais quelqu’un accède à votre appareil.|Definite un dissegnu di chjusura, un codice PIN o una parolla d’intesa per prutege e vostre metode di pagamentu arregistrate s’ellu ci era qualchissia chì accidissi à u vostru apparechju.
Unlock to use saved payment methods|Déverrouillez pour utiliser des moyens de paiement enregistrés|Spalancate per impiegà e metode di pagamentu arregistrate
Edit address|Modifier l’adresse|Mudificà l’indirizzu
Name|Nom complet|Nome cumpletu
Organization|Organisation|Urganismu
Street Address|Adresse postale|Indirizzu pustale
City|Ville|Cità
State|État|Statu
Province|Province|Pruvincia
Zip|Code postal|Codice pustale
Country or region|Pays ou région|Paese o regione
Phone|Téléphone|Telefonu
Email|Adresse e-mail|Indirizu elettronicu
Neighborhood|Quartier|Quartieru
Village or Township|Village ou canton|Paese o cantone
Island|Île|Isula
Townland|Commune|Paisolu
District|Arrondissement|Circundariu
Post town|Ville postale|Cità pustale
Suburb|Banlieue|Circondu
County|Comté|Pieve
Parish|Paroisse|Parochja
Prefecture|Préfecture|Prefettura
Department|Service|Dipartimentu
Emirate|Émirat|Emiratu
Postal Code|Code postal|Codice pustale
Country|Pays|Paese
Delete this address?|Supprimer cette adresse ?|Squassà st’indirizzu ?
Save address|Enregistrer l’adresse|Arregistrà l’indirizzu
Delete address|Supprimer l’adresse|Squassà l’indirizzu
Add search engine|Ajouter un moteur de recherche|Aghjunghje un mutore di ricerca
Add new search engine|Ajouter un nouveau moteur de recherche|Aghjunghje un mutore di ricerca novu
Edit search engine|Modifier le moteur de recherche|Mudificà u mutore di ricerca
Search engine name|Nom du moteur de recherche|Nome di u mutore di ricerca
Search string URL|URL de la chaîne de recherche|Indirizzu web di a catena di ricerca
URL to use for search|URL à utiliser pour les recherches|Indirizzu web à impiegà per a ricerca
Replace query with “%s”. Example: https://www.google.com/search?q=%s|Remplacer les termes de la recherche par «\u00a0%s\u00a0». Par exemple\u00a0: https://www.google.com/search?q=%s|Rimpiazzà i termi di a ricerca da « %s ». Esempiu : https://www.google.com/search?q=%s
Custom search engine details|Détails du moteur de recherche personnalisé|Detaglii di u mutore di ricerca persunalizatu
Search suggestion API (optional)|API de suggestions de recherche (facultatif)|API per e suggestioni di ricerca (ozzionale)
Search suggestion API URL|URL de l’API de suggestions de recherche|Indirizzu web di l’API per e suggestioni di ricerca
Replace query with “%s”. Example: https://suggestqueries.google.com/complete/search?client=firefox&q=%s|Remplacez la requête par «\u00a0%s\u00a0». Exemple\u00a0: https://suggestqueries.google.com/complete/search?client=firefox&q=%s|Rimpiazzà a richiesta da « %s». Esempiu : https://suggestqueries.google.com/complete/search?client=firefox&q=%s
Enter search engine name|Saisissez le nom du moteur de recherche|Stampittà u nome di u mutore di ricerca
Enter a search string|Saisissez la chaîne de recherche|Stampittà una catena di ricerca
Check that search string matches Example format|Vérifiez que la chaîne de recherche suit le format de l’exemple|Verificate chì a catena di ricerca seguiteghji u furmatu di l’esempiu
To allow it:|Pour l’autoriser\u00a0:|Per permettelu :
1. Go to Android Settings|1. Accédez aux paramètres Android|1. Andate à i parametri Android
2. Tap <b>Permissions</b>|2. Appuyez sur <b>Autorisations</b>|2. Tucchate <b>Permessi</b>
3. Toggle <b>%1$s</b> to ON|3. Activez <b>%1$s</b>|3. Attivate <b>%1$s</b>
Clear cookies and site data|Effacer les cookies et les données de sites|Squassà i canistrelli è i dati di siti
Are you sure that you want to clear all the permissions on all sites?|Voulez-vous vraiment supprimer toutes les autorisations pour tous les sites ?|Vulete veramente caccià tutti i permessi per tutti i siti ?
Are you sure that you want to clear all the permissions for this site?|Voulez-vous vraiment supprimer toutes les autorisations pour ce site ?|Vulete veramente caccià tutti i permessi per stu situ ?
Are you sure that you want to clear this permission for this site?|Voulez-vous vraiment supprimer cette autorisation pour ce site ?|Vulete veramente caccià stu permessu per stu situ ?
No site exceptions|Aucune exception de site|Alcuna eccezzione di situ
Add to shortcuts|Ajouter aux raccourcis|Aghjunghje à l’accurtatoghji
Remove from shortcuts|Supprimer des raccourcis|Caccià da l’accurtatoghji
Are you sure you want to delete this password?|Voulez-vous vraiment supprimer ce mot de passe ?|Vulete veramente squassà sta parolla d’intesa ?
Edit password|Modifier le mot de passe|Mudificà a parolla d’intesa
Enter a username|Saisissez un nom d’utilisateur|Stampittate un nome d’utilizatore
Hostname required|Le nom d’hôte est requis|U nome d’ospite hè richiestu
Enter a web address|Saisissez une adresse web|Stampittate un indirizzu web
Speak now|Vous pouvez parler|Parlate avà
A login with that username already exists|Un identifiant avec ce nom d’utilisateur existe déjà|L’identificazione di cunnessione cù stu nome d’utilizatore esiste dighjà
https://www.example.com|https://www.example.com|https://www.esempiu.com
Web address must contain “https://” or “http://”|L’adresse web doit contenir «\u00a0https://\u00a0» ou «\u00a0http://\u00a0».|L’indirizzu web deve cuntene « https:// » o « http:// »
Valid hostname required|Un nom d’hôte valide est requis|Un nome d’ospite accettevule hè richiestu
Connect another device.|Connectez un autre appareil.|Cunnittite un altru apparechju.
Please re-authenticate.|Veuillez vous authentifier à nouveau.|Ci vole à autenticassi torna.
Please enable tab syncing.|Veuillez activer la synchronisation des onglets.|Ci vole à attivà a sincrunizazione di l’unghjette.
You don’t have any tabs open in Firefox on your other devices.|Vous n’avez aucun onglet ouvert dans Firefox sur vos autres appareils.|Ùn avete alcuna unghjetta aperta in Firefox nant’à i vostri altri apparechji.
View a list of tabs from your other devices.|Affichez la liste des onglets de vos autres appareils.|Affissate a lista di l’unghjette di i vostri altri apparechji.
No open tabs|Aucun onglet ouvert|Alcuna unghjetta aperta
Expand group of synced tabs|Développer le groupe d’onglets synchronisés|Spiegà u gruppu d’unghjette sincrunizate
Collapse group of synced tabs|Réduire le groupe d’onglets synchronisés|Ripiegà u gruppu d’unghjette sincrunizate
Shortcuts|Raccourcis|Accurtatoghji
Show all shortcuts|Afficher tous les raccourcis|Affissà tutti l’accurtatoghji
Show less|Afficher moins|Menu detaglii
Add shortcut|Ajouter un raccourci|Aghjunghje un accurtatoghju
Add to homepage|Ajouter à la page d’accueil|Aghjunghje à a pagina d’accolta
Add website|Ajouter un site web|Aghjunghje un situ web
Enter a Website URL|Saisir l’adresse d’un site web|Stampittate l’indirizzu d’un situ web
Popular sites|Sites populaires|Siti pupulari
Shortcut limit reached|Nombre maximal de raccourcis atteint|Numeru massimu d’accurtatoghji toccu
To add a new shortcut, remove one. Touch and hold the site and select remove.|Pour ajouter un nouveau raccourci, supprimez-en un autre. Faites un appui long sur le site et sélectionnez supprimer.|Per aghjunghje un novu accurtatoghju, ci vole à cacciane un’altru. Effettuate una longa incalcata nant’à u situ è selezziunate Caccià
OK, Got It|J’ai compris|Iè, aghju capitu
Shortcut URL|Adresse du raccourci|Indirizzu web di l’accurtatoghju
Our sponsors & your privacy|Nos sponsors et votre vie privée|I nostri spunsurizatori è a vostra vita privata
Enter a valid URL|Saisissez une adresse valide|Stampittate un indirizzu web accettevule
URL|Adresse|Indirizzu web
Inactive tabs|Onglets inactifs|Unghjette inattive
Items: %d|Éléments\u00a0: %d|Elementi\u00a0: %d
Close all inactive tabs|Fermer tous les onglets inactifs|Chjode tutte l’unghjette inattive
Expand inactive tabs|Développer les onglets inactifs|Spiegà l’unghjette inattive
Collapse inactive tabs|Réduire les onglets inactifs|Ripiegà l’unghjette inattive
Firefox can close tabs you haven’t viewed over the past month.|Firefox peut fermer les onglets que vous n’avez pas consultés au cours du mois dernier.|Firefox pò chjode l’unghjette chì vo ùn avete micca fighjate durante un mese scorsu.
TURN ON AUTO CLOSE|ACTIVER LA FERMETURE AUTOMATIQUE|ATTIVÀ A CHJUSURA AUTUMATICA
Auto-close enabled|Fermeture automatique activée|Chjusura autumatica attivata
Firefox Suggest|Firefox suggère|Firefox suggerisce
Trending on %s|Tendance sur %s|Tendenza nant’à %s
Google Search|Recherche Google|Ricerca Google
%s search|Recherche %s|Ricerca cù %s
Recent Searches|Recherches récentes|Ricerche recente
Switch your default browser|Changez de navigateur par défaut|Cambià di navigatore predefinitu
Set links from websites, emails, and messages to open automatically in Firefox.|Faites en sorte que les liens des sites web, des e-mails et des messages s’ouvrent automatiquement dans Firefox.|Definisce chì i liami di i siti web, i currieri elettronichi è i messaghji s’aprinu autumaticamente in Firefox.
Click for more details|Cliquez pour plus de précisions|Cliccu per sapene di più
Navigate up|Remonter|Navigà insù
News|Actualités|Nutizie
Discover more stories|Découvrez d’autres articles|Scuprite d’altri articuli
Enable telemetry to send data.|Activez la télémétrie pour envoyer des données.|Attivà a telemetria per mandà dati.
open link to learn more about this collection|ouvrir le lien pour en savoir plus sur cette collection|apre u liame per sapene di più nant’à sta cullezzione
Translate this page?|Traduire cette page ?|Traduce sta pagina ?
Page translated from %1$s to %2$s|Page traduite en %2$s, l’originale est en %1$s|Pagina tradutta in %2$s, l’origine hè in %1$s
Try private translations in %1$s|Essayer les traductions privées de %1$s|Pruvà e traduzzioni private di %1$s
For your privacy, translations never leave your device. New languages and improvements coming soon! %1$s|Afin de respecter votre vie privée, les traductions ne quittent jamais votre appareil. De nouvelles langues et des améliorations seront bientôt disponibles ! %1$s|Per rispettà a vostra vita privata, e traduzzioni ùn escenu mai da u vostru apparechju. Lingue nove è altri amendamenti seranu dispunibule prestu ! %1$s
Translate from|Langue source\u00a0:|Traduce da
Translate to|Langue cible\u00a0:|Traduce versu
Try another source language|Essayer une autre langue source|Pruvate un’altra lingua d’origine
Show original|Afficher la page d’origine|Affissà a pagina d’origine
Original untranslated page loaded|Page originale non traduite chargée|Pagina originale micca tradutta caricata
Try again|Veuillez réessayer|Pruvà torna
Translating|Traduction|Traduzzione
Translating in Progress|Traduction en cours|Traduzzione in corsu
Choose a language|Choisissez une langue|Sciglite una lingua
There was a problem translating. Please try again.|Un problème s’est produit lors de la traduction. Veuillez réessayer.|Un prublema hè accadutu durante a traduzzione. Ci vole à pruvà torna.
Couldn’t load languages. Check your internet connection and try again.|Impossible de charger les langues. Veuillez vérifier votre connexion Internet puis réessayer.|Ùn si pò micca caricà e lingue. Ci vole à verificà a vostra cunnessione internet è pruvà torna.
Sorry, we don’t support translations from %1$s yet.|Désolé, nous ne prenons pas encore en charge les traductions depuis cette langue\u00a0: %1$s.|Per disgrazia, ùn pigliemu ancu in contu e traduzzioni per a lingua %1$s.
Translating…|Traduction…|Traduzzione…
Download language in data saving mode (%1$s)?|Télécharger la langue en mode d’économie de données (%1$s) ?|Scaricà a lingua in modu di risparmiu di dati (%1$s) ?
Translation options|Options de traduction|Ozzioni di traduzzione
Always offer to translate|Toujours proposer de traduire|Prupone sempre di traduce
Always translate %1$s|Toujours traduire les pages en %1$s|Traduce sempre in %1$s
Never translate %1$s|Ne jamais traduire les pages en %1$s|Ùn traduce mai in %1$s
Never translate this site|Ne jamais traduire ce site|Ùn traduce mai stu situ
Overrides all other settings|Remplace tous les autres paramètres|Supraneghja tutti l’altri parametri
Overrides offers to translate|Remplace les propositions de traduction|Supraneghja e pruposte di traduzzione
Translation settings|Paramètres de traduction|Parametri di traduzzione
About translations in %1$s|À propos des traductions dans %1$s|Apprupositu di e traduzzioni in %1$s
Close Translations sheet|Fermer l’onglet Traductions|Chjode u panellu di e traduzzioni
Some settings are temporarily unavailable.|Certains paramètres sont temporairement indisponibles.|Certi parametri sò timpurariamente indispunibule.
Offer to translate when possible|Proposer de traduire lorsque cela est possible|Prupone di traduce quand’ella hè pussibule
Always download languages in data saving mode|Toujours télécharger les langues en mode d’économie de données|Scaricà sempre e lingue in modu di risparmiu di dati
Translation preferences|Préférences de traduction|Preferenze di traduzzione
Automatic translation|Traduction automatique|Traduzzione autumatica
Never translate these sites|Ne jamais traduire ces sites|Ùn traduce mai sti siti
Download languages|Télécharger des langues|Scaricà lingue
Select a language to manage ”always translate“ and ”never translate“ preferences.|Sélectionnez une langue pour gérer les préférences «\u00a0Toujours traduire\u00a0» et «\u00a0Ne jamais traduire\u00a0».|Selezziunà una lingua per sceglie l’ozzione « Traduce sempre » o « Ùn traduce mai ».
Couldn’t load languages. Please check back later.|Impossible de charger les langues. Veuillez réessayer plus tard.|Ùn si pò micca caricà e lingue. Ci vole à verificà un’altra volta.
Offer to translate (default)|Proposer de traduire (par défaut)|Prupone di traduce (predefinitu)
%1$s will offer to translate sites in this language.|%1$s proposera de traduire les sites dans cette langue.|%1$s pruponerà di traduce i siti in sta lingua.
Always translate|Toujours traduire|Traduce sempre
%1$s will translate this language automatically when the page loads.|%1$s traduira automatiquement la page dans cette langue à son chargement.|%1$s traducerà autumaticamente sta lingua à u caricamentu di a pagina.
Never translate|Ne jamais traduire|Ùn traduce mai
%1$s will never offer to translate sites in this language.|%1$s ne proposera jamais de traduire les sites dans cette langue.|%1$s ùn pruponerà mai di traduce i siti in sta lingua.
To add a new site: Visit it and select “Never translate this site” from the translation menu.|Pour ajouter un nouveau site\u00a0: visitez-le et sélectionnez «\u00a0Ne jamais traduire ce site\u00a0» dans le menu des traductions.|Per aghjunghje un situ novu : visitatelu è selezziunate « Ùn traduce mai stu situ » da u listinu di traduzzione.
Remove %1$s|Supprimer %1$s|Caccià %1$s
Couldn’t load sites. Please check back later.|Impossible de charger des sites. Veuillez réessayer plus tard.|Ùn si pò micca caricà i siti. Ci vole à verificà un’altra volta.
Delete %1$s?|Supprimer %1$s ?|Squassà %1$s ?
Download complete languages for faster translations and to translate offline. %1$s|Téléchargez des langues complètes pour bénéficier de traductions plus rapides et pour traduire hors connexion. %1$s|Scaricate e lingue sane per traduce più prestu è senza cunnessione internet. %1$s
Available languages|Langues disponibles|Lingue dispunibule
required|requis|richiestu
Download Languages|Télécharger des langues|Scaricà lingue
All languages|Toutes les langues|Tutte e lingue
Delete all languages|Supprimer toutes les langues|Squassà tutte e lingue
Stop downloading %1$s (%2$s)|Interrompre le téléchargement\u00a0: %1$s (%2$s)|Piantà u scaricamentu di %1$s (%2$s)
Couldn’t download <b>%1$s</b>. Please try again.|Impossible de télécharger <b>%1$s</b>. Veuillez réessayer.|Ùn si pò micca scaricà <b>%1$s</b>. Pruvate torna.
Couldn’t delete <b>%1$s</b>. Please try again.|Impossible de supprimer <b>%1$s</b>. Veuillez réessayer.|Ùn si pò micca squassà <b>%1$s</b>. Pruvate torna.
Delete %1$s (%2$s)?|Supprimer %1$s (%2$s) ?|Squassà %1$s (%2$s) ?
If you delete this language, %1$s will download partial languages to your cache as you translate.|Si vous supprimez cette langue, %1$s la téléchargera partiellement dans votre cache au fur et à mesure de vos demandes de traduction.|S’è vo squassate sta lingua, %1$s scaricherà in l’impiatta certe parti di lingue à pocu à pocu di e traduzzioni.
Delete all languages (%1$s)?|Supprimer toutes les langues (%1$s) ?|Squassà tutte e lingue (%1$s) ?
If you delete all languages, %1$s will download partial languages to your cache as you translate.|Si vous supprimez toutes les langues, %1$s téléchargera des langues partielles dans votre cache au fur et à mesure de vos demandes de traduction.|S’è vo squassate tutte e lingue, %1$s scaricherà in l’impiatta certe parti di lingue à pocu à pocu di e traduzzioni.
Download while in data saving mode (%1$s)?|Télécharger en mode d’économie de données (%1$s) ?|Scaricà in modu di risparmiu di dati (%1$s) ?
We download partial languages to your cache to keep translations private.|Nous téléchargeons partiellement des langues dans votre cache pour que les traductions restent privées.|Scarichemu in a vostra impiatta certe parti di lingue per mantene private e vostre traduzzioni.
Always download in data saving mode|Toujours télécharger en mode d’économie de données|Scaricà sempre in modu di risparmiu di dati
Download and translate|Télécharger et traduire|Scaricà è traduce
Be careful on this site|Faites attention sur ce site|Fate casu nant’à stu situ
Your connection is not secure.|La connexion n’est pas sécurisée.|A vostra cunnessione ùn hè micca assicurata.
You turned off protections|Vous avez désactivé les protections|Avete disattivatu e prutezzioni
%s is off-duty. We suggest turning protections back on.|%s n’est pas en service. Nous vous suggérons de réactiver les protections.|%s ùn hè micca in serviziu. Vi ricumandemu d’attivà torna e prutezzioni.
%s is on guard|%s vous protège|%s vi prutege
You’re protected.|Vous êtes protégé·e.|Site prutetti.
On|Activée|Attivata
If something looks broken on this site, try turning it off.|Si quelque chose semble ne pas fonctionner sur ce site, tentez de désactiver cette fonctionnalité.|S’è qualcosa ùn pare micca funziunà nant’à stu situ, pruvate di disattivà sta funzione.
Turning on tracking protection is recommended.|Il est recommandé d’activer la protection contre le pistage.|Hè ricumandatu d’attivà a prutezzione contr’à u spiunagiu.
Trackers blocked: %d|Traqueurs bloqués\u00a0: %d|Perseguitatori bluccati : %d
Trackers aren’t blocked|Les traqueurs ne sont pas bloqués|I perseguitatori ùn sò micca bluccati
Privacy Settings|Paramètres de vie privée|Parametri di cunfidenzialità
Permissions|Autorisations|Permessi
Removing cookies and site data for <b>%s</b> might log you out of websites and clear shopping carts.|Supprimer les cookies et les données de sites pour <b>%s</b> peut vous déconnecter de sites web et vider vos paniers d’achats.|A squassatura di i canistrelli è di i dati di i siti per <b>%s</b> puderia discunnettevi è viutà e sporte di cumprera.
Secure connection|Connexion sécurisée|Cunnessione assicurizata
Connection not secure|Connexion non sécurisée|Cunnessione micca assicurata
This page is stored on your device|Cette page est stockée sur votre appareil|Sta pagina hè piazzata nant’à u vostru apparechju
Verified by %s|Vérifié par %s|Verificatu da %s
Close dashboard|Fermer le tableau de bord|Chjode a tavula di cundutta
Issued to %s|Émis pour %s|Emessu per %s
Qualified as specified in Regulation (EU) 2024/1183.|Qualifié conformément au règlement (UE) n°\u00a02024/1183.|Qualificatu cunfurmamente à u regulamentu (UE) 2024/1183.
Debug Tools|Outils de débogage|Attrezzi di spannatura
Navigate back|Revenir|Navigazione in daretu
Open debug drawer|Ouvrir le panneau de débogage|Apre a cantera di spannatura
Tab Tools|Outils d’onglets|Attrezzi d’unghjette
Tab count|Nombre d’onglets|Numeru d’unghjette
Active|Actif|Attive
Inactive|Inactifs|Inattive
Total|Total|Tutale
Tab creation tool|Outil de création d’onglets|Attrezzu di creazione d’unghjetta
Tab quantity to create|Nombre d’onglets à créer|Numeru d’unghjette à creà
Text field is empty|Le champ de texte est vide|U campu di testu hè viotu
Please enter positive integers only|Saisissez uniquement des nombres entiers positifs|Stampittate solu numeri interi pusitivi
Please enter a number greater than zero|Saisissez un nombre supérieur à zéro|Stampittate un numeri superiore à zeru
Exceeded the maximum number of tabs (%1$s) that can be generated in one operation|Vous avez dépassé le nombre maximal d’onglets (%1$s) qui peuvent être générés en une seule opération|Avete trapassatu u numeru massimu d’unghjette (%1$s) chì ponu esse ingenerate in una sola operazione
Add to active tabs|Ajouter aux onglets actifs|Aghjunghje à l’unghjette attive
Add to inactive tabs|Ajouter aux onglets inactifs|Aghjunghje à l’unghjette inattive
Add to private tabs|Ajouter aux onglets privés|Aghjunghje à l’unghjette private
Help us make Firefox better. It only takes a minute.|Aidez-nous à améliorer Firefox. Cela ne prend qu’une minute.|Aiutateci à amendà Firefox. Què piglia solu un minutu.
Please complete survey|Merci de répondre au sondage|Vi ringraziemu di risponde à l’inchiesta
Submit|Envoyer|Mandà
Survey complete|Sondage terminé|Inchiesta compia
Thanks for your feedback!|Merci de votre retour !|Vi ringraziemu d’avè spartitu u vostru avisu !
Very satisfied|Très satisfait·e|Assai felice
Satisfied|Satisfait·e|Felice
Neutral|Indifférent·e|Indifferente
Dissatisfied|Insatisfait·e|Infelice
Very dissatisfied|Très insatisfait·e|Assai infelice
I don’t use it|Je ne l’utilise pas|Ùn l’impiegu micca
I don’t use search on Firefox|Je n’utilise pas la recherche avec Firefox|Ùn impiegu micca a ricerca in Firefox
I don’t use sync|Je n’utilise pas la synchronisation|Ùn impiegu micca a sincrunizazione
It’s slow or buggy|Il est lent ou comporte des bugs|Hè lentu o difettuosu
Features are hard to find or missing|Les fonctionnalités sont difficiles à trouver ou manquantes|E funzioni sò difficiule à truvà o assente
It’s confusing or hard to use|Il est déroutant ou difficile à utiliser|Hè pocu chjaru o difficiule à impiegà
It’s okay, but not better than other browsers|Il est bien, mais pas meilleur que les autres navigateurs|Funziuneghja bè, ma micca megliu chè l’altri navigatori
I plan to keep using Firefox|J’ai l’intention de continuer à utiliser Firefox|Pensu cuntinuà à impiegà Firefox
Help make printing in Firefox better. It only takes a sec|Aidez-nous à améliorer l’impression dans Firefox. Cela ne prend qu’un instant|Aiutateci à amendà a stampa in Firefox. Què piglia solu una stonda
Help make search in Firefox better. It only takes a minute|Aidez-nous à améliorer la recherche dans Firefox. Cela ne prend qu’une minute|Aiutateci à amendà a ricerca in Firefox. Què piglia solu un minutu
Help make sync in Firefox better. It only takes a minute|Aidez-nous à améliorer la synchronisation de Firefox. Cela ne prend qu’une minute|Aiutateci à amendà a sincrunizazione in Firefox. Què piglia solu un minutu
How satisfied are you with printing in Firefox?|Êtes-vous satisfait·e de l’impression avec Firefox ?|Quantu site cuntenti di a stampa in Firefox ?
How satisfied are you with your Firefox homepage?|Quel est votre degré de satisfaction avec votre page d’accueil de Firefox ?|Quantu site cuntenti di a vostra pagina d’accolta in Firefox ?
How satisfied are you with the search experience in Firefox?|Êtes-vous satisfait·e de la recherche avec Firefox ?|Quantu site cuntenti di a ricerca in Firefox ?
How satisfied are you with the sync experience in Firefox?|Êtes-vous satisfait·e de la synchronisation de Firefox ?|Quantu site cuntenti di a sincrunizazione in Firefox ?
Help us improve Firefox. Which best describes your experience so far?|Aidez-nous à améliorer Firefox. Quelle proposition décrit le mieux votre expérience\u00a0?|Aiutateci à amendà Firefox. Chì pruposta definisce u megliu a vostra esperienza\u00a0?
Your feedback matters. Why are you uninstalling?|Votre avis compte. Pourquoi effectuez-vous la désinstallation\u00a0?|U vostru avisu conta. Per chì ragione disinstallate ?
It’s slow or unreliable|Il est lent ou instable|Hè lentu è micca degnu di cunfidenza
Websites didn’t work properly|Les sites web ne fonctionnaient pas correctement|I siti web ùn funziuneghjanu micca currettamente
Missing features I need|Certaines fonctionnalités essentielles me manquent|Certe funzioni impurtante sò assente
Videos, downloads, or media didn’t work|Des vidéos, des téléchargements ou d’autres contenus multimédias ne fonctionnaient pas|Filmetti, scaricamenti o d’altri cuntenuti multimedia ùn funziunavanu micca
It’s hard to use or poorly designed|Il est difficile à utiliser ou mal conçu|Hè difficiule da impiegà o mal cuncepitu
Privacy or security concerns|Préoccupations concernant la confidentialité ou la sécurité|Penseri apprupositu di a cunfidenzialità o di a sicurità
Submit feedback and uninstall|Envoyer vos commentaires et désinstaller|Mandà u vostru avisu è disinstallà
Survey feature icon|Icône de fonctionnalité de sondage|Icona di a funzione d’inchiesta
Close survey|Fermer le sondage|Chjode l’inchiesta
Autofill tools|Outils de remplissage automatique|Attrezzi di riempiimentu autumaticu
Logins|Identifiants|Identificazioni di cunnessione
Current domain: %s|Domaine actuel\u00a0: %s|Duminiu attuale : %s
Add a fake login for this domain|Ajouter un faux identifiant pour ce domaine|Aghjunghje un’identificazione di cunnessione falsa per stu duminiu
Delete login with username %s|Supprimer l’identifiant avec le nom d’utilisateur %s|Squassà l’identificazione di cunnessione cù u nome d’utilizatore %s
Debug locales to enable|Déboguer les locales à activer|Lingue di spannatura à attivà
Add new address for selected locale|Ajouter une nouvelle adresse pour la langue sélectionnée|Aghjunghje un indirizzu novu per a lingua selezziunata
Delete all addresses|Supprimer toutes les adresses|Squassà tutti l’indirizzi
Credit cards|Cartes bancaires|Carte bancarie
Add new credit card|Ajouter une nouvelle carte bancaire|Aghunghje una carta bancaria nova
Delete all credit cards|Supprimer toutes les cartes bancaires|Squassà tutte e carte bancarie
CFR Tools|Outils CFR|Attrezzi CFR
Reset CFRs|Réinitialiser les CFR|Reinizià i CFR
Glean Debug Tools|Outils de débogage Glean|Attrezzi di spannatura Glean
Region Tools|Outils régionaux|Attrezzi di regione
Temporarily overrides the home and current region values for testing.|Remplace temporairement les valeurs de région actuelle et du domicile à fin de tests.|Rimpiazzeghja timpurariamente i valori di regione - accolta è attuale - per fà prove.
Home region|Région du domicile|Regione d’accolta
Current region|Région actuelle|Regione attuale
Override home region|Remplacer la région du domicile|Rimpiazzà a regione d’accolta
Override current region|Remplacer la région actuelle|Rimpiazzà a regione attuale
Override home and current region|Remplacer la région du domicile et la région actuelle|Rimpiazzà e regioni d’accolta è attuale
Override home region permanently|Remplacer la région du domicile de façon permanente|Rimpiazzà a regione d’accolta ab’eternu
Add-ons Tools|Outils pour les modules|Attrezzi per i moduli addiziunale
Check for updates|Rechercher des mises à jour|Ricercà versioni nove
Drag from top & use back gesture to exit|Balayez depuis le haut et utilisez le geste de retour pour quitter|Trascinà da l’altu è impiegà u gestu di ritornu per esce
Drag from top & press back to exit|Balayez depuis le haut et appuyez sur le bouton retour pour quitter|Trascinà da l’altu è appughjà nant’à u buttone di ritornu per esce
Update now|Mettre à jour maintenant|Rinnovà subitu
Update your Firefox browser|Mettez à jour votre navigateur Firefox|Mittite à livellu u vostru navigatore Firefox
A root certificate will expire, causing some features to stop working on March 14.|Un certificat racine va expirer, provoquant l’arrêt de certaines fonctionnalités le 14 mars.|Un certificatu di radica stà per scadà, cagiunendu a fermata di certe funzioni u 14 di marzu.
Update before March 14|Effectuez la mise à jour avant le 14 mars|Mittite à livellu prima di u 14 di marzu
A root certificate will expire, causing your version of Firefox to stop working properly.|Un certificat racine va expirer, votre version de Firefox ne fonctionnera plus correctement.|Un certificatu di radica stà per scadà, è a vostra versione di Firefox ùn funziunerà più currettamente.
Less than 7 days to left to update|Moins de 7 jours pour effectuer la mise à jour|Ci ferma menu di 7 ghjorni per mette à livellu
On March 14, add-ons and other Firefox features will stop working because a root certificate is expiring.|Le 14 mars, des modules complémentaires et certaines fonctionnalités de Firefox cesseront de fonctionner car un certificat racine va expirer.|U 14 di marzu, i moduli addiziunali è certe funzioni di Firefox ùn funziuneranu più per via di a scadenza d’un certificatu di radica.
Last chance to keep your Firefox|Dernière chance pour continuer à utiliser Firefox|Ultima pussibilità per cuntinuà à impiegà Firefox
Your version of Firefox will stop working properly on March 14 because a root certificate is expiring.|Votre version de Firefox cessera de fonctionner correctement le 14 mars, car un certificat racine est sur le point d’expirer.|A vostra versione di Firefox ùn funziunerà più u 14 di marzu per via di a scadenza d’un certificatu di radica.
Update recommended|Mise à jour recommandée|Messa à livellu ricumandata
Add-ons and some features will stop working on March 14.|Des modules complémentaires et certaines fonctionnalités cesseront de fonctionner le 14 mars.|I moduli addiziunali è certe funzioni ùn funziuneranu più u 14 di marzu.
You’re on an older version of Firefox|Vous utilisez une ancienne version de Firefox|Impiegate una versione anziana di Firefox
Update before March 14 to keep using add-ons and other features.|Effectuez la mise à jour avant le 14 mars pour continuer à utiliser vos modules complémentaires et d’autres fonctionnalités.|Mittite à livellu prima di u 14 di marzu per cuntinuà à impiegà i moduli addiziunali è d’altre funzioni.
Some features will stop working tomorrow.|Certaines fonctionnalités cesseront de fonctionner demain.|Certe funzioni ùn funziuneranu più dumane.
Finish setting up %1$s|Terminer la configuration de %1$s|Compie a cunfigurazione di %1$s
Congratulations!|Félicitations !|Felicitazioni !
Complete these 3 steps to set up %1$s for the best browsing experience.|Effectuez ces trois étapes pour configurer %1$s et profiter au mieux de votre navigation.|Compie ste 3 tappe per cunfigura %1$s è ottene a più bella esperienza di navigazione.
Great start! You’ve completed 1 out of 3 steps.|Bon début ! Vous avez effectué la première des trois étapes.|Bellu avviu ! Avete compiu 1 nant’à e 3 tappe.
Almost there! Two steps finished and 1 to go.|Un dernier effort ! Deux étapes terminées, encore une pour finir.|Ci simu guasi ! 2 tappe finite è 1 à compie.
You’ve completed all 3 steps. Enjoy the speed, privacy, and security of %1$s.|Vous avez effectué les trois étapes. Profitez de la vitesse, de la confidentialité et de la sécurité de %1$s.|Avete compiu e 3 tappe. Toccu à voi d’apprezzà a vitezza, a cunfidenzialità è a sicurità di %1$s.
Complete all 6 steps to set up %1$s for the best browsing experience.|Effectuez ces six étapes pour configurer %1$s et bénéficier de la meilleure navigation possible.|Compie e 6 tappe per cunfigura %1$s è ottene a più bella esperienza di navigazione.
Great start! You’ve completed 1 out of 6 steps.|Bon début ! Vous avez effectué la première des six étapes.|Bellu avviu ! Avete compiu 1 nant’à e 6 tappe.
You’ve completed 2 out of 6 steps. Great progress!|Deux étapes sur six terminées. On progresse !|Avete compiu 2 nant’à e 6 tappe. Bella prugressione !
You’re halfway there! Three steps finished and 3 to go.|Vous êtes à mi-chemin ! Trois étapes sont terminées et il en reste trois.|Site à mezu viaghju ! 3 tappe finite è 3 à compie.
You’re 4 steps in. Only 2 more to go!|Vous en êtes à quatre étapes. Plus que deux !|Avete compiu 4 tappe. Vi ne fermanu solu 2 !
Almost there! You’re just 1 step away from the finish line.|Presque au bout ! Plus qu’une étape avant la ligne d’arrivée.|Ci simu guasi ! Ancu 1 tappa prima di compie.
You’ve completed all 6 setup steps. Enjoy the speed, privacy, and security of %1$s.|Vous avez effectué les six étapes de la configuration. Profitez de la vitesse, de la confidentialité et de la sécurité de %1$s.|Avete compiu e 6 tappe di a cunfigurazione. Toccu à voi d’apprezzà a vitezza, a cunfidenzialità è a sicurità di %1$s.
Complete all 5 steps to set up %1$s for the best browsing experience.|Effectuez ces cinq étapes pour configurer %1$s et bénéficier de la meilleure navigation possible.|Compie ste 5 tappe per cunfigura %1$s è ottene a più bella esperienza di navigazione.
Great start! You’ve completed 1 out of 5 steps.|Bon début ! Vous avez effectué la première des cinq étapes.|Bellu avviu ! Avete compiu 1 nant’à e 5 tappe.
You’ve completed 2 out of 5 steps. Great progress!|Deux étapes sur cinq terminées. On progresse !|Avete compiu 2 nant’à e 5 tappe. Bella prugressione !
You’re halfway there! Three steps finished and 2 to go.|Vous êtes à mi-chemin ! Trois étapes sont terminées et il en reste deux.|Site à mezu viaghju ! Trè tappe finite è 2 à compie.
You’ve completed all 5 setup steps. Enjoy the speed, privacy, and security of %1$s.|Vous avez effectué les cinq étapes de la configuration. Profitez de la vitesse, de la confidentialité et de la sécurité de %1$s.|Avete compiu e 5 tappe di a cunfigurazione. Toccu à voi d’apprezzà a vitezza, a cunfidenzialità è a sicurità di %1$s.
Sign in to your account|Vous connecter à votre compte|Cunnittitevi à u vostru contu
Select a theme|Sélectionner un thème|Selezziunà un temu
Choose toolbar placement|Choisir l’emplacement de la barre d’outils|Sceglie a pusizione di a barra d’attrezzi
Explore search widget|Découvrir les widgets de recherche|Scuprite l’oggettu graficu di ricerca
%1$s essentials|Les fondamentaux de %1$s|Essenziale per %1$s
Customize your %1$s|Personnalisez %1$s|Persunalizà u vostru %1$s
Helpful tools|Outils utiles|Attrezzi ghjuvevule
Remove checklist|Supprimer la liste de vérification|Caccià à lista di cuntrollu
Completed task|Tâche terminée|Tacca compia
Task icon|Icône de tâche|Icona di tacca
Leave private tabs|Quitter les onglets privés|Lascià l’unghjette private
Unlock private tabs|Déverrouillez les onglets privés|Spalancà l’unghjette private
Enable private tabs screen lock|Activer le verrouillage de l’écran pour les onglets privés|Attivà l’ammarchjunata di u screnu per l’unghjette private
Disable private tabs screen lock|Désactiver le verrouillage de l’écran pour les onglets privés|Disattivà l’ammarchjunata di u screnu per l’unghjette private
Set up screen lock to hide tabs|Configurez le verrouillage de l’écran pour masquer les onglets|Cunfigurà l’ammarchjunata di u screnu per piattà l’unghjette
Use screen lock to hide private tabs?|Utiliser le verrouillage de l’écran pour masquer les onglets privés ?|Impiegà l’ammarchjunata di u screnu per piattà l’unghjette private
Lock tabs|Verrouiller les onglets|Ammarchjunà l’unghjette
What do you think about %1$s?|Que pensez-vous de %1$s\u00a0?|Chì ne pensate di %1$s\u00a0?
I’m having issues|J’ai des problèmes|Aghju penseri
It’s great!|C’est parfait\u00a0!|Hè perfettu\u00a0!
Thanks for loving %1$s. Got a second to spread the love with a rating?|Merci d’apprécier %1$s. Auriez-vous une seconde pour nous attribuer une note\u00a0?|Simu cuntenti chì %1$s vi piace. Averiate una seconda per attribuisceci una nota di valutazione\u00a0?
Rate %1$s on the Play Store|Noter %1$s sur le Play Store|Valutà %1$s nant’à u Play Store
We’re sorry you’re having issues. Let us know how we can improve %1$s.|Nous regrettons que vous rencontriez des difficultés. Dites-nous comment nous pourrions améliorer %1$s.|Simu tristi di sapè chì vo scuntrate penseri. Fateci sapè cumu no pudemu amendà %1$s.
Leave feedback|Donner mon avis|Dà u mo avisu
Search settings|Rechercher dans les paramètres|Parametri di ricerca
Clear Search|Effacer la recherche|Squassà e ricerche
Navigate Back|Précédent|Navigazione in daretu
No recent searches|Aucune recherche récente|Nisuna ricerca recente
Clear all|Tout effacer|Tuttu squassà
Recent search results|Résultats de recherche récents|Risultati recenti di ricerca
Nothing turned up|Aucun résultat|Nisunu risultatu
Maybe try a different search?|Essayez peut-être une recherche différente\u00a0?|Pruvate forse una ricerca sfarente\u00a0?
Settings search button|Bouton de recherche des paramètres|Buttone di ricerca di i parametri
We’ve got an update|Il y a du nouveau|Ci hè una nutizia
We’ve introduced a %1$s %2$s and updated our %3$s.|Nous avons mis en place des %2$s pour %1$s et mis à jour notre %3$s.|Avemu messu in piazza %2$s per %1$s è mudificatu a nostra %3$s.
Please take a moment to review and accept. %1$s.|Veuillez prendre quelques instants pour les consulter et les accepter. %1$s.|Ci vole à piglià u so tempu per fighjalle è accettalle. %1$s.
Accept|Accepter|Accettà
Remind me later|Me le rappeler plus tard|Rammintatemi un altra volta
A note from %1$s|Un message de %1$s|Un messaghju da %1$s
You can learn more %1$s.|Vous pouvez en savoir plus %1$s.|Pudete sapene di più %1$s.
here|via ce lien|quì
We’ve updated our %1$s to reflect the latest features in Firefox. %2$s|Nous avons mis à jour notre %1$s pour prendre en compte les dernières fonctionnalités de Firefox. %2$s|Avemu messu à livellu a nostra %1$s per piglià in contu l’ultime funzioni di Firefox. %2$s
Collections are now groups|Les collections sont désormais des groupes|Oramai, e cullezzioni sò gruppi
There’s a simpler way to keep your tabs organized|Il existe un moyen plus simple d’organiser vos onglets|Ci hè una manera più simplice d’urganizà e vostre unghjette
View my tab groups|Afficher mes groupes d’onglets|Affissà i mo gruppi d’unghjette
Enable Google Lens Integration|Activer l’intégration de Google Lens|Attivà l’integrazione cù Google Lens
Search with image|Rechercher avec une image|Ricercà cù una fiura
Choose from gallery to send to Google Lens|Sélectionner une image de la galerie à envoyer à Google Lens|Sceglie una fiura in a galleria da mandà à Google Lens
Take photo and send to Google Lens|Prendre une photo et l’envoyer à Google Lens|Piglià una fotò è mandalla à Google Lens
Search with Google Lens|Rechercher avec Google Lens|Circà cù Google Lens
Permission denied|Permission refusée|Permessu ricusatu
Enable Google Lens search|Activer la recherche Google Lens|Attivà a ricerca cù Google Lens
Sends images and photos to Google for visual search.|Envoie des images et des photos à Google pour effectuer une recherche visuelle.|Manda fiure è fotò à Google per fà una ricerca visuale.
Available only when Google is enabled above and is your active search engine while browsing.|Disponible uniquement si Google est activé ci-dessus et défini comme moteur de recherche principal lors de la navigation.|Dispunibule solu s’è Google hè attivatu quì sopra è definitu cum’è u vostru mutore di ricerca attivu durante a navigazione.
No QR code found in image|Aucun code QR trouvé dans l’image|Nisunu codice QR trovu in a fiura
Find it with Google Lens|Trouvez ce que vous recherchez avec Google Lens|Truvatelu cù Google Lens
Choose an image or use your camera to get results with Google Lens.|Sélectionnez une image ou utilisez votre appareil photo pour obtenir des résultats avec Google\u00a0Lens.|Sciglite una fiura o impiegate u vostru apparechju’fotò per ottene risultati cù Google Lens.
Google Lens settings|Paramètres de Google Lens|Parametri Google Lens
Try it now|Essayer maintenant|Pruvà subitu
Firefox Labs|Firefox Labs|Laburatoriu Firefox
Try our experimental features!|Essayez nos fonctionnalités expérimentales\u00a0!|Pruvate e nostre funzioni esperimentale\u00a0!
They’re in development and evolving which could impact how %s works.|Elles sont en cours de développement et évoluent, ce qui pourrait affecter le fonctionnement de %s.|Sò in corsu di sviluppu è cambianu aspessu ciò chì puderia influenzà u funziunamentu di %s.
Share feedback|Donner mon avis|Sparte u mo avisu
Share feedback for %s.|Donnez votre avis sur %s.|Sparte u mo avisu nant’à %s.
Restore defaults|Restaurer les valeurs par défaut|Risturà i valori predefiniti
Restart required|Redémarrage nécessaire|Rilanciu richiestu
Restart|Redémarrer|Rilancià
To restore defaults, restart %s.|Pour restaurer les valeurs par défaut, redémarrez %s.|Per risturà i valori predefiniti, rilanciate %s.
To turn on this feature, restart %s.|Pour activer cette fonctionnalité, redémarrez %s.|Per attivà sta funzione, rilanciate %s.
To turn off this feature, restart %s.|Pour désactiver cette fonctionnalité, redémarrez %s.|Per disattivà sta funzione, rilanciate %s.
Feature isn’t available to try.|Cette fonctionnalité n’est pas disponible à l‘essai.|Sta funzione ùn hè micca dispunibule à a prova.
No experimental features to try right now|Aucune fonctionnalité expérimentale à essayer pour l’instant|Ora, ùn ci hè alcuna funzione esperimentale da pruvà
Website isolation|Isolement de sites web|Isulamentu di situ web
An extra barrier between websites that helps protect your data across tabs. May affect performance, stability, website compatibility, and how browsing history is saved.|Une couche de protection supplémentaire entre les sites web pour mieux sécuriser vos données d’un onglet à l’autre. L’isolement peut avoir un effet sur les performances, la stabilité, la compatibilité des sites web et la façon dont l’historique de navigation est enregistré.|Una prutezzione addiziunale trà i siti web chì vi aiuta à prutege i vostri dati d’una unghjetta à l’altra. L’isulamentu pò avè un effettu nant’à e perfurmenze, a stabilità, a cumpatibilità di i siti web è cumu a cronolugia di navigazione hè arregistrata.
Sign PDF|Signer le PDF|Firmà u PDF
Download PDF|Télécharger le PDF|Scaricà u PDF
Print PDF|Imprimer le PDF|Stampà u PDF
Share PDF|Partager le PDF|Sparte u PDF
Add a signature|Ajout d’une signature|Aghjuntu d’una segnatura
Close PDF signature panel|Fermer le panneau de signature du PDF|Chjode u pannellu di segnatura di u PDF
Type signature|Saisissez votre signature|Stampittà a segnatura
Browsing history cleared|Historique de navigation effacé|Cronolugia di navigazione squassata
Tab’s browsing history has been erased.|L’historique de navigation de l’onglet a été effacé.|A cronolugia di navigazione di l’unghjetta hè stata squassata.
Share…|Partager…|Sparte…
Open in…|Ouvrir avec…|Apre cù…
Add to Shortcuts|Ajouter aux raccourcis|Aghjunghje à l’accurtatoghji
Remove from Shortcuts|Supprimer des raccourcis|Caccià da l’accurtatoghji
Help|Aide|Aiutu
Share via|Partager avec|Sparte cù
Erase browsing history?|Effacer l’historique de navigation ?|Squassà a cronolugia di navigazione ?
Tap or swipe this notification to securely erase your browsing history.|Appuyez sur cette notification ou faites-la glisser pour effacer votre historique de navigation de façon sécurisée.|Picchichjate sta nutificazione o fatela sguillà per squassà di manera sicura a vostra cronolugia di navigazione.
Erase browsing history|Effacer l’historique de navigation|Squassà a cronolugia di navigazione
Erase and Open|Effacer et ouvrir|Squassà è apre
Erase|Effacer|Squassà
Erase & open|Effacer et ouvrir|Squassà & apre
Search in Focus|Rechercher dans Focus|Circà in Focus
Search in Klar|Rechercher dans Klar|Circà in Klar
Search in Focus Beta|Rechercher dans Focus Beta|Circà in Focus Beta
Search in Focus Nightly|Rechercher dans Focus Nightly|Circà in Focus Nightly
<p>%1$s puts you in control.</p> <p>Use it as a private browser: <ul> <li>Search and browse right in the app</li> <li>Block trackers (or update settings to allow trackers)</li> <li>Erase to delete cookies as well as search and browsing history</li> </ul> </p> <p>%1$s is produced by Mozilla. Our mission is to foster a healthy, open Internet.<br/> <a href="%2$s">Learn more</a></p>|<p>%1$s vous aide à rester aux commandes.</p> <p>Utilisez-le comme un navigateur privé\u00a0: <ul> <li>Effectuez des recherches et naviguez depuis l’application</li> <li>Bloquez les traqueurs (ou modifiez les paramètres pour les autoriser)</li> <li>Effacez les cookies, ainsi que les historiques de navigation et de recherche</li> </ul> </p> <p>%1$s est réalisé par Mozilla. Notre mission est de défendre l’ouverture et la bonne santé d’Internet.<br/> <a href="%2$s">En savoir plus</a></p>|<p>%1$s vi aiuta à stà à e cumande.</p> <p>Impiegatelu cum’è un navigatore privatu : <ul> <li>Fate ricerche è navigate cù l’appiecazione</li> <li>Bluccate i perseguitatori (o mudificà i parametri per auturizalli)</li> <li>Squassate i canistrelli è ancu e cronolugie di navigazione è di ricerca</li> </ul> </p> <p>%1$s hè sviluppatu da Mozilla. A nostra missione hè d’incuragisce un Internet apertu è in bella saluta.<br/> <a href="%2$s">Per sapene di più</a></p>
Privacy & Security|Vie privée et sécurité|Vita privata & sicurità
Tracking, cookies, data choices|Pistage, cookies, données collectées|Traccie, canistrelli, scelta di dati cullettati
Set default, autocomplete|Moteur par défaut, saisie semi-automatique|Mutore predefinitu, scrittura mezu-autumatica
About %1$s, help|À propos de %1$s, aide|Apprupositu di %1$s, aiutu
Web Content|Contenu web|Cuntenutu di u Web
Switching Apps|Navigation entre les applications|Navigazione trà l’appiecazioni
Default browser, language|Navigateur par défaut, langue|Navigatore predefinitu, lingua
Get search suggestions|Obtenir des suggestions de recherche|Ottene suggestioni di ricerca
%1$s will send what you type in the address bar to your search engine|%1$s enverra ce que vous saisissez dans votre barre d’adresse à votre moteur de recherche|%1$s manderà à u vostru mutore di ricerca ciò chì voi stampittate in a barra d’indirizzu
Search engine|Moteur de recherche|Mutore di ricerca
URL Autocomplete|Saisie semi-automatique des adresses|Scrittura mezu-autumatica di l’indirizzi
For top sites|Pour les sites les plus populaires|Per i siti i più pupulari
Enable to have %s autocomplete over 450 popular URLs in the address bar.|Activer pour que %s complète automatiquement plus de 450 adresses populaires dans la barre d’adresse.|Attivà per chì %s compii autumaticamente più di 450 indirizzi pupulari in a barra d’indirizzu.
For sites you add|Pour les sites que vous ajoutez|Per i siti chì voi aghjunghjite
Enable to have %s autocomplete your favorite URLs.|Activer pour que %s complète automatiquement vos adresses web favorites.|Attivà per chì %s compii autumaticamente i vostri indirizzi web favuriti.
Manage sites|Gérer les sites|Urganizà i siti
+ Add custom URL|+ Ajouter une adresse personnalisée|+ Aghjunghje un indirizzu persunalizatu
Add custom URL|Ajouter une adresse personnalisée|Aghjunghje un indirizzu persunalizatu
Cookies and Site Data|Cookies et données de sites|Canistrelli è dati di siti
Data Choices|Données collectées|Dati cullettati
Remove custom URLs|Supprimer des adresses personnalisées|Caccià indirizzi persunalizati
URL to add|Adresse web à ajouter|Indirizzu web à aghjunghje
Paste or enter URL|Coller ou saisir une adresse web|Incullà o stampittà un indirizzu
Example: mozilla.org|Exemple : mozilla.org|Esempiu : mozilla.org
New custom URL added.|Nouvelle adresse personnalisée ajoutée.|L’indirizzu web persunalizatu novu hè aghjuntu.
Double-check the URL you entered.|Veuillez vérifier l’adresse saisie.|Ci vole à vérificà l’indirizzu stampittatu.
Language|Langue|Lingua
System default|Valeur par défaut du système|Valore predefinitu di u sistema
Block ad trackers|Bloquer les traqueurs publicitaires|Bluccà i perseguitatori publicitarii
Some ads track site visits, even if you don’t click the ads|Certaines publicités pistent vos visites sur les sites, même sans cliquer sur les publicités|Parechje publicità spiunanu e vostre visite nant’à i siti, ancu senza cliccà nant’à e publicità
Block analytic trackers|Bloquer les traqueurs de statistiques|Bluccà i perseguitatori di statistiche
Used to collect, analyze and measure activities like tapping and scrolling|Ils servent à collecter, analyser et mesurer les actions telles qu’appuyer sur l’écran ou faire défiler la page|Ghjovanu à cullettà, analizà è misurà e vostre attività cum’è picchichjà nant’à u screnu o fà sfilà e pagine
Block social trackers|Bloquer les traqueurs de réseaux sociaux|Bluccà i perseguitatori di rete suciale
Embedded on sites to track your visits and to display functionality like share buttons|Ils sont insérés sur certains sites pour pister vos visites et afficher des fonctionnalités comme des boutons de partage|Sò framessi in qualchì situ per spiunà e vostre visite o affissà funzioni cum’è buttoni di spartera
Block other content trackers|Bloquer les autres traqueurs de contenu|Bluccà l’altri perseguitatori di cuntenutu
Enabling may cause some pages to behave unexpectedly|Activer cette option peut provoquer des problèmes sur certaines pages|Attivà st’ozzione pò cagiunà penseri cù certe pagine
Block cookies|Interdire les cookies|Bluccà i canistrelli
No thanks|Non|Innò, vi ringraziemu
Block 3rd-party tracker cookies only|Bloquer uniquement les cookies tiers utilisés pour le pistage|Bluccà solu i canistrelli terzi impiegati per u spiunagiu
Block 3rd-party cookies only|Bloquer les cookies tiers uniquement|Bluccà solu i canistrelli terzi
Block cross-site cookies|Bloquer les cookies intersites|Bluccà i canistrelli intersiti
Yes please|Oui|Sì, per piacè
Use fingerprint to unlock app|Utiliser une empreinte digitale pour déverrouiller l’application|Impiegà un’impronta digitale per spalancà l’appiecazione
Unlock using fingerprint if you’ve added Shortcuts or when a website is already open in %s.|Déverrouillez à l’aide de l’empreinte digitale si vous avez ajouté des raccourcis ou lorsqu’un site web est déjà ouvert dans %s.|Spalancate cù l’impronta digitale s’è vo avete aghjuntu accurtatoghji o quandu un situ web hè dighjà apertu in %s.
Stealth|Mode furtif|Modu furtivu
Hide webpages when switching apps and block taking screenshots.|Masquer les pages web lorsque vous changez d’application et empêcher les captures d’écran.|Piattà e pagine web quandu si cambia d’appiecazione è impedisce e catture di screnu.
Security|Sécurité|Sicurità
Block web fonts|Bloquer les polices web|Bluccà e grafie web
May result in missing icons or images|Peut empêcher certaines icônes ou images de s’afficher|Pò impedisce certe icone o fiure d’affissassi
Block JavaScript|Bloquer JavaScript|Bluccà JavaScript
Pages may load faster, but may also behave unexpectedly|Les pages peuvent se charger plus rapidement, mais peuvent aussi se comporter de manière inattendue|E pagine ponu apressi più prestu, ma ponu dinù cumpurtassi d’una manera inaspettata
Make %1$s default browser|Définir %1$s comme navigateur par défaut|Sceglie %1$s cum’è navigatore predefinitu
Send usage data|Envoyer des données d’utilisation|Mandà dati d’adopru
Mozilla strives to collect only what we need to provide and improve %1$s for everyone.|Mozilla veille à collecter uniquement les données nécessaires afin d’offrir et d’améliorer %1$s pour tout le monde.|Mozilla face casu à cullettà solu i dati chì sò ghjuvevule per rigalà è bunificà %1$s per tutti.
Choose search engine|Choisir le moteur de recherche|Sceglie u mutore di ricerca
Restore default search engines|Restaurer les moteurs par défaut|Risturà i mutori predefiniti
Remove search engines|Supprimer des moteurs de recherche|Caccià mutori di ricerca
Add another search engine|Ajouter un autre moteur de recherche|Aghjunghje un altru mutore di ricerca
Select your preferred engine:|Sélectionnez votre moteur de recherche favori :|Selezziunate u vostru mutore di ricerca preferitu :
Search string to use|Chaîne de recherche à utiliser|Catena di ricerca à impiegà
Example: example.com/search/?q=%s|Exemple : example.com/search/?q=%s|Esempiu : example.com/search/?q=%s
New search engine added.|Nouveau moteur de recherche ajouté.|U mutore di ricerca novu hè aghjuntu.
Enter search engine name|Saisir le nom du moteur de recherche|Stampittà u nome di u mutore di ricerca
An installed search engine is already using that name.|Un moteur de recherche du même nom est déjà installé.|Un mutore di ricerca di u listessu nome hè dighjà installatu.
Enter search string|Saisir une chaîne de recherche|Stampittà una catena di ricerca
Navigate forward|Avancer dans l’historique|Seguente in a cronolugia
Reload website|Actualiser la page web|Attualizà a pagina web
Stop loading website|Arrêter le chargement du site web|Piantà u caricamentu di u situ web
%1$s finished|%1$s terminé|%1$s compiu
Server not found|Adresse introuvable|Indirizzu intruvevule
Welcome to %1$s|Bienvenue dans %1$s|Benvenuta in %1$s
Fast. Private. No distractions.|Rapide. Confidentiel. Sans distractions.|Rapidu. Pruvatu. Senza distrazzione.
Link available|Lien disponible|Liame dispunibule
%1$s isn’t like other browsers|%1$s n’est pas comme les autres navigateurs|%1$s ùn hè micca cum’è l’altri navigatori
We clear your history when you close the app for extra privacy.|Nous effaçons l’historique quand vous fermez l’application pour plus de confidentialité.|Per più di cunfidenzialità, squassemu a vostra cronolugia quandu si chjode l’appiecazione.
Make %1$s your default to protect your data with every link you open.|Choisissez %1$s comme navigateur par défaut et protégez vos données à chaque lien que vous ouvrez.|Fate di %1$s u vostru navigatore predefinitu per prutege i vostri dati à l’apertura d’ogni liame.
Skip|Passer|Ignurà
Power up your privacy|Renforcez votre vie privée|Rinfurzà a vostra vita privata
Your search, your way|Recherchez à votre manière|Ricercate à a vostra manera
Add shortcuts to your home screen|Ajoutez des raccourcis sur votre écran d’accueil|Aghjunghjite accurtatoghji à u vostru screnu d’accolta
Make privacy a habit|Reprenez votre vie privée en main|Ripigliate in manu a vostra vita privata
Shortcut will open with Enhanced Tracking Protection disabled|Ce raccourci s’ouvrira avec la protection renforcée contre le pistage désactivée|L’accurtatoghju s’aprerà cù a prutezzione rinfurzata contr’à u spiunagiu disattivata
Notifications let you erase your %1$s session with a tap. You don’t need to open the app or see what’s running in your browser.|Vous pouvez effacer votre session %1$s d’un simple appui depuis les notifications. Vous n’avez pas besoin d’ouvrir l’application ni d’afficher ce qui s’exécute dans votre navigateur.|Da e nutificazioni si pò squassà a sessione di %1$s cù una picchicciata. Ùn ci hè bisognu d’apre l’appiecazione ne d’affissà ciò chì si passa in u vostru navigatore.
Close other tabs|Fermer les autres onglets|Chjode l’altre unghjette
Add new tab|Ajouter un nouvel onglet|Aghjunghje un’unghjetta nova
Download Firefox|Télécharger Firefox|Scaricà Firefox
Certificate issued to %1$s|Certificat émis pour %1$s|Certificatu emessu per %1$s
Qualified as specified in Regulation (EU) 2024/1183.|Qualifié conformément au règlement (UE) n°2024/1183.|Qualificatu cunfurmamente à u regulamentu (UE) 2024/1183.
URL already exists|L’adresse existe déjà|L’indirizzu esiste dighjà
Find in Page|Rechercher dans la page|Circà in a pagina
URL copied|Adresse web copiée|Indirizzu web cupiatu
Developer tools|Outils de développement|Attrezzi di sviluppu
Advanced|Avancé|Espertu
Site permissions|Autorisations de site|Permessi di situ
Autoplay|Lire automatiquement des éléments multimédia|Leghje autumaticamente l’elementi multimedià
To allow it:|Pour l’autoriser :|Per permettelu :
Remote debugging via USB/Wi-Fi|Débogage distant par USB/Wi-Fi|Spannatura alluntanata via USB/Wi-Fi
Confirm Using Your Fingerprint|Confirmez à l’aide de votre empreinte digitale|Cunfirmate cù a vostra impronta digitale
You can use your fingerprint to continue your current app session.|Vous pouvez utiliser votre empreinte digitale pour poursuivre la session courante de l’application.|Pudete impiegà a vostra impronta digitale per cuntinuà a sessione currente di l’appiecazione.
Fingerprint icon|Icône d’empreinte digitale|Icona d’impronta digitale
Show search suggestions?|Afficher les suggestions de recherche ?|Affissà e suggestioni di ricerca ?
To get suggestions, %1$s needs to send what you type in the address bar to the search engine.|Pour fournir des suggestions, %1$s doit transmettre ce que vous saisissez dans la barre d’adresse au moteur de recherche.|Per ottene suggestioni di ricerca, %1$s hà bisognu di mandà à u mutore di ricerca ciò chì vo stampittate in a barra d’indirizzu.
Some search engines cannot show suggestions.|Certains moteurs de recherche ne peuvent pas afficher de suggestions.|Certi mutori di ricerca ùn ponu affissà suggestioni.
Block potentially dangerous and deceptive sites|Bloquer les sites potentiellement dangereux ou trompeurs|Bluccà i siti chì puderianu esse periculosi o ingannatori
Block reported deceptive and attack sites, malware sites, and unwanted software sites.|Bloquer les sites malveillants et trompeurs, les sites de logiciels malveillants et indésirables signalés.|Bluccà i siti animosi è ingannatori, i siti di prugrammi dispiacevule è indesiderevule.
Automatically attempts to connect to sites using the HTTPS encryption protocol for increased security.|Essayer de se connecter automatiquement aux sites en utilisant le protocole de chiffrement HTTPS pour une sécurité accrue.|Tentativu autumaticu di cunnessione à i siti impieghendu u protocollu di cifratura HTTPS per aumentà a sicurità.
You have disabled content blocking for these websites.|Vous avez désactivé le blocage de contenu pour ces sites web.|Avete disattivatu u blucchime di cuntenutu per quessi siti web.
Remove all websites|Supprimer tous les sites web|Caccià tutti i siti web
Block Cookies|Bloquer les cookies|Bluccà i canistrelli
Sorry. We’re having a problem with this tab.|Nous sommes désolés, nous avons un problème avec cet onglet.|Per disgrazia, avemu un prublema cù st’unghjetta.
As a private browser, we never save and cannot restore this tab.|Votre navigation était privée, nous n’avons pas enregistré cet onglet et ne pouvons donc pas le restaurer.|Cum’è a navigazione era privata, ùn avemu micca arregistratu l’unghjetta è dunque ùn pudemu micca risturalla.
Close Tab|Fermer l’onglet|Chjode l’unghjetta
Trackers blocked since %s|Traqueurs bloqués depuis le %s|Perseguitatori bluccati dapoi u %s
Advertising|Publicité|Publicità
Social|Réseaux sociaux|Suciale
Analytics|Statistiques|Statistica
Protections are OFF for this site|Les protections sont désactivées pour ce site|E prutezzioni sò DISATTIVATE per stu situ
Protections are ON for this site|Les protections sont activées pour ce site|E prutezzioni sò ATTIVATE per stu situ
Connection is secure|Connexion sécurisée|A cunnessione hè assicurata
Connection is not secure|Connexion non sécurisée|A cunnessione ùn hè micca assicurata
Trackers and Scripts to Block|Traqueurs et scripts à bloquer|Perseguitatori è scenarii à bluccà
Go back|Retour|Ritornu
Rename|Renommer|Rinuminà
Saved and shared images <b>will not be</b> deleted when you erase %1$s history|Les images enregistrées ou partagées <b>ne sont pas</b> supprimées quand vous effacez l’historique de %1$s|E fiure sparte o arregistrate <b>ùn sò micca squassate</b> quandu a cronolugia di %1$s hè squassata
This site doesn’t support HTTPS|Ce site ne prend pas en charge HTTPS|Stu situ ùn permette micca u modu HTTPS
This could be a problem with the server’s configuration, or it could be someone trying to impersonate the server. <br/><br/> If you’ve connected to this server successfully in the past, the error may be temporary.|Ceci peut être dû à un problème de configuration du serveur ou à une personne essayant d’usurper l’identité du serveur. <br/><br/> Si vous vous êtes déjà connecté·e avec succès à ce serveur, l’erreur est peut-être temporaire.|Stu penseru pò pruvene da a cunfigurazione di u servitore, osinnò ghjè qualchissia forse chì prova d’impatruniscesi di u servitore. <br/><br/> S’è vo avete dighjà riesciutu à cunnettevi à stu servitore, u sbagliu pò esse timpurariu.
<label>Someone could be trying to impersonate the site and continuing could be risky.</label> <br><br> <label>%1$s does not trust <b>%2$s</b> because its certificate issuer is unknown, the certificate is self-signed, or the server is not sending the correct intermediate certificates.</label>|<label>Quelqu’un pourrait essayer de se faire passer pour le site et continuer pourrait être risqué.</label> <br><br> <label>%1$s ne fait pas confiance à <b>%2$s</b> car l’émetteur de son certificat est inconnu, le certificat est auto-signé ou le serveur n’envoie pas les bons certificats intermédiaires.</label>|<label>Qualchissia puderia pruvà d’impatruniscesi di u situ web è cuntinuà puderia esse periculosu.</label> <br><br> <label>%1$s ùn hà micca fidanza in <b>%2$s</b> perchè l’emettore di u so certificatu hè scunnisciutu, u certificatu hè firmatu daperellu, o ancu u servitore ùn manda micca certificati intermediarii curretti.</label>
Got ‘em! We stopped this site from spying on you. Tap the shield any time to see what we’re blocking.|Mission accomplie ! Nous avons empêché ce site de vous espionner. Appuyez sur le bouclier à tout moment pour voir ce que nous avons bloqué.|Missione compia ! Avemu fermatu u spiunagiu da stu situ. Picchichjate u scudu à ogni mumentu per vede ciò chì no blucchemu.
You’re protected!|Vous êtes protégé·e !|Site prutetti !
These default settings offer strong protection. But it’s easy to tweak the settings to meet your specific needs.|Ces paramètres par défaut offrent une protection renforcée. Mais il est facile de modifier les paramètres pour répondre à vos besoins spécifiques.|Sti parametri predefiniti furniscenu una prutezzione forte. Ma hè faciule di mudificalli per suddisfà i vostri bisogni specifichi.
Tap here to trash it all — history, cookies, everything — and start fresh on a new tab.|Appuyez ici pour tout effacer — historique, cookies, tout — et recommencer à zéro dans un nouvel onglet.|Picchichjate quì per squassà tuttu - cronolugia, canistrelli, ecc. - è principiate à zeru in un’unghjetta nova.
Search widget|Widget de recherche|Widget di ricerca
Browsing history cleared! 🎉|Historique de navigation effacé ! 🎉|Cronolugia di navigazione squassata ! 🎉
Start your private browsing session, and we’ll block trackers and other bad stuff as you go.|Démarrez votre session de navigation privée et nous bloquerons traqueurs et autres nuisances pendant votre navigation.|Principiate a vostra sessione di navigazione privata è noi bluccheremu l’elementi di spiunagiu è l’altre minacce durante a navigazione.
We’ll leave you to your private browsing, but get a quicker start next time with the %1$s widget on your Home screen.|Nous allons vous laisser à votre navigation privée, mais démarrez plus vite les prochaines fois avec le widget %1$s sur votre écran d’accueil.|Vi lasciemu à a vostra navigazione privata, ma principiate più prestu e prossime volte cù u widget %1$s nant’à u vostru screnu d’accolta.
Add widget to home screen|Ajouter le widget à l’écran d’accueil|Aghjunghje u widget à u screnu d’accolta
Widget added to home screen|Widget ajouté à l’écran d’accueil|Widget aghjuntu à u screnu d’accolta

# Firefox for iOS (MPL-2.0)
App Icon|Icône de l’application|Icona di l’appiecazione
Firefox can use your camera to scan QR codes or take photos and video.|Firefox peut utiliser votre appareil photo pour scanner des codes QR ou prendre des photos et vidéos.|Firefox pò impiegà u vostru apparechju-fotò per analizà i codici QR o per piglià fotò è video.
Firefox requires Face ID to access your saved passwords and payment methods.|Firefox a besoin de Face ID pour accéder à vos mots de passe et moyens de paiement enregistrés.|Firefox richiede Face ID per accede à e vostre parolle d’intesa è metode di pagamentu arregistrate.
Websites you visit may request your location.|Les sites web que vous visitez peuvent demander à connaître votre emplacement.|I siti web chì vò visitate ponu richiede à cunnosce a vostra lucalizazione.
Firefox uses your microphone to record and upload audio.|Firefox utilise votre microphone pour enregistrer et charger des fichiers audio.|Firefox impiega u vostru microfonu per arregistrà è incaricà schedarii audio.
This lets you save photos.|Ceci vous permet d’enregistrer des photos.|Quessu vi permette d’arregistrà fotò.
This lets Firefox transcribe your audio.|Cela permet à Firefox de transcrire vos contenus audio.|Què permette à Firefox di trascrive u to audio.
New Private Tab|Nouvel onglet privé|Nova unghjetta privata
New Tab|Nouvel onglet|Nova unghjetta
Scan QR Code|Scanner un code QR|Analizà un codice QR
Open In Firefox|Ouvrir dans Firefox|Apre in Firefox
Add to Bookmarks|Ajouter aux marque-pages|Aghjunghje à l’indette
Copy URL|Copier l’URL|Cupià l’indirizzu
Send Link to Device|Envoyer le lien à un appareil|Mandà u liame à un apparechju
Open Last Bookmark|Dernier marque-page|Ultima indetta
Send to Device|Envoyer à un appareil|Mandà à l’apparechju
Remove Bookmark|Supprimer le marque-page|Caccià l’indetta
Enter passcode|Saisissez le code d’accès|Stampittate u codice d’accessu
Use your fingerprint to access Logins now.|Utilisez votre empreinte digitale pour accéder aux identifiants.|Impiegate a vostra impronta digitale per accede subitu à l’identificazioni di cunnessione.
This action will clear all of your private data, including history from your synced devices.|Cette action effacera l’ensemble de vos données personnelles, y compris l’historique de vos appareils synchronisés.|St’azzione squasserà l’inseme di i vostri dati privati, includendu a cronolugia, da i vostri apparechji sincrunizati.
Browsing History|Historique de navigation|Cronolugia di navigazione
Cache|Cache|Impiatta
Downloaded Files|Fichiers téléchargés|Schedarii scaricati
Offline Website Data|Données hors connexion|Dati fora di cunnessione
Saved Logins|Identifiants enregistrés|Identificazioni di cunnessione arregistrate
Spotlight Index|Indexation Spotlight|Indicera Spotlight
This action will clear all of your private data. It cannot be undone.|Cette action effacera l’ensemble de vos données personnelles et est irréversible.|St’azzione squasserà l’inseme di i vostri dati privati. Ùn pò micca esse invertita.
Making Firefox your default browser is a vote for an open, accessible internet.|Faire de Firefox votre navigateur par défaut, c’est voter pour un Internet ouvert et accessible.|Fà di Firefox u vostru navigatore predefinitu ghjè vutà per un Internet apertu è accessibile.
Default to a Better Internet|Par défaut vers un meilleur Internet|Scelta d’un Internet più bellu
Learn How|Me montrer comment|Scopre cumu fà
Set links from websites, emails, and Messages to open automatically in Firefox.|Faites en sorte que les liens des sites web, des e-mails et des messages s’ouvrent automatiquement dans Firefox.|Definisce chì i liami di i siti web, i currieri elettronichi è i messaghji s’aprinu autumaticamente in Firefox.
Choose Firefox as your default browser to make speed, safety, and privacy automatic.|Choisissez Firefox comme navigateur par défaut pour rendre la vitesse, la sécurité et la confidentialité automatiques.|Sciglite Firefox cum’è navigatore predefinitu per rende autumatica a vitezza, a sicurità è a cunfidenzialità.
Elevate Everyday Browsing|Améliorez votre navigation ordinaire|Migliurà a navigazione cutidiana
Firefox blocks 3,000+ trackers per user each month on average. Make us your default browser for privacy peace of mind.|Firefox bloque en moyenne plus de 3 000 traqueurs par utilisateur et par mois. Choisissez-nous comme navigateur par défaut pour la tranquillité d’esprit quant au respect de votre vie privée.|Firefox bluccheghja ogni mese una media di più di 3000 perseguitatori per un utilizatore. Scigliteci cum’è navigatore predefinitu per una vita privata senza penseru.
Firefox Has Privacy Covered|Firefox protège votre vie privée|Firefox s’imprimurisce di a cunfidenzialità
Switch Your Default Browser|Changez de navigateur par défaut|Cambià di navigatore predefinitu
Go to Settings|Ouvrir les réglages|Andà à i parametri
1. Go to Settings|1. Rendez-vous dans les réglages|1. Andà à i parametri
2. Tap Default Browser App|2. Appuyez sur App du navigateur par défaut|2. Picchichjà l’appiecazione predefinita di navigazione
3. Select Firefox|3. Sélectionnez Firefox|3. Selezziunà Firefox
Default Browser App|App du navigateur par défaut|Appiecazione predefinita di navigazione
I’ll do this later|Je le ferai plus tard|Què, u feraghju dopu
Set as Default Browser|Définir comme navigateur par défaut|Sceglie cum’è navigatore predefinitu
Open in Safari|Ouvrir avec Safari|Apre cù Safari
Next in-page result|Occurrence suivante dans la page|Occurrenza seguente in a pagina
Previous in-page result|Occurrence précédente dans la page|Occurrenza precedente in a pagina
All Time|Depuis toujours|Di sempre
Last 4 Weeks|Les 4 dernières semaines|E 4 ultime settimane
Last Hour|La dernière heure|L’ultima ora
Last 7 Days|Les 7 derniers jours|L’ultimi 7 ghjorni
Last 24 Hours|Les dernières 24 heures|L’ultima 24 ore
Deletes history (including synced history from other devices), cookies, and other browsing data.|Supprime l’historique (y compris l’historique synchronisé depuis d’autres appareils), les cookies et d’autres données de navigation.|Squassa a cronolugia (inchjusa quella sincrunizata da l’altri apparechji), i canistrelli è d’altri dati di navigazione.
Sign In|Se connecter|Cunnettesi
Start Browsing|Commencer la navigation|Principià a navigazione
A username and password are being requested by %@.|Le site %@ demande un nom d’utilisateur et un mot de passe.|U situ %@ richiede un nome d’utilizatore è una parolla d’intesa.
A username and password are being requested by %1$@. The site says: %2$@|Le site %1$@ demande un nom d’utilisateur et un mot de passe. Le site indique : %2$@|U situ %1$@ richiede un nome d’utilizatore è una parolla d’intesa. U situ indicheghja : %2$@
Pin|Épingler|Spirlà
Unpin|Désépingler|Dispirlà
Jump Back In|Revenir à cet onglet|Rivene à st’unghjetta
Tabs: %d|Onglets : %d|Unghjette : %d
Recently Saved|Récemment enregistrés|Arregistrati pocu fà
Recently Visited|Visités récemment|Visitati pocu fà
Set Rows|Choisir le nombre de lignes|Sceglie u numeru di linee
Add Tab|Ajouter un onglet|Aghjunghje un’unghjetta
Add to Reading List|Ajouter à la liste de lecture|Aghjunghje à a lista di lettura
An error occured while adding the pass to Wallet. Please try again later.|Une erreur s’est produite lors de l’ajout du billet à Wallet. Veuillez réessayer plus tard.|Un sbagliu hè accadutu durante l’aghjuntu di u bigliettu à Wallet. Pruvate torna dopu.
Failed to Add Pass|Échec de l’ajout du billet|Fiascu di l’aghjuntu di u bigliettu
Added page to Reading List|Page ajoutée à la liste de lecture|Pagina aghjunta à a lista di lettura
Address and Search|Recherche ou adresse|Ricerca o indirizzu
Address Bar|Barre d’adresse|Barra d’indirizzu
Always Send|Toujours envoyer|Mandà sempre
Authentication required|Authentification requise|Autenticazione richiesta
Block Pop-up Windows|Bloquer les fenêtres popup|Bluccà e finestre popup
Title|Titre|Titulu
Edit Bookmark|Modifier le marque-page|Mudificà l’indetta
Edit Folder|Modifier le dossier|Mudificà u cartulare
Folder|Dossier|Cartulare
New Bookmark|Nouveau marque-page|Nova indetta
New Folder|Nouveau dossier|Novu cartulare
New Separator|Nouveau séparateur|Novu separadore
This breach occurred on|Cette fuite de données s’est produite le|Sta fughjita di dati hè accaduta u
Passwords were leaked or stolen since you last changed your password. To protect this account, log in to the site and change your password.|Des mots de passe ont été divulgués ou volés depuis la dernière modification de votre mot de passe. Pour protéger ce compte, connectez-vous au site et modifiez votre mot de passe.|Parolle d’intesa sò state palisate o arrubate dapoi l’ultima mudificazione di a vostra parolla d’intesa. Per prutege stu contu, cunnittitevi à u situ è mudificate a vostra parolla d’intesa.
Go to|Ouvrir le site|Andà à u situ
Website Breach|Fuite de données de site web|Fughjita di dati di situ web
Brightness|Luminosité|Lucidezza
Changes color theme.|Changer les couleurs.|Cambià i culori.
Changes font type.|Changer la police.|Cambià a grafia.
Go|Ouvrir|Apre
Go to copied link?|Ouvrir le lien copié ?|Apre u liame cupiatu ?
Closing tab|Fermeture de l’onglet|Chjusura di l’unghjetta
Bookmark Link|Marquer le lien|Marcà u liame
New Private Tab opened|Nouvel onglet privé ouvert|Nova unghjetta privata aperta
New Private Tab Opened|Nouvel onglet privé ouvert|Nova unghjetta privata aperta
New Tab opened|Nouvel onglet ouvert|Nova unghjetta aperta
New Tab Opened|Nouvel onglet ouvert|Nova unghjetta aperta
Copy Image|Copier l’image|Cupià a fiura
Copy Image Link|Copier le lien de l’image|Cupià u liame di a fiura
Copy Link|Copier le lien|Cupià u liame
Download Link|Télécharger le lien|Scaricà a destinazione di u liame
Open in New Tab|Ouvrir dans un nouvel onglet|Apre in una nova unghjetta
Save Image|Enregistrer l’image|Arregistrà a fiura
Share Link|Partager le lien|Sparte u liame
Toolbar Settings|Paramètres de la barre d’outils|Parametri di a barra d’attrezzi
Could not add page to Reading List. Maybe it’s already there?|Impossible d’ajouter la page à la liste de lecture. La page s’y trouve peut-être déjà ?|Ùn si pò micca aghjunghje a pagina à a lista di lettura. Forse si ci trovà dighjà ?
Could not add page to Reading list|Impossible d’ajouter la page à la liste de lecture|Ùn si pò micca aghjunghje a pagina à a lista di lettura
Could not load page.|Impossible de charger la page.|Ùn si pò micca caricà a pagina.
Built-in Enhanced Tracking Protection helps stop ads from following you around. Turn on Strict to block even more trackers, ads, and popups.|La protection renforcée contre le pistage empêche le pistage publicitaire. Activez le mode Strict pour bloquer encore plus de traqueurs, de publicités et de popups.|A prutezzione rinfurzata contr’à u spiunagiu impedisce u spiunagiu cù e publicità. Attivate u modu Severa per bluccà ancu più di perseguitatori, publicità è d’annunzii micca richiesti.
Go to Settings|Ouvrir les paramètres|Andà à i parametri
Protection Against Ad Tracking|Protection contre le pistage publicitaire|Prutezzione contr’à u spiunagiu da e publicità
Create an account|Créer un compte|Creà un contu
Decrease text size|Réduire la taille du texte|Diminuisce a dimensione di u testu
Default Search Engine|Moteur de recherche par défaut|Mutore di ricerca predefinitu
Display Settings|Paramètres d’affichage|Parametri per affissà
Don’t Send|Ne pas envoyer|Ùn mandà micca
Download Now|Télécharger|Scaricà avà
Are you sure you want to cancel this download?|Voulez-vous vraiment annuler ce téléchargement ?|Vulete veramente abbandunà stu scaricamentu ?
Cancel Download|Annuler le téléchargement|Abbandunà u scaricamentu
Download Cancelled|Téléchargement annulé|Scaricamentu abbandunatu
Download Failed|Échec du téléchargement|Fiascu di u scaricamentu
1 of %d files|1 fichier sur %d|1 schedariu nant’à %d
Downloaded files will show up here.|Les fichiers téléchargés s’afficheront ici.|I schedarii scaricati seranu affissati quì.
Enter your password to connect|Saisissez votre mot de passe pour vous connecter.|Stampittate a vostra parolla d’intesa per cunnettesi
Warning: we can’t confirm your connection to this website is secure.|Attention : nous ne pouvons garantir que la connexion à ce site est sécurisée.|Avertimentu : ùn pudemu micca cunfirmà chì a cunnessione à stu situ hè assicurizata.
It may be a misconfiguration or tampering by an attacker. Proceed if you accept the potential risk.|Il peut s’agir d’une erreur de configuration ou d’une tentative d’attaque. Poursuivez en ayant conscience du risque encouru.|Forse ghjè un sbagliu di cunfigurazione o un tentativu d’attaca. Cuntinuate essendu cusciente di u risicu incorsu.
The owner of %@ has configured their website improperly. To protect your information from being stolen, Firefox has not connected to this website.|Les propriétaires de %@ ont mal configuré leur site. Pour éviter que vos données ne soient dérobées, Firefox ne s’est pas connecté à ce site.|U pruprietariu di %@ hà cunfiguratu u so situ d’una manera gattiva. Per impedisce chì i vostri dati sianu arrubati, Firefox ùn s’hè micca cunnessu à stu situ.
This Connection is Untrusted|Cette connexion n’est pas certifiée|Sta cunnessione ùn hè micca accertata
Visit site anyway|Visiter tout de même|Visità quantunque
Open this link in the App Store?|Ouvrir ce lien dans l’App Store ?|Apre stu liame in l’App Store ?
Open this link in external app?|Ouvrir ce lien dans une application externe ?|Apre stu liame in un’appiecazione esterna ?
Firefox Home Page|Page d’accueil de Firefox|Pagina d’accolta di Firefox
Customize Homepage|Personnaliser la page d’accueil|Persunalizà a pagina d’accolta
Discover more|En découvrir davantage|Scoprene di più
Thought-Provoking Stories|Des articles qui font réfléchir|Storie chì facenu riflette
Remove|Retirer|Caccià
Pages: %d|Pages : %d|Pagine : %d
Our Sponsors & Your Privacy|Nos sponsors et votre vie privée|I nostri spunsurizatori è a vostra vita privata
Open synced tab|Ouvrir l’onglet synchronisé|Apre l’unghjetta sincrunizata
See all synced tabs|Afficher tous les onglets synchronisés|Vede tutte l’unghjette sincrunizate
Tab pickup|Récupération d’onglets|Riguarera d’unghjetta
Firefox Account|Compte Firefox|Contu Firefox
Manage Account & Devices|Gérer le compte et les appareils|Amministrà u contu è l’apparechji
No Internet Connection|Aucune connexion internet|Alcuna cunnessione Internet
Sync Now|Synchroniser maintenant|Sincrunizà avà
Firefox Sync has connected to %@|Firefox Sync s’est connecté à %@|Firefox Sync s'hè cunnessu à %@
Sync Connected|Sync connecté|Sync cunnessu
This device has been successfully disconnected from Firefox Sync.|Cet appareil a été correctement déconnecté de Firefox Sync.|St’apparechju hè statu discunnessu bè da Firefox Sync.
Sync Disconnected|Sync déconnecté|Sync discunnessu
A device has disconnected from Firefox Sync|Un appareil a été déconnecté de Firefox Sync|Un apparechju hè statu discunnessu da Firefox Sync
%@ has been successfully disconnected.|%@ a été déconnecté.|%@ hè statu discunnessu bè.
Firefox logo, change the wallpaper.|Logo Firefox, changer le fond d’écran.|Logo Firefox, cambià u sfondu di screnu.
Clear Recent History…|Supprimer l’historique récent…|Squassà a cronolugia recente…
The Last Hour|La dernière heure|L’ultima ora
Today and Yesterday|Aujourd’hui et hier|Oghje è eri
Websites you’ve visited recently will show up here.|Les sites récemment visités s’affichent ici.|I siti visitati pocu fà seranu affissati quì.
Your tabs from other devices show up here.|Les onglets d’autres appareils s’affichent ici.|E vostre unghjette da l’altri apparechji s’affissanu quì.
Sign in to view a list of tabs from your other devices.|Connectez-vous pour afficher la liste des onglets de vos autres appareils.|Cunnittitevi per affissà a lista di l’unghjette di i vostri altri apparechji.
Recently Closed|Récemment fermés|Chjosi pocu fà
Home|Accueil|Accolta
Bookmark|Marquer cette page|Indittà sta pagina
Delete from History|Supprimer de l’historique|Squassà da a cronolugia
Open in a Private Tab|Ouvrir dans un onglet privé|Apre in un’unghjetta privata
Find|Rechercher|Circà
Forward|Suivant|Seguente
Normal Browsing Mode|Mode de navigation classique|Modu di navigazione nurmale
Private Browsing Mode|Mode de navigation privée|Modu di navigazione privata
Reload Page|Actualiser la page|Attualizà a pagina
Select Location Bar|Sélectionner la barre d’adresse|Selezziunà a barra d’indirizzu
Show Next Tab|Afficher l’onglet suivant|Affissà l’unghjetta seguente
Show Previous Tab|Afficher l’onglet précédent|Affissà l’unghjetta precedente
Close All Inactive Tabs|Fermer tous les onglets inactifs|Chjode tutte l’unghjette inattive
Increase text size|Augmenter la taille du texte|Aumentà a dimensione di u testu
Actual Size|Taille réelle|Dimensione attuale
Add Bookmark|Ajouter un marque-page|Aghjunghje un’indetta
Clear Recent History|Effacer l’historique récent|Squassà a cronolugia recente
Find Again|Rechercher le suivant|Circà torna
Reload Ignoring Cache|Actualiser en ignorant le cache|Ricaricà ignurendu l’impiatta
Tools|Outils|Attrezzi
Window|Fenêtre|Finestra
Show Bookmarks|Afficher les marque-pages|Affissà l’indette
Show Downloads|Afficher les téléchargements|Affissà i scaricamenti
Show First Tab|Aller au premier onglet|Affissà a prima unghjetta
Show History|Afficher l’historique|Affissà a cronolugia
Show Last Tab|Aller au dernier onglet|Affissà l’ultima unghjetta
Zoom In|Zoom avant|Ingrandamentu
Zoom Out|Zoom arrière|Riduzzione
Last month|Le mois dernier|U mese scorsu
Last week|La semaine dernière|A settimana scorsa
Delete all sites in %@?|Supprimer tous les sites de %@ ?|Squassà tutti i siti in %@ ?
Removes history (including history synced from other devices), cookies and other browsing data.|Supprime l’historique (y compris l’historique synchronisé depuis d’autres appareils), les cookies et d’autres données de navigation.|Caccia a cronolugia (inchjusa quella sincrunizata da d’altri apparechji), i canistrelli è altri dati di navigazione.
No history found|Aucun historique trouvé|Ùn si trova nunda in a cronolugia
Recently Closed Tabs|Onglets récemment fermés|Unghjette chjose pocu fà
Synced History|Historique synchronisé|Cronolugia sincrunizata
Licenses|Licences|Licenze
Load original page|Charger la page d’origine|Caricà a pagina d’origine
Loading content…|Chargement du contenu…|Caricamentu di u cuntenutu…
Log in|Se connecter|Cunnettesi
To use the AutoFill feature for Firefox, you must have a device passcode enabled.|Pour utiliser la fonctionnalité de remplissage automatique, vous devez avoir un code d’appareil actif.|Per impiegà a funzione di riempiimentu autumaticu di Firefox, ci vole à attivà un codice d’accessu per l’apparechju.
Take your passwords everywhere|Emportez vos mots de passe partout avec vous|Purtatevi e vostre parolle d’intesa dapertuttu
AutoFill Firefox Passwords|Remplissage automatique des mots de passe par Firefox|Riempiimentu autumaticu da Firefox di e parolle d’intesa
Turn on AutoFill|Activer le remplissage automatique|Attivà u riempiimentu autumaticu
Don’t Save|Ne pas enregistrer|Ùn arregistrà micca
Don’t Update|Ne pas mettre à jour|Ùn mudificà micca
Save Login|Enregistrer l’identifiant|Arregistrà l’identificazione di cunnessione
Filter|Filtrer|Filtrà
There are no results matching your search.|Aucun résultat ne correspond à votre recherche.|Nisunu risultatu currisponde à a vostra ricerca.
Select a password to fill|Sélectionnez un mot de passe à remplir|Selezziunate una parolla d’intesa à riempie
SAVED LOGINS|IDENTIFIANTS ENREGISTRÉS|IDENTIFICAZIONI DI CUNNESSIONE ARREGISTRATE
Looks like Firefox crashed previously. Would you like to restore your tabs?|Il semblerait que Firefox ait planté. Voulez-vous restaurer vos onglets ?|Pare chì Firefox s’hè lampatu. Vulete risturà e vostre unghjette ?
Mark as Read|Marquer comme lu|Marcà cum’è lettu
Mark as Unread|Marquer comme non lu|Marcà cum’è micca lettu
Bookmark Added|Marque-page ajouté|Indetta aghjunta
Added to Shortcuts|Ajouté aux raccourcis|Aghjuntu à l’accurtatoghji
Added To Reading List|Ajouté à la liste de lecture|Aghjuntu à a lista di lettura
Copy Address|Copier l’adresse|Cupià l’indirizzu
URL Copied To Clipboard|Adresse copiée dans le presse-papiers|Indirizzu cupiatu in u preme’papei
Turn off Night Mode|Désactiver le mode nocturne|Disattivà u modu nutturnu
Turn on Night Mode|Activer le mode nocturne|Attivà u modu nutturnu
Reading List|Liste de lecture|Lista di lettura
Reload With Tracking Protection|Actualiser avec la protection contre le pistage|Attualizà cù a prutezzione contr’à u spiunagiu
Reload Without Tracking Protection|Actualiser sans protection contre le pistage|Attualizà senza prutezzione contr’à u spiunagiu
Bookmark Removed|Marque-page supprimé|Indetta cacciata
Removed from Shortcuts|Supprimé des raccourcis|Cacciatu da l’accurtatoghji
Removed from Reading List|Retiré de la liste de lecture|Cacciatu da a lista di lettura
Sync and Save Data|Synchroniser et enregistrer les données|Sincrunizà è arregistrà i dati
Tab Sent|Onglet envoyé|Unghjetta mandata
Verified by %@|Vérifié par %@|Verificatu da %@
Protection Settings|Paramètres de protection|Parametri di prutezzione
Social Trackers|Traqueurs de réseaux sociaux|Perseguitatori di rete suciale
Cross-Site Trackers|Traqueurs intersites|Perseguitatori intersiti
Websites may load outside ads, videos, and other content that contains hidden trackers. Blocking this can make websites load faster, but some buttons, forms, and login fields, might not work.|Les sites web peuvent charger des publicités, des vidéos et d’autres contenus externes qui contiennent des éléments de pistage. Le blocage du contenu utilisé pour le pistage peut accélérer le chargement des sites, mais certains boutons, formulaires ou champs de connexion risquent de ne pas fonctionner.|I siti web ponu caricà publicità, video, è altri cuntenuti esterni chì cuntenenu elementi di spiunagiu. U blucchime di u cuntenutu impiegatu per u spiunagiu pò accelerà u caricamentu di i siti, ma certi buttoni, furmularii o campi di cunnessione puderianu ùn micca funziunà.
These cookies follow you from site to site to gather data about what you do online. They are set by third parties such as advertisers and analytics companies.|Ces cookies vous suivent de site en site pour collecter des données sur vos faits et gestes en ligne. Ils sont déposés par des tiers, tels que des annonceurs ou des entreprises d’analyse de données.|Quelli canistrelli vi seguitanu da un situ à l’altru per coglie dati nant’à ciò chì vo fate in linea. Sò definiti da terze parti cum’è sucietà di publicità è d’analisa di dati.
Cryptominers secretly use your system’s computing power to mine digital money. Cryptomining scripts drain your battery, slow down your computer, and can increase your energy bill.|Les mineurs de cryptomonnaies utilisent sans vous prévenir la puissance de calcul de votre système pour « extraire » de l’argent numérique. Les scripts de cryptominage déchargent votre batterie, ralentissent votre ordinateur et peuvent augmenter votre facture énergétique.|I minatori di crittomuneta impieganu à l’appiattu a putenza di calculu di u vostru urdinatore per minà muneta virtuale. I so scenarii viotanu a vostra batteria, freneghjanu u vostru urdinatore, è ponu aumantà a vostra fattura d’elettricità.
The settings on your browser and computer are unique. Fingerprinters collect a variety of these unique settings to create a profile of you, which can be used to track you as you browse.|Les paramètres de votre navigateur et de votre appareil sont uniques. Les détecteurs d’empreinte numérique collectent une variété de ces paramètres uniques pour élaborer un profil de vous, qui peut ensuite être utilisé pour vous pister pendant votre navigation.|I parametri di u vostru navigatore et di u vostru apparechju sò unichi. I detettori d’impronta numerica culletteghjanu una mansa di sti parametri unichi per creà un prufilu persunalizatu chì pò dopu esse impiegatu per spiunavvi durante a vostra navigazione.
Social networks place trackers on other websites to build a more complete and targeted profile of you. Blocking these trackers reduces how much social media companies can see what do you online.|Les réseaux sociaux placent des traqueurs sur d’autres sites web pour créer un profil plus complet et ciblé de vous. Le blocage de ces traqueurs réduit ce que les entreprises de réseaux sociaux peuvent voir de vous en ligne.|E rete suciale piazzanu perseguitatori nant’à d’altri siti web per custruisce un prufilu di voi più cumpletu è più persunalizatu. U blucchime di sti perseguitatori pò diminuisce a quantità d’infurmazione cunnisciuta da e sucietà di rete suciale nant’à ciò chì vo fate in linea.
Fingerprinters|Détecteurs d’empreinte numérique|Detettori d’impronta numerica
What’s New|Nouveautés|Ciò chì hè novu
Zoom (%@)|Zoom (%@)|Ingrandamentu (%@)
Navigation Toolbar|Barre de navigation|Barra di navigazione
No tabs|Aucun onglet|Alcuna unghjetta
Okay|OK|Vai
Oops! Firefox crashed|Oups, Firefox a planté|Umbè ! Firefox s’hè lampatu
Open Settings|Ouvrir les paramètres|Apre i parametri
Open Tabs|Onglets ouverts|Unghjette aperte
Open articles in Reader View by tapping the book icon when it appears in the title bar.|Ouvrez des articles en mode lecture en appuyant sur l’icône de livre lorsqu’elle apparaît dans la barre de titre.|Aprite l’articuli in modu di lettura picchichjendu l’icona di libru quand’ella s’affacca in a barra di titulu.
Firefox cannot open the page because it has an invalid address.|Firefox ne parvient pas à ouvrir cette page, car l’adresse est invalide.|Firefox ùn pò micca apre a pagina perchè hà un indirizzu inaccettevule.
Cannot Open Page|Impossible d’ouvrir la page|Impussibule d’apre a pagina
This allows you to save the image to your Camera Roll.|Ceci vous permet d’enregistrer l’image dans Pellicule.|Quessu vi permette d’arregistrà a fiura in u vostru Rotulu di filmu.
Firefox would like to access your Photos|Firefox souhaite accéder à vos photos|Firefox vole accede à e vostre fotò
Privacy|Vie privée|Vita privata
Privacy Policy|Politique de confidentialité|Pulitica di cunfidenzialità
Quick-Search Engines|Moteurs de recherches rapides|Mutori di ricerca rapidi
Rate on App Store|Noter sur l’App Store|Apprezzià nant’à l’App Store
Reader View|Mode lecture|Modu di lettura
Reader Mode available|Mode lecture disponible|Modu di lettura dispunibule
Reading list|Liste de lecture|Lista di lettura
Show All|Tout afficher|Tuttu affissà
Reload page|Actualiser la page|Attualizà a pagina
Remove from Reading List|Retirer de la liste de lecture|Caccià da a lista di lettura
Reopen|Rouvrir|Torna à apre
Reopen Last Closed Tab|Rouvrir le dernier onglet fermé|Torna à apre l’ultima unghjetta chjosa
Reset text size|Réinitialiser la taille du texte|Reinizià a dimensione di u testu
Sans-serif|Sans sérif|Senza patta
Save pages to your Reading List by tapping the book plus icon in the Reader View controls.|Enregistrez des pages dans votre liste de lecture en appuyant sur l’icône de livre possédant un signe « + » présente dans les contrôles du mode lecture.|Arregistrate pagine in a vostra lista di lettura picchichjendu nant’à l’icona di libru cù un segnu « + » chì si trova tramezu i cuntrolli di u modu di lettura.
Align QR code within frame to scan|Placez le code QR dans le cadre pour qu’il soit analysé|Piazzate u codice QR in u quadru per ch’ellu sia analizatu
The data is invalid|Données non valides|I dati sò inaccetevule
Go to device ‘Settings’ > ‘Firefox’. Allow Firefox to access camera.|Accédez à « Réglages » > « Firefox » et autorisez Firefox à accéder à l’appareil photo.|Andà à « Parametri » > « Firefox » di l’apparechju. Permette à Firefox d’accede à l’apparechju-fotò.
The new search engine will appear in the quick search bar.|Le nouveau moteur de recherche apparaîtra dans la barre de recherche rapide.|U novu mutore di ricerca serà messu in a barra di ricerca rapida.
Added Search engine!|Le moteur de recherche a été ajouté.|U mutore di ricerca hè statu aghjuntu.
Add Search Provider?|Ajouter le moteur de recherche ?|Aghjunghje u mutore di ricerca ?
A search engine with this title or URL has already been added.|Un moteur de recherche du même nom ou de la même adresse a déjà été ajouté.|Un mutore di ricerca di u listessu nome o indirizzu hè statu aghjuntu dighjà.
Failed|Échec|Fiascu
The search provider could not be added.|Le moteur de recherche ne peut pas être ajouté.|U mutore di ricerca ùn pò micca esse aghjuntu.
Please fill all fields correctly.|Veuillez renseigner correctement l’ensemble des champs.|Ci vole à riempie tutti i campi da una manera curretta.
Failed|Erreur|Fiascu
Send Feedback|Donner mon avis|Dà u mo avisu
Send Report|Envoyer le rapport|Mandà u raportu
Send a crash report so Mozilla can fix the problem?|Envoyer un rapport de plantage afin que Mozilla puisse corriger le problème ?|Mandà un raportu d’accidente per chì Mozilla possa currege u penseru ?
Available devices:|Appareils disponibles :|Apparechji dispunibule :
Only HTTP and HTTPS links can be shared.|Seuls les liens HTTP ou HTTPS peuvent être partagés.|Solu i liami HTTP è HTTPS ponu esse sparti.
The link you are trying to share cannot be shared.|Ce lien ne peut pas être partagé.|Stu liame ùn pò micca esse spartutu.
Send Tab|Envoyer l’onglet|Mandà l’unghjetta
You don’t have any other devices connected to this Firefox Account available to sync.|Vous n’avez aucun autre appareil prêt à être synchronisé et connecté à ce compte Firefox.|Ùn avete alcunu altru apparechju prontu à esse sincrunizatu è cunnessu à stu contu Firefox.
Please open Firefox, go to Settings and sign in to continue.|Veuillez ouvrir Firefox, vous rendre dans les paramètres et vous connecter pour continuer.|Ci vole à apre Firefox, andà in Parametri è identificassi per cuntinuà.
You are not signed in to your Firefox Account.|Vous n’êtes pas connecté·e à votre compte Firefox.|Ùn site micca cunnessu à u vostru contu Firefox.
Send|Envoyer|Mandà
Tap to begin|Appuyer pour commencer|Picchichjà per principià
New tab arrived from another device.|Nouvel onglet reçu depuis un autre appareil.|Nova unghjetta ricevuta da un’altru apparechju.
Tab received|Onglet reçu|Unghjetta ricevuta
New tab arrived in %@|Nouvel onglet reçu dans %@|Nova unghjetta ricevuta in %@
Tab received from %@|Onglet reçu depuis %@|Unghjetta ricevuta da %@
Serif|Sérif|Patta (Serif)
Add Search Engine|Ajouter un moteur de recherche|Aghjunghje un mutore di ricerca
Add Search Engine|Ajout moteur de recherche|Aghjuntu di mutore di ricerca
Title|Nom|Nome
Search Engine|Moteur de recherche|Mutore di ricerca
URL (Replace Query with %s)|Adresse web (Remplacez la recherche par %s)|Indirizzu web (Rimpiazzà a ricerca da %s)
Address Bar Placement|Emplacement de la barre d’adresse|Pusizione di a barra d’indirizzu
Browser Theme|Thème du navigateur|Tema di u navigatore
Appearance|Apparence|Aspettu
Website Appearance|Apparence des sites web|Aspettu di i siti web
Gives websites a dark appearance. Some sites might not look right.|Donne un aspect sombre aux sites web. Certains sites pourraient ne pas s’afficher correctement.|Dà un aspettu scuru à i siti web. Certi siti puderianu ùn micca affissassi currettamente.
Website Dark Mode|Mode sombre des sites web|Modu scuru per i siti web
Block Opening External Apps|Bloquer l’ouverture d’applications externes|Bluccà l’apertura d’appiecazioni esterne
Clear All Website Data|Effacer toutes les données de sites|Squassà tutti dati di siti
Clear Private Data|Effacer mes traces|Squassà e mo traccie
Clear Items: %1$@|Supprimer les éléments : %1$@|Squassà l’elementi : %1$@
Copied to clipboard|Copiée dans le presse-papiers|Cupiata in u preme’papei
Filter Sites|Filtrer les sites|Filtrà i siti
Data Management|Gestion des données|Ghjestione di i dati
Firefox will stop syncing with your account, but won’t delete any of your browsing data on this device.|Firefox ne se synchronisera plus avec votre compte, mais ne supprimera aucune donnée de navigation sur cet appareil.|Firefox ùn si sincruniserà più cù u vostru contu, ma ùn squasserà alcunu datu di navigazione nant’à st’apparechju.
Disconnect Sync|Déconnecter Sync|Discunnette Sync
Disconnect|Déconnecter|Discunnette
Disconnect Sync?|Se déconnecter de Sync ?|Discunnettesi di Sync ?
Threshold|Seuil|Sogliu
Manual|Manuel|Manuale
Pick which theme you want|Choisissez quel thème vous voulez|Sceglie u tema chì vi piace
Manually|Manuellement|Manualmente
The theme will automatically change based on your display brightness. You can set the threshold where the theme changes. The circle indicates your display’s current brightness.|Le thème basculera automatiquement en fonction de la luminosité de votre écran. Vous pouvez définir le seuil à partir duquel le thème doit basculer. Le cercle indique la luminosité actuelle.|U tema cambierà autumaticamente secondu a lucidezza di u vostru screnu. Pudete definisce u sogliu quandu u tema deve cambià. U chjerchju indicheghja a lucidezza attuale.
Switch Mode|Changer de mode|Cambià di modu
Switch automatically based on screen brightness|Basculer automatiquement en fonction de la luminosité de l’écran|Cambià autumaticamente secondu a lucidezza di u screnu
Automatically|Automatiquement|Autumaticu
System Theme|Thème du système|Tema di u sistema
Use System Light/Dark Mode|Utiliser le mode clair ou sombre du système|Impiegà u modu chjaru o scuru di u sistema
Theme Picker|Sélecteur de thème|Selettore di tema
Device Name|Nom de l’appareil|Nome di l’apparechju
Sync Settings|Paramètres de synchronisation|Parametri di sincrunizazione
Choose what displays as the homepage.|Choisissez ce qui s’affiche comme page d’accueil.|Sciglite ciò chì s’affissa cum’è pagina d’accolta.
Choose what’s included on the Firefox homepage.|Choisissez le contenu de la page d’accueil de Firefox.|Sciglite u cuntenutu di a pagina d’accolta di Firefox.
Recommended by Pocket|Recommandé par Pocket|Ricumandatu da Pocket
Choose what you see when you return to Firefox.|Choisissez ce qui s’affiche lorsque vous rouvrez Firefox.|Sciglite ciò chì si vede quandu vi rivinite à Firefox.
Include on Homepage|Inclure sur la page d’accueil|Include nant’à a pagina d’accolta
Wallpaper|Fond d’écran|Sfondulu di screnu
Firefox wallpaper, amethyst pattern.|Fond d’écran de Firefox, motif améthyste.|Sfondulu di screnu Firefox, mudellu amatista.
Firefox wallpaper, beach hills pattern.|Fond d’écran Firefox, motif collines de plage.|Sfondulu di screnu di Firefox, mudellu d’un tombulu di rena.
Firefox wallpaper, cerulean pattern.|Fond d’écran de Firefox, motif bleu céruléen.|Sfondulu di screnu Firefox, mudellu turchinu azuratu.
Default clear wallpaper.|Fond d’écran clair par défaut.|Sfondulu chjaru predefinitu.
Firefox wallpaper, sunrise pattern.|Fond d’écran de Firefox, motif de lever de soleil.|Sfondulu di screnu Firefox, mudellu assulanatu.
Homepage wallpaper cycle toggle|Commutateur du diaporama du fond d’écran de la page d’accueil|Cummutatore di u ciclu di sfondulu di screnu di a pagina d’accolta
Firefox wallpaper, twilight hills pattern.|Fond d’écran Firefox, motif collines au crépuscule.|Sfondulu di screnu di Firefox, mudellu d’un’attrachju marina.
Classic %@|%@ classique|%@ classicu
OPENING SCREEN|ÉCRAN À L’OUVERTURE|SCRENU À L’APERTURA
Try the new collection.|Essayez la nouvelle collection.|Pruvate a nova cullezzione.
The new Independent Voices collection.|La nouvelle collection Voix indépendantes.|A nova cullezzione di Voci indipendente.
Limited Edition|Édition limitée|Edizione limitata
Change wallpaper by tapping Firefox homepage logo|Changer le fond d’écran en appuyant sur le logo Firefox de la page d’accueil|Cambià u sfondulu di screnu picchichjendu u logo di a pagina d’accolta
Wallpaper Updated!|Fond d’écran mis à jour !|Sfondulu di screnu mudificatu !
Current Homepage|Page d’accueil actuelle|Pagina d’accolta attuale
Use Current Page|Utiliser la page actuelle|Impiegà a pagina attuale
Rows|Lignes|Linee
Sponsored Shortcuts|Raccourcis sponsorisés|Accurtatoghji spunsurizati
Logins & Passwords|Identifiants et mots de passe|Identificazioni è parolle d’intesa
Custom URL|Adresse personnalisée|Indirizzu persunalizatu
Blank Page|Page vide|Una pagina viota
Firefox Home|Page d’accueil de Firefox|Accolta di Firefox
Show|Afficher|Affissà
Choose what to load when opening a new tab|Choisissez ce qui s’affiche à l’ouverture d’un nouvel onglet.|Sciglite ciò chì s’affissa à l’apertura d’una nova unghjetta
Block Images|Bloquer les images|Bluccà e fiure
When Opening Firefox|À l’ouverture de Firefox|À l’apertura di Firefox
When opening %@|Lors de l’ouverture de %@|À l’apertura di %@
Offer to Open Copied Links|Proposer d’ouvrir les liens copiés|Prupone d’apre i liami cupiati
Open mail links with|Ouvrir les liens des e-mails avec|Apre i liami di messaghjeria cù
Mail App|Application de messagerie|Appiecazione di messaghjeria
Use your fingerprint to access passwords now.|Utilisez votre empreinte digitale pour accéder aux mots de passe.|Impiegate a vostra impronta digitale per accede subitu à e parolle d’intesa.
Your passwords are now protected by Face ID, Touch ID or a device passcode.|Vos mots de passe sont désormais protégés par Face ID, Touch ID ou le code de l’appareil.|E vostre parolle d’intesa sò prutette avà da Face ID, Touch ID o un codice d’accessu per l’apparechju.
Save Passwords|Enregistrer les mots de passe|Arregistrà e parolle d’intesa
Save Logins|Enregistrer les identifiants|Arregistrà l’identificazioni di cunnessione
Learn More.|En savoir plus.|Sapene di più.
Mozilla strives to only collect what we need to provide and improve Firefox for everyone.|Mozilla veille à collecter uniquement les données nécessaires afin d’offrir et d’améliorer Firefox pour tout le monde.|Mozilla face casu à cullettà solu i dati chì sò ghjuvevule per rigalà è bunificà Firefox per tutti.
Send Usage Data|Envoyer des données d’utilisation|Mandà i dati d’adopru
When Long-pressing Links|Lors d’un appui long sur les liens|Durante un appoghju longu nant’à i liami
When long-pressing links|Lors d’un appui long sur les liens|Durante un appoghju longu nant’à i liami
Show Link Previews|Afficher l’aperçu des liens|Affissà a fighjulata di i liami
Show in Application Menu|Afficher dans le menu de l’application|Affissà in u listinu di l’appiecazione
Open New Tab|Ouvrir un nouvel onglet|Apre una nova unghjetta
Use Siri shortcuts to quickly open Firefox via Siri|Utilisez les raccourcis Siri pour ouvrir rapidement Firefox via Siri|Impiegà l’accurtatoghji Siri per apre Firefox in furia via Siri
Siri Shortcuts|Raccourcis Siri|Accurtatoghji Siri
Firefox may install and run studies from time to time.|Firefox peut installer et lancer des études de temps en temps.|Firefox pò installà è lancià studii di quandu in quandu.
Sign in to sync tabs, bookmarks, passwords, and more.|Connectez-vous pour synchroniser onglets, marque-pages, mots de passe et bien plus.|Cunnittitevi per sincrunizà unghjette, indette, parolle d’intesa è ancu di più.
Inactive Tabs|Onglets inactifs|Unghjette inattive
Tabs you haven’t viewed for two weeks get moved to the inactive section.|Les onglets que vous n’avez pas consultés depuis deux semaines sont déplacés vers la section « Onglets inactifs ».|L’unghjette chì vo ùn avete micca viste dapoi duie settimane sò dispiazzate in a sezzione inattiva.
Tab Groups|Groupes d’onglets|Gruppi d’unghjette
Customize Tab Tray|Personnaliser le panneau des onglets|Persunalizà a barra d’unghjette
Toolbar|Barre d’outils|Barra d’attrezzi
If a site doesn’t work as expected, tap the lock in the address bar and turn off Enhanced Tracking Protection for that page.|Si un site ne fonctionne pas comme prévu, appuyez sur le cadenas dans la barre d’adresse et désactivez la protection renforcée contre le pistage pour cette page.|S’è un situ ùn funziona micca cum’è previstu, appughjate nant’à u lucchettu in a barra d’indirizzu è disattivate a prutezzione rinfurzata contr’à u spiunagiu per sta pagina.
Heads up!|Attention !|Fate casu !
BLOCKS|BLOQUE|BLUCCATU
Reduces targeted ads and helps stop advertisers from tracking your browsing.|Réduit les publicités ciblées et empêche les annonceurs de suivre votre navigation.|Riduce e publicità sibulate è vi aiuta à impedisce i siti di seguità a vostra navigazione.
Allows some ad tracking so websites function properly.|Autorise certains traqueurs publicitaires afin que des sites fonctionnent correctement.|Permette qualchì elementu di spiunagiu da e publicità per chì i siti funziuneghjinu currettamente.
Blocks more trackers, ads, and popups. Pages load faster, but some functionality may not work.|Bloque davantage de traqueurs, de publicités et de popups. Les pages se chargent plus rapidement, mais certaines fonctionnalités peuvent ne pas fonctionner.|Bluccheghja più perseguitatori, publicità è annunzii micca richiesti. E pagine si caricheranu più prestu, ma certi siti puderianu ùn micca funziunà currettamente.
Protection Level|Niveau de protection|Livellu di prutezzione
Tracking Protection|Protection contre le pistage|Prutezzione contr’à u spiunagiu
Strict|Strict|Severa
Troubleshoot|Résolution de problèmes|Infurmazioni per currege certi penseri
Show More|Afficher plus|Affissà più
This action will clear all of your website data. It cannot be undone.|Cette action effacera l’ensemble des données de sites et est irréversible.|St’azzione squasserà l’inseme di i vostri dati di siti web. Ùn pò micca esse invertita.
This action will clear the selected items. It cannot be undone.|Cette action effacera l’ensemble des éléments sélectionnés et est irréversible.|St’azzione squasserà l’elementi selezziunati. Ùn pò micca esse invertita.
Website Data|Données des sites|Dati di siti web
Added to Reading List|Ajoutée à la liste de lecture|Aghjunta à a lista di lettura
Bookmark This Page|Marquer cette page|Indettà sta pagina
Bookmarked|Ajoutée aux marque-pages|Aghjunta à l’indette
Load in Background|Charger en arrière-plan|Caricà in tacca di fondu
Loading in Firefox|Chargement dans Firefox|Caricamentu in Firefox
Open in Firefox|Ouvrir dans Firefox|Apre in Firefox
Search in Firefox|Rechercher dans Firefox|Ricercà in Firefox
Show Search Suggestions|Afficher les suggestions|Affissà e sugestioni
Show Tabs|Afficher les onglets|Affissà l’unghjette
Show Tour|Lancer la visite guidée|Principià a visita guidata
Swipe right or left with three fingers to close the tab.|Faites glisser trois doigts vers la droite ou la gauche pour fermer l’onglet.|Fate sguillà trè diti à manu dritta o manca per chjode l’unghjetta.
Syncing…|Synchronisation en cours…|Sincrunizazione in corsu…
Sync is offline|Sync est hors connexion|Sincrunizazione fora di cunnessione
Tab %1$@ of %2$@|Onglet %1$@ sur %2$@|Unghjetta %1$@ nant’à %2$@
Show All Tabs|Afficher tous les onglets|Affissà tutte l’unghjette
Close All Tabs|Fermer tous les onglets|Chjode tutte l’unghjette
Currently selected tab.|Onglet actuellement sélectionné.|Unghjetta selezziunata attualmente.
Others|Autres|Altri
Synced|Synchronisés|Sincrunizate
Tabs %1$@ to %2$@ of %3$@|Onglets %1$@ à %2$@ sur %3$@|Unghjette %1$@ à %2$@ nant’à %3$@
Tabs Tray|Liste des onglets|Lista di l’unghjette
View Inactive Tabs|Afficher les onglets inactifs|Affissà l’unghjette inattive
Hide Inactive Tabs|Masquer les onglets inactifs|Piattà l’unghjette inattive
The page could not be displayed in Reader View.|La page n’a pas pu être affichée en mode lecture.|A pagina ùn si pò micca affissà in modu di lettura.
There was a problem accessing tabs from your other devices. Try again in a few moments.|Un problème s’est produit en accédant aux onglets de vos autres appareils. Veuillez réessayer plus tard.|Un penseru hè accadutu durante l’accessu à l’unghjette da i vostri altri apparechji. Pruvate torna da quì à pocu.
There was an error converting the page|Une erreur s’est produite lors de la conversion de la page|Un sbagliu hè accadutu durante a cunversione di a pagina
yesterday|hier|eri
Not Now|Plus tard|Micca subitu
Open App Store|Ouvrir l’App Store|Apre l’App Store
Remove page — %@|Supprimer la page - %@|Caccià a pagina - %@
This page appears to be in %1$@. Translate to %2$@ with %3$@?|Cette page semble être en %1$@. La traduire en %2$@ avec %3$@ ?|Sta pagina pare esse in %1$@. Traducella in %2$@ cù %3$@ ?
Search with Firefox|Rechercher avec Firefox|Ricercà cù Firefox
Use stage servers|Utiliser les serveurs de simulation|Impiegà i servitori di simulazione
Something went wrong with this wallpaper.|Quelque chose s’est mal passé avec ce fond d’écran.|Un sbagliu hè accadutu cù stu sfondulu di screnu.
Couldn’t Change Wallpaper|Impossible de changer le fond d’écran|Impussibule di cambià u sfondulu di screnu
Something went wrong with your download.|Quelque chose s’est mal passé avec votre téléchargement.|Un sbagliu hè accadutu cù u vostru scaricamentu.
Couldn’t Download Wallpaper|Impossible de télécharger le fond d’écran|Impussibule di scaricà u sfondulu di screnu
Web content|Contenu web|Cuntenutu web
Welcome to your Reading List|Bienvenue dans votre liste de lecture|Benvenuta in a vostra lista di lettura
Well, this is embarrassing.|Hum, c’est embarrassant.|Umbè, ghjè imbarazzante.
Your Rights|Droits de l’utilisateur|Diritti di l’utilizatore
Sign In with Your Camera|Connectez-vous avec votre appareil photo|Cunnittitevi cù u vostru apparechju-fotò
On your computer open Firefox and go to firefox.com/pair|Sur votre ordinateur, ouvrez Firefox et accédez à firefox.com/pair|Nant’à u vostru urdinatore, aprite Firefox è andate à firefox.com/pair
Ready to Scan|Prêt·e à scanner|Prontu à analizà
Use Email Instead|Utiliser plutôt une adresse e-mail|Impiegà piuttostu un messaghju elettronicu
just now|à l’instant|una stonda fà
mobile device|appareil mobile|apparechju mobile
more than a month ago|il y a plus d’un mois|più d’un mese fà
more than a week ago|il y a plus d’une semaine|più d’una settimana fà
read|Lu|Lettu
this week|cette semaine|sta settimana
today at %@|aujourd’hui à %@|oghje à %@
unread|Non lu|Micca lettu
Are you sure?|Poursuivre la suppression ?|Cuntinuà a suppressione ?
Clear Search|Effacer les recherches|Squassà e ricerche
Created %@|Date de création : %@|Creatu %@
You cannot undo this action.|Cette action ne peut être annulée.|Ùn si pò disfà st’azzione.
This will remove the password from all of your synced devices.|Le mot de passe sera supprimé de tous vos appareils synchronisés.|St’azzione hà da caccià a parolla d’intesa da tutti i vostri apparechji sincrunizati.
Remove Password?|Supprimer le mot de passe ?|Caccià a parolla d’intesa ?
Deselect All|Tout désélectionner|Ùn selezziunà nunda
Enter Search Mode|Activer le mode recherche|Attivà u modu di ricerca
Hide|Masquer|Piattà
Password removed|Mot de passe supprimé|Parolla d’intesa cacciata
Logins will be permanently removed.|Les identifiants seront supprimés définitivement.|L’identificazioni di cunnessione seranu cacciate ab’eternu.
Logins will be removed from all connected devices.|Les identifiants seront supprimés de tous vos appareils connectés.|L’identificazioni di cunnessione seranu cacciate da tutti l’apparechji cunnessi.
Modified %@|Dernière modification : %@|Mudificatu %@
No logins found|Aucun identifiant trouvé|Ùn si trova nisuna identificazione di cunnessione
No passwords found|Aucun mot de passe trouvé|Ùn si trova nisuna parolla d’intesa
Open & Fill|Ouvrir et renseigner|Apre è rinsignà
Reveal|Afficher|Palisà
Search Input Field|Rechercher des identifiants|Ricercà identificazioni di cunnessione
Select All|Tout sélectionner|Tuttu selezziunà
Successfully Downloaded PDF|PDF téléchargé|PDF scaricatu currettamente
Open New Private Tab|Ouvrir un nouvel onglet privé|Apre una nova unghjetta privata
Synced Tabs|Onglets synchronisés|Unghjette sincrunizate
Report Site Issue|Signaler un problème sur ce site|Signalà un penseru cù stu situ
See All|Tout afficher|Tuttu affissà
Share Page With…|Partager la page avec…|Sparte a pagina cù…
Request Desktop Site|Voir la version ordinateur|Fighjà a versione urdinatore
Request Mobile Site|Voir la version mobile|Fighjà a versione mobile
Close Private Tabs|Fermer les onglets privés|Chjode l’unghjette private
Open in New Private Tab|Ouvrir dans un nouvel onglet privé|Apre in una nova unghjetta privata
Firefox won’t remember any of your history or cookies, but new bookmarks will be saved.|Firefox ne conservera aucun historique ni aucun cookie, cependant les nouveaux marque-pages seront conservés.|Firefox ùn cunserverà alcuna cronolugia nè canistrelli, ma e nove indette seranu arregistrate.
Private Browsing|Navigation privée|Navigazione privata
Private Mode|Mode de navigation privée|Modu di navigazione privata
Turns private mode on or off|Active ou désactive la navigation privée|Attiva o disattiva a navigazione privata
When Leaving Private Browsing|Lorsque vous quittez la navigation privée|Quandu vò quittate a navigazione privata
%@ search|Recherche %@|Ricerca %@
Search Settings|Paramètres de recherche|Parametri di ricerca
%1$@ on %2$@|%1$@ sur %2$@|%1$@ nant’à %2$@
Bookmarks Menu|Menu Marque-pages|Listinu di l’indette
Mobile Bookmarks|Marque-pages mobile|Indette mobile
Unsorted Bookmarks|Marque-pages non classés|Indette micca classificate
Add Firefox shortcuts to your Home screen.|Ajoutez des raccourcis Firefox à votre écran d’accueil.|Aghjunghjite accurtatoghji Firefox à u vostru screnu d’accolta.
Go to copied link|Ouvrir le lien copié|Apre u liame cupiatu
Go to Copied Link|Ouvrir le lien copié|Apre u liame cupiatu
+%d More…|+%d autres…|Più di %d altre…
New Search|Nouvelle recherche|Nova ricerca
No open tabs.|Aucun onglet ouvert.|Alcuna unghjetta aperta.
Open Firefox|Ouvrir Firefox|Apre Firefox
Add a Firefox shortcut to your Home screen. After adding the widget, touch and hold to edit it and select a different shortcut.|Ajoutez un raccourci Firefox à votre écran d’accueil. Après avoir ajouté le widget, appuyez de manière prolongée pour le modifier et sélectionnez un autre raccourci.|Aghjunghjite un accurtatoghju Firefox à u vostru screnu d’accolta. Dopu l’aghjuntu di u widget, tuccatelu è mantenelu per mudificalu è selezziunate un altru accurtatoghju.
Quick Actions|Actions rapides|Azzioni preste
Firefox Shortcuts|Raccourcis Firefox|Accurtatoghji Firefox
Add shortcuts to your open tabs.|Ajoutez des raccourcis vers vos onglets ouverts.|Aghjunghjite accurtatoghji à e vostre unghjette aperte.
Quick View|Aperçu rapide|Vista presta
Search in Private Tab|Rechercher dans un onglet privé|Ricercà in un’ unghjetta privata
Add shortcuts to frequently and recently visited sites.|Ajoutez des raccourcis vers des sites fréquemment et récemment visités.|Aghjunghjite accurtatoghji à i siti visitati aspessu è pocu fà.
Top Sites|Sites principaux|Siti principale
Website Shortcuts|Raccourcis de sites web|Accurtatoghji di siti web
Search image with Google Lens|Rechercher une image avec Google Lens|Circà una fiura cù Google Lens
Photo Library|Bibliothèque photos|Biblioteca di fiure
Take Photo|Prendre une photo|Piglià una fotò
Privacy & Security Settings|Paramètres de vie privée et de sécurité|Parametri di vita privata è di sicurità
Opens search engine selection|Ouvre la sélection du moteur de recherche|Apre a selezzione di u mutore di ricerca
Search Engine: %@|Moteur de recherche : %@|Mutore di ricerca : %@
This will remove the card from all of your synced devices.|La carte sera supprimée de tous vos appareils synchronisés.|St’azzione hà da caccià a carta da tutti i vostri apparechji sincrunizati.
Remove Card?|Supprimer la carte ?|Caccià a carta ?
%@ is asking to download a file and add an event to your calendar.|%@ souhaite télécharger un fichier et ajouter un évènement à votre agenda.|%@ richiede di scaricà un schedariu è d’aghjunghje un evenimentu à u vostru calendariu.
This site is asking to download a file and add an event to your calendar.|Ce site souhaite télécharger un fichier et ajouter un évènement à votre agenda.|Stu situ richiede di scaricà un schedariu è d’aghjunghje un evenimentu à u vostru calendariu.
Add to calendar?|Ajouter à l’agenda ?|Aghjunghje à u calendariu ?
Close all private tabs and delete history, cookies, and all other site data.|Fermer tous les onglets privés et supprimer l’historique, les cookies et toutes les autres données des sites.|Chjode tutte l’unghjette private è squassà a cronolugia, i canistrelli è tutti l’altri dati di i siti.
Delete session data|Supprimer les données de la session|Squassà i dati di a sessione
End your private session?|Mettre fin à votre session privée ?|Compie a vostra sessione privata ?
Restore tabs|Restaurer les onglets|Risturà l’unghjette
Sorry about that. Restore tabs to pick up where you left off.|Oups ! Restaurez les onglets pour reprendre là où vous en étiez.|Chì peccatu ! Risturà l’unghjette per ripiglià induve vi site piantati.
%@ crashed. Restore your tabs?|%@ a planté. Restaurer vos onglets ?|%@ s’hè lampatu. Risturà e vostre unghjette ?
Selected|Sélectionné|Selezziunatu
Select the %@ app icon|Sélectionner l’icône de l’application %@|Selezziunà l’icona di l’appiecazione %@
Deselected|Désélectionné|Micca selezziunatu
Cool|Cool|Simpaticu
Light|Claire|Chjaru
Midday|Midi|Meziornu
Created by %@|Créée par %@|Creata da %@
Sorry, there was an error setting your app icon.|Désolé, une erreur s’est produite lors du paramétrage de l’icône de l’application.|Per disgrazia, un sbagliu hè accadutu durante a definizione di l’icona di l’appiecazione.
Basics|Basiques|Generale
Colors|Colorées|Culori
More|Autres|Altri
Authenticate to access passwords.|Authentifiez-vous pour accéder aux mots de passe.|Autenticatevi per accede à e parolle d’intesa.
Authenticate to access your saved passwords and payment methods.|Authentifiez-vous pour accéder à vos mots de passe et moyens de paiement enregistrés.|Autenticatevi per accede à e vostre parolle d’intesa è metode di pagamentu arregistrate.
Are you sure you want to delete it and its contents?|Voulez-vous vraiment supprimer ce dossier ainsi que son contenu ?|Vulete veramente squassà stu cartulare è u so cuntenutu ?
This folder isn’t empty.|Le dossier n’est pas vide.|Stu cartulare ùn hè micca viotu.
This folder is empty|Ce dossier est vide|Stu cartulare hè viotu
Save sites as you browse. We’ll also grab bookmarks from other synced devices.|Enregistrez des sites en cours de navigation. Nous récupèrerons aussi les marque-pages des autres appareils synchronisés.|Arregistrate siti durante a navigazione. Averemu da ricuperà l’indette d’altri apparechji sincrunizati.
Save sites as you browse. Sign in to grab bookmarks from other synced devices.|Enregistrez des sites en cours de navigation. Connectez-vous pour récupérer les marque-pages d’autres appareils synchronisés.|Arregistrate siti durante a navigazione. Cunnittitevi per ricuperà l’indette d’altri apparechji sincrunizati.
Sign in to Sync|Se connecter pour synchroniser|Cunnettesi per sincrunizà
All|Tout|Tuttu
Delete Bookmark|Supprimer le marque-page|Squassà l’indetta
Delete Folder|Supprimer le dossier|Squassà u cartulare
Deleted “%@”|« %@ » supprimé|« %@ » squassatu
All Folders|Tous les dossiers|Tutti i cartulari
Change Location|Changer d’emplacement|Cambià di locu
DESKTOP BOOKMARKS|MARQUE-PAGES ORDINATEUR|INDETTE URDINATORE
Desktop|Ordinateur|Urdinatore
Collapsed|Réduit|Riduttu
Expanded|Développé|Allargatu
MOBILE BOOKMARKS|MARQUE-PAGES MOBILE|INDETTE MOBILE
Remove from Shortcuts|Retirer des raccourcis|Caccià da l’accurtatoghji
Saved in “Bookmarks”|Enregistré dans « Marque-pages »|Arregistrata in « Indette »
Saved in “%@”|Enregistré dans « %@ »|Arregistrata in « %@ »
Use a saved address?|Utiliser une adresse enregistrée ?|Impiegà un indirizzu arregistratu ?
Go to Settings > %@ on your device to allow Firefox to use your camera.|Rendez-vous dans Réglages > %@ sur votre appareil pour autoriser Firefox à utiliser votre appareil photo.|Andate à « Parametri > %@ » nant’à u vostru apparechju per permette à Firefox d’accede à u vostru apparechju-fotò.
Tap here to start a fresh private session. Delete your history, cookies — everything.|Appuyez ici pour lancer une nouvelle session de navigation privée. Supprimez historique, cookies — tout.|Picchicciate quì per principià una sessione privata nova. Squassà cronolugia, canistrelli… tuttu.
Use your camera or choose a photo to search what you see.|Utilisez votre appareil photo ou choisissez une photo pour lancer une recherche visuelle.|Impiegà u vostru apparechju-fotò o sceglie una fotò per lancià una ricerca visuale.
Search With Google Lens|Rechercher avec Google Lens|Circà cù Google Lens
Fast, private translations are ready when you are.|Des traductions rapides et confidentielles vous attendent dès que vous en avez besoin.|Traduzzioni rapide è private sò pronte quandu vo n’avete bisognu.
%@ Speaks Your Language|%@ parle votre langue|%@ parla a vostra lingua
There was an issue with autofill. Please try again.|Un problème est survenu avec le remplissage automatique. Veuillez réessayer.|Un sbagliu hè accadutu cù u riempiimentu autumaticu. Pruvate torna.
Autofill Error|Erreur de remplissage automatique|Sbagliu di riempiimentu autumaticu
The passwords you save or sync to %@ will be listed here. All passwords you save are encrypted.|Les mots de passe que vous enregistrez ou synchronisez avec %@ seront répertoriés ici. Tous les mots de passe que vous enregistrez sont chiffrés.|E parolle d’intesa chì vo arregistrate o sincrunizate cù %@ seranu affissate quì. Tutte e parolle d’intesa chì vo arregistrate sò cifrate.
No passwords saved|Aucun mot de passe enregistré|Nisuna parolla d’intesa arregistrata
To save and automatically fill passwords, enable Face ID, Touch ID, or a device passcode.|Pour enregistrer et renseigner automatiquement les mots de passe, activez Face ID, Touch ID ou un code pour l’appareil.|Per arregistrà è riempie autumaticamente e parolle d’intesa, attivate Face ID, Touch ID o un codice d’accessu per l’apparechju.
To save and autofill credit cards, enable Face ID, Touch ID, or a device passcode.|Pour enregistrer et remplir automatiquement les cartes bancaires et mots de passe, activez Face ID, Touch ID ou un code pour l’appareil.|Per arregistrà è riempie autumaticamente e carte bancarie, attivate Face ID, Touch ID o un codice d’accessu per l’apparechju.
Privacy Report|Rapport de confidentialité|Raportu di cunfidenzialità
Articles powered by %@|Articles mis en avant par %@|Articuli selezziunati da %@
Top Stories|Articles populaires|Articuli pupulari
World Cup|Coupe du monde|Coppa di u mondu
Expires|Date d’expiration|Scadenza
Edit Card|Modifier la carte|Mudificà a carta
The address will be removed from all of your synced devices.|L’adresse sera supprimée de tous vos appareils synchronisés.|L’indirizzu serà cacciatu da tutti i vostri apparechji sincrunizati.
Remove Address|Supprimer l’adresse|Caccià l’indirizzu
Country or Region|Pays ou région|Paese o regione
Department|Département|Dipartimentu
Organization|Entreprise|Urganismu
ZIP Code|Code postal (États-Unis)|Codice pustale (Stati Uniti)
View address|Voir l’adresse|Fighjà l’indirizzu
Address Removed|Adresse supprimée|Indirizzu cacciatu
Address Couldn’t Be Saved|L’adresse n’a pas pu être enregistrée|L’indirizzu ùn pò micca esse arregistratu
Address Couldn’t Be Removed|L’adresse n’a pas pu être supprimée|L’indirizzu ùn pò micca esse cacciatu
Address Saved|Adresse enregistrée|Indirizzu arregistratu
Address Information Updated|Informations d’adresse mises à jour|Infurmazioni d’indirizzu mudificate
Add Card|Ajouter une carte|Aghjunghje una carta
Expiration MM / YY|Expiration MM / AA|Scadenza MM / AA
Conceal|Masquer|Ammascà
Expires %@|Date d’expiration : %@|Data di scadenza : %@
Remove Card|Supprimer la carte|Caccià sta carta
SAVED CARDS|CARTES ENREGISTRÉES|CARTE ARREGISTRATE
Save and Fill Payment Methods|Enregistrer et renseigner les moyens de paiement|Arregistrà è rinsignà e metode di pagamentu
View Card|Afficher la carte|Affissà a carta
Find something nearby. Or discover something fun.|Trouvez quelque chose à proximité. Ou découvrez quelque chose d’amusant.|Truvate qualcosa in vicinanza. O scuprite qualcosa di svagativu.
Start your first search|Effectuez votre première recherche|Inizià cù a vostra prima ricerca
Private browsing in %@ doesn’t save your info and blocks hidden trackers.|La navigation privée de %@ ne conserve pas vos informations et bloque les traqueurs cachés.|A navigazione privata in %@ ùn arregistreghja micca e vostre infurmazioni è blucca l’elementi di spiunagiu chì sò piattati.
Browse without a trace|Naviguez sans laisser de traces|Navigà senza nisuna traccia
Browse with no saved cookies or history in %@.|Naviguez sans enregistrer ni cookies ni historique dans %@.|Navigate senza arregistrà nè canistrelli nè cronolugia in %@.
Try private browsing|Essayez la navigation privée|Pruvà a navigazione privata
Common Name|Nom courant|Nome cumunu
Issuer Name|Nom de l’émetteur|Nome di l’emettidore
Subject Alt Names|Noms alternatifs du sujet|Nomi alternativi di u sughjettu
DNS Name|Nom DNS|Nome DNS
Subject Name|Nom du sujet|Nome di u sughjettu
Certificate|Certificat|Certificatu
Validity|Validité|Validità
Not After|Pas après|Micca dopu
Not Before|Pas avant|Micca nanzu
Removing cookies and site data for %@ might log you out of websites and clear shopping carts.|Supprimer les cookies et les données de sites pour %@ peut vous déconnecter de sites web et vider vos paniers d’achats.|A cacciatura di i canistrelli è di i dati di i siti per %@ puderia discunnettevi è viutà e sporte di cumprera.
Cookies and site data removed|Cookies et données de sites supprimés|Canistrelli è dati di siti sò stati cacciati
Close privacy and security menu|Fermer le menu Sécurité et vie privée|Chjode u listinu di vita privata è di sicurità
No trackers found|Aucun traqueur trouvé|Ùn si trova nisunu perseguitatore
Tracking content: %@|Contenu utilisé pour le pistage : %@|Cuntenutu impiegatu per u spiunagiu : %@
Cross-site tracking cookies: %@|Cookies de pistage intersites : %@|Canistrelli di spiunagiu intersiti : %@
Fingerprinters: %@|Détecteurs d’empreinte numérique : %@|Detettori d’impronta numerica : %@
Social media trackers: %@|Traqueurs de réseaux sociaux : %@|Perseguitatori di rete suciale : %@
Trackers blocked: %@|Traqueurs bloqués : %@|Perseguitatori bluccati : %@
Standard blocks common trackers after a page starts loading, so you may see a higher tracker count. %@|La protection standard bloque les traqueurs courants au chargement des pages, vous pouvez donc constater un nombre élevé de traqueurs. %@|A prutezzione classica blucca i perseguitatori cumuni dopu à u caricamentu di e pagine, dunque si pò vede un numeru superiore di perseguitatori. %@
Strict blocks more trackers by stopping them before a page loads, so you may see a lower tracker count. %@|La protection stricte bloque davantage de traqueurs en les arrêtant avant le chargement des pages. Vous constaterez peut-être un nombre moins élevé de traqueurs. %@|A prutezzione severa blucca più perseguitatori piantenduli prima u caricamentu di a pagina, dunque si pò vede un numeru inferiore di perseguitatori. %@
View certificate|Afficher le certificat|Affissà u certificatu
%@ is off-duty. We suggest turning protections back on.|%@ n’est pas en service. Nous vous suggérons de réactiver les protections.|%@ ùn hè micca in serviziu. Vi ricumandemu d’attivà torna e prutezzioni.
You’re protected. If we spot something, we’ll let you know.|Vous êtes protégé·e. Si nous remarquons quelque chose, nous vous le ferons savoir.|Site prutetti. S’è no fighjemu qualcosa, a vi feremu sapè.
%@ is on guard|%@ vous protège|%@ vi prutege
Privacy settings|Paramètres de vie privée|Parametri di cunfidenzialità
Protections are OFF. We suggest turning them back on.|Les protections sont désactivées. Nous vous suggérons de les réactiver.|E prutezzioni sò disattivate. Vi ricumandemu di riattivalle torna.
Enter a valid expiration date|Saisissez une date d’expiration valide|Stampittate una data di scadenza accettevule
The application required to open that link can’t be found.|L’application nécessaire pour ouvrir ce lien est introuvable.|Ùn si pò truvà l’appiecazione richiesta per apre stu liame.
Open email in the default mail application?|Ouvrir l’e-mail dans l’application de messagerie par défaut ?|Apre l’eMail cù l’appiecazione di messaghjeria predefinita ?
Open sms in an external application?|Ouvrir le SMS dans une application externe ?|Apre u SMS in un’appiecazione esterna ?
We’ve updated our %1$@ to reflect the latest features in %2$@. %3$@|Nous avons mis à jour notre %1$@ pour prendre en compte les dernières fonctionnalités de %2$@. %3$@|Avemu messu à livellu a nostra %1$@ per piglià in contu l’ultime funzioni di %2$@. %3$@
Private Browsing Data Erased|Données de navigation privée supprimées|Dati di navigazione privata squassati
%@ deletes your cookies, history, and site data when you close all your private tabs.|%@ efface cookies, historique de navigation et données de sites lorsque vous fermez tous les onglets de navigation privée.|%@ squassa i vostri canistrelli, cronolugia è dati di siti quandu vo chjudite tutte e vostre unghjette private.
Enter the URL for the website.|Saisissez l’adresse du site web.|Stampittà l’indirizzu per u situ web.
Add Shortcut|Ajouter un raccourci|Aghjunghje un accurtatoghju
Website URL|URL du site web|Indirizzu web di u situ
Pinned: %@|Épinglé : %@|Spirlatu : %@
%1$@ of %2$@|%1$@ sur %2$@|%1$@ nant’à %2$@
You’re Protected|Vous êtes protégé·e|Site prutetti
Save username?|Enregistrer le nom d’utilisateur ?|Arregistrà u nome d’utilizatore ?
SAVED PASSWORDS|MOTS DE PASSE ENREGISTRÉS|PAROLLE D’INTESA ARREGISTRATE
Payment Methods|Moyens de paiement|Metode di pagamentu
Powered by %1$@. Part of the %2$@ family.|Fonctionne grâce à %1$@. Membre de la famille %2$@.|Funziuneghja grazia à %1$@. Parte di a famiglia %2$@.
%1$@ tabs closed: %2$@|Onglets %1$@ fermés : %2$@|Unghjette di %1$@ chjose : %2$@
Meet your personalized homepage. Recent tabs, bookmarks, and search results will appear here.|Faites connaissance avec votre page d’accueil personnalisée. Onglets récents, marque-pages et résultats de recherche y apparaissent.|Fate cunnuscenza cù a vostra pagina d’accolta. L’unghjette, l’indette è i risultati di riceca recente ci si trovanu.
Your tabs are syncing! Pick up where you left off on your other device.|Vos onglets sont synchronisés ! Reprenez là vous en étiez sur votre autre appareil.|E vostre unghjette sò sincrunizate ! Ripigliate induve vi site piantati nant’à u vostru altru apparechju.
Next form field|Champ de formulaire suivant|Campu di furmulariu seguente
Previous form field|Champ de formulaire précédent|Campu di furmulariu precedente
Downloading Files: %@|Téléchargement de fichiers : %@|Scaricamentu di schedarii : %@
Downloading “%@”|Téléchargement de « %@ »|Scaricamentu di « %@ »
Bookmarks, history, and settings — all at your fingertips.|Marque-pages, historique et paramètres à portée de main.|Indette, cronolugia è parametri : tuttu vicinu à voi.
New menu, no clutter|Nouveau menu, sans le superflu|Un listinu novu… è basta !
Find what you need faster, from private browsing to save actions.|Trouvez plus vite ce dont vous avez besoin, de la navigation privée aux actions d’enregistrement.|Truvate più prestu ciò chì vo avete bisognu, da a navigazione privata à l’azzioni d’arregistramentu.
New: streamlined menu|Nouveau : menu simplifié|Novu : listinu simplificatu
Bookmark Page|Marquer cette page|Indettà a pagina
Close Menu|Fermer le menu|Chjode u listinu
Dismiss banner|Fermer la bannière|Righjittà a striscia
Dimmed|Grisé|Adumbratu
Sign in to sync passwords, tabs, and more|Connectez-vous pour synchroniser vos mots de passe, vos onglets et plus encore|Cunnittitevi per sincrunizà e parolle d’intesa, l’unghjette, è ancu di più
Sync passwords, tabs, and more|Synchronisez vos mots de passe, vos onglets et plus encore|Sincrunizà e parolle d’intesa, l’unghjette, è ancu di più
Sync bookmarks, passwords, tabs, and more|Synchronisez vos marque-pages, vos mots de passe, vos onglets et plus encore|Sincrunizà l’indette, e parolle d’intesa, l’unghjette, è ancu di più
Sign In|Connexion|Cunnettesi
Takes seconds. Change anytime.|Quelques secondes suffisent. Vous pouvez changer d’avis à tout moment.|Bastanu duie seconde. Cambiate quand’ella vi pare.
Make %@ your default|Définissez %@ comme navigateur par défaut|Definisce %@ cum’è navigatore predefinitu
Get Help|Obtenir de l’aide|Ottene aiutu
New in %@|Nouveau dans %@|Novu in %@
Ad Blocker|Bloqueur de publicités|Blucchime di publicità
Protections|Protections|Prutezzioni
Protections are OFF|Les protections sont désactivées|E prutezzioni sò disattivate
Protections are ON|Les protections sont activées|E prutezzioni sò attivate
Add to Home Screen|Ajouter à l’écran d’accueil|Aghjunghje à u screnu d’accolta
Shortcut|Raccourci|Accurtatoghju
Save to Reading List|Enregistrer dans la liste de lecture|Arregistrà in a lista di lettura
Night Mode|Mode nocturne|Modu nutturnu
Turn off Reader View|Quitter le mode lecture|Disattivà u modu di lettura
Turn on Reader View|Passer en mode lecture|Attivà u modu di lettura
Report Broken Site|Signaler des problèmes avec ce site|Signalà prublemi cù stu situ
Zoom|Zoom|Ingrandamentu
Page Zoom|Zoom sur la page|Ingrandamentu di a pagina
Report|Signaler un problème|Signalà
Report Broken Site…|Signaler des problèmes avec ce site…|Signalà prublemi cù stu situ…
Main Menu|Menu principal|Listinu principale
Desktop Site|Version ordinateur|Versione urdinatore
Less|Moins|Menu
Save submenu|Sous-menu Enregistrer|Sottulistinu Arregistrà
Summarize Page|Résumer la page|Riassume a pagina
Switch to desktop site|Passer en version pour ordinateur|Passà à a versione per urdinatore
Switch to mobile site|Passer en version mobile|Passà à a versione mobile
Tools submenu|Sous-menu Outils|Sottulistinu Attrezzi
Find in Page…|Rechercher dans la page…|Circà in a pagina…
Switch to Desktop Site|Passer en version classique|Passà à a versione per urdinatore
Switch to Mobile Site|Passer en version mobile|Passà à a versione mobile
Page Translated|Page traduite|Pagina tradutta
Translated to %@|Traduite en %@|Tradutta in %@
Translate Page|Traduire la page|Traduce a pagina
Translate Page…|Traduire la page…|Traduce a pagina…
Translated…|Page traduite…|Tradutta…
Help us make %@ better. It only takes a minute.|Aidez-nous à améliorer %@. Cela ne prend qu’une minute.|Aiutateci à rende %@ megliu. Què piglia solu un minutu.
%1$@ out of %2$@|%1$@ sur %2$@|%1$@ nant’à %2$@
Unselected|Désélectionné|Diselezziunatu
Survey|Enquête|Inchiesta
%1$@ doesn’t trust this site because the certificate found isn’t valid for %2$@.|%1$@ ne fait pas confiance à ce site, car le certificat détecté n’est pas valable pour %2$@.|%1$@ ùn face micca cunfidenza à stu situ perchè u certificatu trovu ùn hè micca accettevule per %2$@.
This site doesn’t allow connections that aren’t secure.|Ce site n’autorise pas les connexions non sécurisées.|Stu situ ùn permette micca e cunnessioni chì ùn sò micca sicurizate.
You might need to sign in to your Wi-Fi network, or check your VPN settings.|Vous devrez peut-être vous connecter à votre réseau Wi-Fi ou vérifier vos paramètres VPN.|Forse duverete cunnettesi à a vostra reta Wi-Fi o verificà i vostri parametri VPN.
If you’re on a corporate network, your support team might have more info.|Si vous utilisez un réseau d’entreprise, votre équipe d’assistance pourrait avoir plus d’informations.|S’è vo impiegate una reta d’impresa, a vostra squadra d’assistenza puderia avè d’altre infurmazioni.
Someone pretending to be the site could try to steal your personal info. Your connection settings could also be set up incorrectly.|Quelqu’un se faisant passer pour le site pourrait tenter de dérober vos informations personnelles. Vos paramètres de connexion peuvent également être mal configurés.|Qualchissia pritendendu esse u situ puderia circà à arrubà e vostre infurmazioni persunale. Si puderia dinù chì i vostri parametri di cunnessione ùn sianu micca definiti bè.
Error code: %@|Code d’erreur : %@|Codice di sbagliu : %@
Hide advanced|Masquer|Piattà
Proceed to %@ (Risky)|Poursuivre vers %@ (risqué)|Cuntinuà versu %@ (risicatu)
Be careful. Something doesn’t look right.|Faites preuve de prudence, il semble y avoir un problème.|Fate casu. Pare ch’ella ci sia un prublema.
View the site’s certificate|Afficher le certificat du site|Affissà u certificatu di u situ
The owner of %@ hasn’t set it up properly and a secure connection can’t be created.|Le propriétaire de %@ ne l’a pas configuré correctement et une connexion sécurisée n’a pas pu être établie.|U prupietariu di %@ ùn l’hà micca cunfiguratu currettamente è ùn si pò creà una cunnessione assicurizata.
Looks like there’s a problem with your internet connection.|Il semble y avoir un problème avec votre connexion Internet.|Pare ch’ella ci sia un prublema cù a vostra cunnessione internet.
The site may be busy or unavailable. Try again later. If other pages won’t load, check your Wi-Fi or data connection. %@ can also search the Wayback Machine for an earlier version of this page.|Le site est peut-être occupé ou indisponible. Réessayez plus tard. Si d’autres pages ne se chargent pas, vérifiez votre connexion Wi-Fi ou de données. %@ peut également rechercher sur la Wayback Machine une version antérieure de cette page.|U situ hè forse sopracaricatu o indispunibule. Pruvate torna un’altra volta. S’è d’altre pagine ùn si caricanu micca, verificate a vostra cunnessione di dati o Wi-Fi. %@ pò dinù circà una versione precedente di sta pagina via Wayback Machine.
Unable to connect|Connexion impossible|Impussibule di cunnettesi
Searches the Wayback Machine for an archived version of this page.|Recherche d’une version archivée de cette page sur la Wayback Machine.|Circà via Wayback Machine una versione archiviata di sta pagina.
%@ Tip|Conseil de %@|Cunsigliu di %@
*Is %@ already your default?* Close this message and tap Skip.|*%@ est-il déjà votre navigateur par défaut ?* Fermez ce message et appuyez sur Ignorer.|*%@ hè dighjà u vostru navigatore predefinitu ?* Chjudite stu messaghju è picchichjate nant’à « Ignurà ».
1. Go to *Settings*|1. Rendez-vous dans les *paramètres*|1. Andate à *Parametri*
2. Tap *Default Browser App*|2. Appuyez sur *App du navigateur par défaut*|2. Picchichjate nant’à *Appiecazione predefinita di navigazione*
3. Select *%@*|3. Sélectionnez *%@*|3. Selezziunate *%@*
Customize %@|Personnaliser %@|Persunalizà %@
Set your theme and toolbar to match your unique browsing style.|Configurez le thème et la barre d’outils à votre propre façon de naviguer.|Definite u tema è a barra d’attrezzi per ch’elli currispondenu à u vostru stilu di navigazione.
%@ puts you in control|%@ vous donne le contrôle|%@ vi dà u cuntrollu
Save and Continue|Enregistrer et continuer|Arregistrà è cuntinuà
See the web in the best light.|Donnez au Web la lumière que vous aimez.|Fighjate u Web cù u lume chì vi piace.
System Auto|Thème système – auto|Autumaticu (sistema)
Pick a theme|Choisir un thème|Sceglie un tema
Choose your theme|Choisissez votre thème|Sciglite u vostru tema
Save and Start Browsing|Enregistrer et commencer la navigation|Arregistrà è principià a navigazione
Keep searches within reach.|Gardez vos recherches à portée de main.|Mantinite e vostre ricerche accant’à voi.
Pick a toolbar placement|Choisissez l’emplacement de la barre d’outils|Sciglite a piazza di a barra d’attrezzi
Indie. Non-profit. For good.|Indépendant. À but non lucratif. Pour le bien commun.|Indipendente. Senza scopu lucrativu. Per u bè cumunu.
Committed to the promise of a better Internet for everyone.|Engagé dans la promesse d’un Internet meilleur pour tout le monde.|Impegnatu per a prumessa d’un Internet megliu per tutti.
Pick your favorite theme or have %@ match your device, putting you in control.|Choisissez votre thème préféré ou adaptez %@ à votre appareil, pour garder le contrôle.|Sciglite u vostru tema favuritu osinnò adattate %@ à u vostru apparechju, per guardà u cuntrollu.
Start typing to get search suggestions, your top sites, bookmarks, history and search engines – all in one place.|Commencez à écrire pour obtenir des suggestions de recherche, vos sites préférés, vos marque-pages, votre historique et des moteurs de recherche — le tout au même endroit.|Principiate à stampittà per ottene suggestioni di ricerca, i vostri siti preferiti, e vostre indette, a vostra cronolugia è mutori di ricerca, tuttu què in un locu unicu.
Share how you discovered %1$@, and that you use it, with %2$@’s marketing partners. This data is never sold.|Partagez la manière dont vous avez découvert %1$@ et que vous l’utilisez, avec les partenaires marketing de %2$@. Ces données ne sont jamais vendues.|Spartite cumu vo avete scupertu %1$@, è perchè vo l’impiegate, cù i cumpagni cummerciali di %2$@. Sti dati ùn sò mai vindute.
Discover privacy features in %@ and securely send tabs between your devices.|Découvrez les fonctionnalités de protection de la vie privée dans %@ et envoyez des onglets en toute sécurité entre vos appareils.|Scuprite e funzioni di cunfidenzialità di %@ è mandate l’unghjette d’una manera sicura trà i vostri apparechji.
Notifications help you stay safer with %@|Les notifications vous aident à rester en sécurité avec %@|E nutificazioni vi aiutanu à stà in sicurità cù %@
Start Syncing|Démarrer la synchronisation|Lancià a sincrunizazione
Agree and continue|Accepter et continuer|Accettà è cuntinuà
To help improve the browser, %1$@ sends diagnostic and interaction data to %2$@. %3$@|Pour aider à l’amélioration du navigateur, %1$@ envoie des données de diagnostic et d’interaction à %2$@. %3$@|Per aiutà à amendà u navigatore, %1$@ manda à %2$@ i dati di diagnosticu è d’interazzione. %3$@
%1$@ cares about your privacy. Read more in our %2$@|%1$@ se soucie de votre vie privée. Pour en savoir plus, consultez notre %2$@|%1$@ face casu di a vostra vita privata. Sapene di più in a nostra %2$@
By continuing, you agree to the %@|En continuant, vous acceptez les %@|Cuntinuendu, vole si dì chì vo accettate e %@
%@ Terms of Use|Conditions d’utilisation de %@|Cundizioni d’utilizazione di %@
Open your links with built-in privacy|Accédez à vos liens tout en protégeant votre vie privée|Aprite i vostri liami prutigendu a vostra vita privata
Choose where to put your address bar|Choisissez où placer votre barre d’adresse|Sciglite induve piazzà a vostra barra d’indirizzu
Get your bookmarks, history, and passwords on any device.|Accédez à vos marque-pages, à votre historique et à vos mots de passe depuis n’importe quel appareil.|Accidite à e vostre indette, crunulogia è parolle d’entrata da ogni apparechju.
Your bookmarks, passwords, and more sync on any device. Everything’s protected with encryption, so only you can access it.|Vos marque-pages, vos mots de passe et bien d’autres éléments sont synchronisés sur tous vos appareils. Grâce au chiffrement, vous seul·e pouvez y accéder.|E vostre indette, parolle d’intesa, è ancu d’altri elementi sò sincrunizati nant’à i vostri altri apparechji. Tuttu hè prutettu cù a cifratura, cusì voi solu pudete accedeci.
Take %@ on all your browsing adventures|Emmenez %@ lors de chacune de vos aventures sur le Web|Pigliate %@ per tutte e vostre aventure nant’à u Web
Automatic protection of your personal info Load sites fast and search smarter Brought to you by the non-profit %@, trusted for over 20 years|Protection automatique de vos données personnelles Navigation rapide et recherche optimisée Conçu par l’organisation à but non lucratif %@, digne de confiance depuis plus de 20 ans|Prutezzione autumatica di i vostri dati persunali Caricamentu in furia di i siti è ricerca astuta Cuncepitu da l’urganismu senza scopu lucrativu %@, degnu di cunfidenza dapoi più di 20 anni
Privacy Notice.|Politique de confidentialité.|Pulitica di cunfidenzialità.
Crash reports allow us to diagnose and fix issues with the browser. %@|Les rapports de plantage nous permettent de diagnostiquer et de corriger des problèmes avec le navigateur. %@|I raporti d’accidente ci permettenu di diagnosticà è di currege i prublemi cù u navigatore. %@
Data about your device, hardware configuration, and how you use %1$@ helps improve features, performance, and stability for everyone. %2$@|Les données concernant votre appareil, la configuration matérielle et la façon dont vous utilisez %1$@ contribuent à améliorer les fonctionnalités, les performances et la stabilité pour tout le monde. %2$@|I dati apprupositu di u vostru apparechju, a cunfigurazione materiale è cumu vo impiegate %1$@ aiutanu à amendà e funzioni, e perfurmenze è a stabilità per tutti. %2$@
Send technical and interaction data to %@|Envoyer des données techniques et d’interaction à %@|Mandà à %@ i dati tecnichi è d’interazzione
Help us make %@ better|Aidez-nous à améliorer %@|Aiutateci à amendà %@
Load sites lightning fast Automatic tracking protection Sync on all your devices|Chargement rapide des sites Protection automatique contre le pistage Synchronisation entre tous vos appareils|Caricamentu in furia di i siti Prutezzione autumatica contr’à u spiunagiu Sincrunizazione trà tutti i vostri apparechji
%@ Terms of Use.|Conditions d’utilisation de %@.|Cundizioni d’utilizazione di %@.
Upgrade your browsing|Améliorez votre navigation|Mudernizate a vostra navigazione
Take charge of the internet|Prenez le contrôle d’Internet|Pigliate u cuntrollu d’Internet
One choice protects you everywhere you go on the web. You can always change it later.|Une simple décision vous protège partout où vous allez sur le Web. Vous pourrez toujours changer d’avis plus tard.|Una scelta unica vi prutege dapertuttu quandu vo navigate nant’à u Web. Si pò sempre cambià què dopu.
Say goodbye to creepy ads|Dites adieu aux publicités intrusives|Dite addiu à e publicità intrusive
Securely send tabs between your devices and discover other privacy features in %@.|Envoyez des onglets d’un appareil à un autre en toute sécurité et découvrez d’autres fonctionnalités de protection de la vie privée de %@.|Mandate in sicurità l’unghjette trà i vostri apparechji è scuprite d’altre funzioni di cunfidenzialità di %@.
Turn On Notifications|Activer les notifications|Attivate e nutificazioni
%@ encrypts your passwords, bookmarks, and more when you’re synced.|%@ chiffre vos mots de passe, vos marque-pages et plus encore lorsque vous utilisez la synchronisation.|%@ cifra e vostre parolle d’intesa, e vostre indette, è ancu di più quandu vo impiegate a sincrunizazione.
Stay encrypted when you hop between devices|Protégez-vous grâce au chiffrement lorsque vous passez d’un appareil à un autre|Prutigitevi grazia à a cifratura quandu vo passate da un apparechju à l’altru
Fast and secure web browsing|Une navigation rapide et sûre|Una navigazione rapida è assicurizata
Welcome to %@|Bienvenue dans %@|Benvenuta in %@
Classic Wallpaper|Fond d’écran classique|Sfondulu di screnu classicu
Limited Edition Wallpaper|Fond d’écran en édition limité|Sfondulu di screnu in edizione limitata
Set Wallpaper|Définir un fond d’écran|Definisce un sfondulu di screnu
Choose a %@ Wallpaper|Choisir un fond d’écran %@|Sceglie un sfondulu di screnu per %@
Get Started|Prise en main|Principià
Close and exit %@ onboarding|Fermer et quitter l’accueil de %@|Chjode è compie u prucessu d’accolta di %@
Our non-profit backed browser helps stop companies from secretly following you around the web.|Notre navigateur soutenu par une organisation à but non lucratif empêche les entreprises de vous suivre secrètement sur le Web.|U nostru navigatore sustinutu da un urganismu senza scopu lucrativu impedisce l’imprese di seguitavvi da manera sicreta nant’à u Web.
Learn more in our privacy notice|En savoir plus dans notre politique de confidentialité|Sapene di più in a nostra dichjarazione di cunfidenzialità
We love keeping you safe|Votre protection compte pour nous|A vostra prutezzione ci impreme
Welcome to an independent internet|Bienvenue sur un Internet indépendant|Benvenuta in un Internet indipendente
(no username)|(aucun nom d’utilisateur)|(nisunu nome d’utilizatore)
You’ll sign into %@|Vous allez vous connecter à %@|Avete da cunnettesi à %@
Use saved password?|Utiliser le mot de passe enregistré ?|Impiegà a parolla d’intesa arregistrata ?
Use saved password|Utiliser le mot de passe enregistré|Impiegà a parolla d’intesa arregistrata
Password Generator|Générateur de mot de passe|Generatore di parolla d’intesa
Protect your account by using a strong, randomly generated password.|Protégez votre compte en utilisant un mot de passe compliqué, généré aléatoirement.|Prutigite u vostru contu impieghendu una parolla d’intesa forte è ingenerata à l’azardu.
Use strong password|Utiliser un mot de passe compliqué|Impiegà una parolla d’intesa forte
Generated password: %@|Mot de passe généré : %@|Parolle d’intesa ingenerata : %@
Generate a new strong password|Générer un nouveau mot de passe compliqué|Ingenerà una nova parolla d’intesa forte
Use a strong password?|Utiliser un mot de passe compliqué ?|Impiegà una parolla d’intesa forte ?
Use Password|Utiliser ce mot de passe|Impiegà sta parolla d’intesa
Scan QR code|Scanner un code QR|Analizà un codice QR
New! %@ Relay email masks are now available on mobile.|Nouveau ! Les alias de messagerie %@ Relay sont désormais disponibles sur les appareils mobiles.|Novu ! Ora, e maschere di messaghjeria %@ Relay sò dispunibule nant’à l’apparechji mobili.
You’ve used your 5 free email masks, so we picked one for you to reuse.|Vous avez utilisé vos 5 alias de messagerie gratuits, nous en avons choisi un que vous pourrez réutiliser.|Avete impiegatu e vostre 5 maschere di messaghjeria di rigalu, tandu n’avemu sceltu unu chì vo puderete rimpiegà.
Email mask inserted|Alias de messagerie inséré|Maschera di messaghjeria framessa
Manage Email Masks|Gérer les alias de messagerie|Urganizà e maschere di messaghjeria
Email Masks|Alias de messagerie|Maschere di messaghjeria
Suggest Email Masks|Suggérer des alias de messagerie|Suggerisce maschere di messaghjeria
%@ encrypts your card number. Your security code won’t be saved.|%@ chiffre votre numéro de carte. Votre code de sécurité ne sera pas enregistré.|%@ cifra u vostru numeru di carta. U vostru codice di sicurità ùn serà micca arregistratu.
Card Information Updated|Informations de la carte mises à jour|Infurmazioni di a carta messe à livellu
Please help make %@ better by taking a short survey.|Aidez-nous à améliorer %@ en répondant à un court sondage.|Pè piacè aiutateci à rende %@ megliu facendu una corta inchiesta.
Allow %@ to open?|Autoriser l’ouverture de %@ ?|Permette l’apertura da %@ ?
Opens search settings|Ouvre les paramètres de recherche|Apre i parametri di ricerca
This time search in:|Pour cette recherche :|Sta volta, ricercà cù :
%@ search|Recherches %@|Ricerche %@
Google Search|Recherches Google|Ricerche Google
Trending on %@|Tendance sur %@|Tendenza nant’à %@
Show Recent Searches|Afficher les recherches récentes|Affissà e ricerche recente
Show Trending Searches|Afficher les recherches populaires|Affissà e ricerche pupulare
Address for %@|Adresse pour %@|Indirizzu per %@
Save Addresses to %@|Enregistrez les adresses dans %@|Arregistrà l’indirizzi in %@
SAVED ADDRESSES|ADRESSES ENREGISTRÉES|INDIRIZZI ARREGISTRATI
Securely save your information to get quick access to it later.|Enregistrez vos informations en toute sécurité pour y accéder rapidement plus tard.|Arregistrate e vostre infurmazioni in tutta sicurità per accedeci prestu prestu un’altra volta.
Save and Fill Addresses|Enregistrer et remplir automatiquement les adresses|Arregistrà è rinsignà autumaticamente l’indirizzi
Use saved address|Utiliser une adresse enregistrée|Impiegà un indirizzu arregistratu
Save your card information securely to check out faster next time.|Enregistrez les informations de votre carte en toute sécurité pour payer plus rapidement la prochaine fois.|Arregistrate l’infurmazione di a vostra carta di manera assicurata per pagà più prestu a prossima volta.
Save Cards to %@|Enregistrez des cartes dans %@|Arregistrà e carte in %@
%1$@, issued to %2$@, ending in %3$@, expires %4$@|Carte %1$@, délivrée à %2$@, se finissant par %3$@, expire en %4$@|Carta %1$@ per %2$@, cumpiendusi da %3$@, scade u %4$@
Update card?|Mettre à jour la carte ?|Mudificà a carta ?
Done|Terminer|Compiu
Available|Disponible|Dispunibule
**Available**: You’ll see the feature and can use it.|**Disponible** : vous verrez la fonctionnalité et pourrez l’utiliser.|**Dispunibule** : viderete a funzione è puderete impiegalla.
**Blocked**: You won’t see and can’t use the feature. For on-device AI, any downloaded models are removed.|**Bloqué** : vous ne voyez pas et ne pouvez pas utiliser cette fonctionnalité. Pour l’IA sur l’appareil, tous les modèles déjà téléchargés sont supprimés.|**Bluccata** : ùn viderete è ùn puderete micca impiegà sta funzione. Per l’IA lucale, tutti i mudelli scaricati seranu cacciati.
Page Summaries|Résumés de pages|Riassunti di pagine
Your voice, questions, and answers are never stored.|Votre voix, vos questions et vos réponses ne sont jamais stockées.|A vostra voce, e vostre dumande è e vostre risposte ùn sò mai arregistrate.
Quick Answers|Réponses rapides|Risposte preste
AI-POWERED FEATURES|FONCTIONNALITÉS AYANT RECOURS À L’IA|FUNZIONI BASATE NANT’À L’IA
Translations stay private on your device.|Les traductions restent confidentielles sur votre appareil.|E traduzzioni stanu private nant’à u vostru apparechju.
Translation|Traduction|Traduzzione
Blocking means you won’t see new or current AI enhancements in %@, or pop-ups about them.|Activer le blocage implique que vous ne verrez pas les améliorations par IA (nouvelles ou existantes) dans %@, ni les popups qui s’y rapportent.|Attivà u blucchime vole dì chì ùn viderete nant’à %@, nè l’amendamenti, novi o esistenti, da l’intelligenza artificiale, nè i finestrini relativi.
Block AI Enhancements|Bloquer les améliorations ayant recours à l’IA|Bluccà l’amendamenti impieghendu l’IA
That includes whether to use features enhanced with AI.|Y compris d’utiliser ou non des fonctionnalités améliorées par l’IA.|Què include l’impiegu - o nò - di funzioni amendate da l’intelligenza artificiale.
You always have a choice in %@|Vous avez toujours le choix dans %@|Avete sempre a scelta in %@
AI Controls|Contrôles de l’IA|Cuntrolli di l’IA
Changes the button in the center of the toolbar.|Change le bouton au centre de la barre d’outils.|Cambia u buttone à u centru di a barra d’attrezzi.
Toolbar Button|Bouton de la barre d’outils|Buttone di a barra d’attrezzi
Reset Site Settings|Réinitialiser les paramètres du site|Reinizià i parametri di u situ
Zoom Settings|Paramètres de zoom|Parametri d’ingrandamentu
To add to this list, visit a site and adjust the page zoom from the menu|Pour compléter cette liste, visitez un site et ajustez le niveau de zoom de la page à partir du menu|Per aghjunghje à sta lista, visitate un situ è accumudate l’ingrandamentu di a pagina via u listinu
Specific site settings|Paramètres de sites spécifiques|Parametri specifichi di u situ
Zoom Level|Niveau de zoom|Livellu d’ingrandamentu
Autofills & Passwords|Remplissage automatique et mots de passe|Riempiimentu autumaticu è parolle d’intesa
Allow Audio and Video|Autoriser l’audio et la vidéo|Permette l’audio è a video
Block Audio|Bloquer l’audio|Bluccà l’audio
Block Audio and Video|Bloquer l’audio et la vidéo|Bluccà l’audio è a video
Autoplay settings will only apply to newly opened tabs. Changes cannot be applied to existing tabs unless the application is restarted.|Les paramètres de lecture automatique ne s’appliqueront qu’aux onglets récemment ouverts. Les changements ne peuvent être appliqués aux onglets existants que si l’application est redémarrée.|I parametri di lettura autumatica s’appiecheranu solu à l’unghjette aperte pocu fà. I cambiamenti ùn ponu micca appiecassi à l’unghjette esistente for chè l’appiecazione hè rilanciata.
Autoplay|Lecture automatique|Lettura autumatica
Block Ads|Bloquer les publicités|Bluccà e publicità
Browsing|Navigation|Navigazione
This helps us diagnose and fix issues with the browser.|Cela nous permet de diagnostiquer et de corriger des problèmes avec le navigateur.|Què ci permette d’identificà è currege i prublemi cù u navigatore.
Automatically Send Crash Reports|Envoyer automatiquement les rapports de plantage|Mandà autumaticamente i raporti d’accidente
This helps %@ to estimate active users.|Ce paramètre aide %@ à évaluer le nombre d’utilisateurs actifs.|Què aiuta %@ à prezzà u numeru d’utilizatori attivi.
Daily Usage Ping|Ping d’utilisation quotidienne|Ping d’aghjovu oghjincu
This must be turned on to receive tabs and get notified when you sign in on another device.|Cette option doit être activée pour recevoir des onglets et être averti·e lorsque vous vous connectez sur un autre appareil.|St’ozzione deve esse attivata per riceve l’unghjette è esse nutificatu quandu vo site cunnessu nant’à un altru apparechju.
Sync|Synchronisation|Sincrunizazione
You turned off all %1$@ notifications. Turn them on by going to device Settings > Notifications > %2$@|Vous avez désactivé toutes les notifications de %1$@. Activez-les depuis Réglages > Notifications > %2$@|Avete disattivatu tutte e nutificazioni di %1$@. Attivatele via Parametri > Nutificazioni > %2$@
Learn about useful features and how to get the most out of %@.|Découvrez des fonctionnalités utiles et des conseils pour tirer le meilleur parti de %@.|Sapene di più nant’à funzioni ghjuvevule è cumu ottene u più bonu di %@.
Tips and Features|Conseils et fonctionnalités|Cunsiglii è funzioni
Go to your device Settings to turn on notifications in %@|Allez dans les paramètres de votre appareil pour activer les notifications dans %@|Andate in i parametri di u vostru apparechju per attivà e nutificazioni in %@
Turn on Notifications|Activer les notifications|Attivate e nutificazioni
%@ will improve features, performance, and stability between updates. Changes applied remotely.|%@ améliorera les fonctionnalités, les performances et la stabilité entre les mises à jour. Modifications appliquées à distance.|%@ amenderà e funzioni, e perfurmenze è a stabilità trà e messe à livellu. I cambiamenti sò appiecati à distanza.
Allow Remote Improvements|Permettre les améliorations à distance|Permette l’amendamenti à distanza
Scroll to Hide Tab and Address Bar|Faire défiler pour masquer la barre d’adresse et d’onglets|Sfilà per piattà a barra d’unghjette è a barra d’indirizzu
Alternative Search Engines|Moteurs de recherche alternatifs|Mutori di ricerca alternativi
Suggestions from Search Engines|Suggestions des moteurs de recherche|Suggestioni di i mutori di ricerca
Send images to Google to search.|Envoyez des images à Google pour effectuer des recherches.|Manda fiure à Google per fà e ricerche.
Show suggestions from search engines in private sessions|Afficher les suggestions des moteurs de recherche lors des sessions privées|Affissà e suggestioni di i mutori di ricerca in e sessioni di navigazione privata
Show in Private Sessions|Afficher au cours des sessions de navigation privée|Affissà durante e sessioni di navigazione privata
Show suggestions from Firefox Suggest in private sessions|Afficher les suggestions de Firefox Suggest dans les sessions privées|Affissà e suggestioni di Firefox Suggest in e sessioni di navigazione privata
Search Browsing History|Rechercher dans l’historique de navigation|Ricercà in a cronolugia di navigazione
Search Bookmarks|Rechercher dans les marque-pages|Ricercà in l’indette
Search Synced Tabs|Rechercher dans les onglets synchronisés|Ricercà in l’unghjette sincrunizate
Get suggestions from %@ related to your search|Obtenir des suggestions %@ en rapport avec votre recherche|Ottene suggestioni da %@ relative à a vostra ricerca
Suggestions from the Web|Suggestions du Web|Suggestioni da u Web
Support %@ with occasional sponsored suggestions|Soutenir %@ en affichant de temps en temps des suggestions sponsorisées|Sustene %@ cù suggestioni occasiunale spunsurizate
Suggestions from Sponsors|Suggestions de sponsors|Suggestioni da i spunsurizatori
Try out features and ideas before they’re released to everyone.|Testez des fonctionnalités et des idées avant qu’elles ne soient disponibles pour tout le monde.|Pruvate funzioni è idee prima ch’elle sianu dispunibule à tutti.
%@ randomly selects users to test features, which improves quality for everyone.|%@ sélectionne au hasard des utilisateurs et utilisatrices pour tester des fonctionnalités, ce qui améliore la qualité pour tout le monde.|%@ selezziuneghja à l’azardu certi utilizatori per pruvà e funzioni, ciò chì aumenteghja a qualità per tutte è tutti.
Install and Run Studies|Installer et lancer des études|Installà è lancià studii
Allow Feature Studies|Autoriser les études sur des fonctionnalités|Permette e studii nant’à e funzioni
Provides access to summarize pages.|Permet d’accéder aux résumés de pages.|Permette l’accessu à a funzione per riassume e pagine.
Shake your device from side to side to summarize a page.|Secouez votre appareil d’un côté à l’autre pour résumer une page.|Ciambuttate u vostru apparechju d’un latu à l’altru per riassume una pagina.
Shake to Summarize|Secouer pour résumer|Ciambuttà per riassume
Website Language|Langue du site web|Lingua di u situ web
Summarize Pages|Résumer les pages|Riassume e pagine
Data about your device, hardware configuration, and usage helps us improve %@ features, performance and stability.|Les données concernant votre appareil, la configuration matérielle et votre utilisation nous aident à améliorer les fonctionnalités, les performances et la stabilité de %@.|I dati apprupositu di u vostru apparechju, a cunfigurazione materiale è u vostru adopru ci aiutanu à amendà e funzioni, e perfurmenze è a stabilità di %@.
Send Technical and Interaction Data|Envoyer des données techniques et d’interaction|Mandà i dati tecnichi è d’interazzione
Translates pages to your top preferred language automatically.|Traduit automatiquement les pages dans la langue de votre choix.|Traduce autumaticamente e pagine in a lingua di a vostra scelta.
Automatically Translate|Traduire automatiquement|Traduce autumaticamente
Select Language|Sélectionnez une langue|Selezziunà a lingua
Add Language…|Ajouter une langue…|Aghjunghje una lingua…
Device Language|Langue de l’appareil|Lingua di l’apparechju
Choose from these languages when translating.|Sélectionnez l’une de ces langues pour effectuer la traduction.|Sciglite trà quelle lingue per fà a traduzzione
Preferred Languages|Langues préférées|Lingue preferite
Translation Preferences|Préférences de traduction|Preferenze di traduzzione
Turn this off to remove translation from the toolbar and menu.|Désactivez cette option pour supprimer la traduction de la barre d’outils et du menu.|Disattivate st’ozzione per caccià a traduzzione da a barra d’attrezzi è da u listinu.
Enable Translations|Activer les traductions|Attivà e traduzzioni
You don’t have any other devices connected to this account available to sync.|Vous ne disposez pas d’autre appareil connecté à votre compte prêt à être synchronisé.|Ùn avete alcunu altru apparechju cunnessu à stu contu è prontu à esse sincrunizatu.
You are not signed in to your account.|Vous n’êtes pas connecté·e à votre compte.|Ùn site micca cunnessu à u vostru contu.
File Copied To Clipboard|Fichier copié dans le presse-papiers|Schedariu cupiatu in u preme’papei
Card Removed|Carte supprimée|Carta cacciata
New Card Saved|Nouvelle carte enregistrée|Nova carta arregistrata
Spread the word about %1$@ every time you share a link on %2$@.|Faites connaître %1$@ à chaque fois que vous partagez un lien sur %2$@.|Fate cunnosce %1$@ ogni volta chì vo spartite un liame nant’à %2$@.
Include %1$@ Download Link on %2$@ Shares|Inclure un lien de téléchargement de %1$@ dans les partages %2$@|Include un liame di scaricamentu di %1$@ in e spartere nant’à %2$@
%1$@ Sent from %2$@ 🦊 Try the mobile browser: %3$@|%1$@ Envoyé depuis %2$@ 🦊 Essayez le navigateur mobile : %3$@|%1$@ Mandatu da %2$@ 🦊 Pruvate u navigatore mobile : %3$@
%1$@ Sent from %2$@ 🦊 %3$@|%1$@ Envoyé depuis %2$@ 🦊 %3$@|%1$@ Mandatu da %2$@ 🦊 %3$@
Tap to summarize this page. Touch and hold for Reader View.|Appuyez pour résumer cette page. Effectuez un appui long pour accéder au mode lecture.|Picchichjà per riassume sta pagina. Tuccate à mantinite per accede à u modu di lettura.
Summarized by Apple Intelligence|Résumé par Apple Intelligence|Riassuntu da Apple Intelligence
Close Summary|Fermer le résumé|Chjode u riassuntu
Page is still loading. Wait for it to finish, then hit summarize.|La page est en cours de chargement. Veuillez attendre qu’elle soit complètement chargée, puis cliquez sur « Résumer ».|A pagina hè in corsu di caricamentu. Ci vole à aspettà ch’ella sia caricata sana eppò fate un cliccu nant’à « Riassume ».
Can’t handle this one at the moment. Try again later!|Impossible de résumer cette page pour l’instant. Veuillez réessayer ultérieurement.|Impussibule di riassume quella pagina subitu. Pruvate torna un’altra volta.
Error summarizing page. Try again later.|Erreur lors de la synthèse de la page. Réessayez plus tard.|Sbagliu durante u riassuntu di a pagina. Pruvate torna un’altra volta.
Limited content detected. This page may be restricted or mostly visual.|Contenu limité détecté. Cette page peut être restreinte ou principalement visuelle.|Hè statu scupertu un cuntenutu limitatu. Sta pagina puderia esse ristrinta o soprattuttu visuale.
This website doesn’t allow content summarization. Try a different page.|Ce site web ne permet pas de résumer son contenu. Essayez avec une autre page.|Stu situ web ùn permette micca di riassume u so cuntenutu. Pruvate cù un’altra pagina.
Note: Summarization can make errors.|Remarque : le résumé peut contenir des erreurs.|Nota : u riassuntu puderia cuntene sbaglii.
Summarized by %@|Résumé par %@|Riassuntu da %@
Loading summary|Chargement du résumé|Caricamentu di u riassuntu
Retry to summarize web page|Réessayer de résumer la page web|Pruvà torna à riassume a pagina web
Drag or tap the web page to close the summary|Faites glisser ou appuyez sur la page web pour fermer le résumé|Fate sguillà o picchichjate a pagina web per chjode u riassuntu
How it works|Principes de fonctionnement|Cumu què funziuneghja
Accept consent|Accepter le consentement|Accettà l’accunsentu
See the main points in seconds with %@.|Consultez les points clés en un instant avec %@.|Fighjate i punti principali in poche seconde cù %@.
Summarize this page?|Résumer cette page ?|Riassume sta pagina ?
Summary not available|Résumé non disponible|Riassuntu indispunibule
Double tap and hold for more options|Appuyez deux fois puis maintenez votre doigt appuyé pour afficher davantage d’options|Picchichjate duie volte è mantinite u vostru ditu appughjatu per affissà più d’ozzioni
Connection not secure. Enhanced Tracking Protection is off.|Connexion non sécurisée. La protection renforcée contre le pistage est désactivée.|Cunnessione micca assicurata. A prutezzione rinfurzata contr’à u spiunagiu hè disattivata.
Secure connection. Enhanced Tracking Protection is off.|Connexion sécurisée. La protection renforcée contre le pistage est désactivée.|Cunnessione assicurizata. A prutezzione rinfurzata contr’à u spiunagiu hè disattivata.
Share this page|Partager cette page|Sparte sta pagina
Show Tabs: %@|Afficher les onglets : %@|Affissà l’unghjette : %@
Remove page|Retirer la page|Caccià a pagina
Tab Closed|Onglet fermé|Unghjetta chjosa
Tabs Closed: %d|Onglets fermés : %d|Unghjette chjose : %d
Sync|Synchronisés|Sincrunizate
Close Old Tabs…|Fermer les anciens onglets…|Chjode l’unghjette vechje…
Close Tabs (%@)|Fermer les onglets (%@)|Chjode l’unghjette (%@)
Close tabs older than…|Fermer les onglets de plus de…|Chjode l’unghjette più vechje chè…
1 Day Ago|Un jour|1 ghjornu
1 Month Ago|Un mois|1 mese
1 Week Ago|Une semaine|1 settimana
Turn on tab syncing to view a list of tabs from your other devices.|Activez la synchronisation des onglets pour afficher la liste des onglets de vos autres appareils.|Attivate a sincrunizazione di l’unghjette per affissà a lista di l’unghjette di i vostri altri apparechji.
Sync Tabs|Synchroniser les onglets|Sincrunizà l’unghjette
Data Clearance|Effacement des données|Viutatura di i dati
We’ve introduced a %@ Terms of Use and updated our Privacy Notice.|Nous avons mis en place des Conditions d’utilisation pour %@ et mis à jour notre Politique de confidentialité.|Avemu messu in piazza e cundizioni d’utilizazione di %@ è mudificatu a nostra pulitica di cunfidenzialità.
You can learn more %@.|Vous pouvez en savoir plus %@.|Pudete sapene di più %@.
Remind Me Later|Rappeler plus tard|Rammintatemi un altra volta
Please take a moment to review and accept. Learn more|Veuillez prendre quelques instants pour les consulter et les accepter. En savoir plus|Ci vole à piglià u so tempu per fighjalle è accettalle. Sapene di più
Terms of Use sheet opened|Panneau des Conditions d’utilisation ouvert|U fogliu di e cundizioni d’utilizazione hè apertu
A note from %@|Un message de %@|Un messaghju da %@
Reader View. Page summary available.|Mode lecture. Résumé de la page disponible.|Modu di lettura. Riassuntu di a pagina dispunibule.
Close This Tab|Fermer cet onglet|Chjode st’unghjetta
Tabs open|Onglets ouverts|Unghjette aperte
Tabs open: %@|Onglets ouverts : %@|Unghjette aperte : %@
Tabs open: 99+|Onglets ouverts : plus de 99|Unghjette aperte : più chè 99
Show page in original language|Afficher la page dans sa langue d’origine|Affissà a pagina in a lingua d’origine
Translating page|Traduction de la page|Traduzzione di a pagina
Move the toolbar to the top if that’s more your style.|Placez la barre d’outils en haut si cela vous correspond mieux.|S’è vo preferite, pudete dispiazzà a barra d’attrezzi insù.
Tap and hold the arrows to jump between pages in this tab’s history.|Effectuez un appui long sur une des flèches pour naviguer dans les pages de l’historique de cet onglet.|Picchichjà è mantene e fleccie per saltà trà e pagine in sta cronolugia d’unghjetta
Move the toolbar to the bottom if that’s more your style.|Placez la barre d’outils en bas si cela vous correspond mieux.|S’è vo preferite, pudete dispiazzà a barra d’attrezzi inghjò.
Enable|Activer|Attivà
Automatically translate pages when available?|Traduire automatiquement les pages lorsque cela est possible ?|Traduce autumaticamente e pagine s’ella hè pussibule ?
Close Translation Panel|Fermer le panneau de traduction|Chjode u pannellu di traduzzione
Translated from %1$@ to %2$@|Page traduite en %2$@, l’originale est en %1$@|Tradutta da %1$@ à %2$@
Couldn’t translate page|Impossible de traduire la page|Impussibule di traduce a pagina
Open Language Preferences|Ouvrir les préférences de langue|Apre e preferenze di lingua
Translate page to %@?|Traduire la page en %@ ?|Traduce a pagina in %@ ?
Page Translated to %@|Page traduite en %@|Pagina tradutta in %@
Preferred Languages…|Langues préférées…|Lingue preferite…
Show Original|Afficher la page d’origine|Affissà a pagina d’origine
Translate Page to…|Traduire la page en…|Traduce a pagina in…
Choose Language|Choisissez une langue|Sciglite una lingua
Please try again.|Veuillez réessayer.|Pruvate torna.
Couldn’t Translate Page|Impossible de traduire la page|Impussibule di traduce a pagina
Check your internet connection and try again.|Vérifiez votre connexion Internet puis réessayez.|Ci vole à verificà a vostra cunnessione internet è pruvà torna.
Couldn’t Load Languages|Impossible de charger les langues|Impussibule di caricà e lingue
From|Langue source :|Da
Page translated|Page traduite|Pagina tradutta
To|Langue cible :|À
Translate From %@|Langue source : %@|Traduce da %@
Translate From|Langue source :|Traduce da
Translate To %@|Langue cible : %@|Traduce in %@
Translate To|Langue cible :|Traduce in
Pick up where you left off with tabs from other devices now on your homepage.|Reprenez là où vous en étiez avec des onglets d’autres appareils qui figurent désormais sur votre page d’accueil.|Ripigliate induve vi site piantati cù l’unghjette d’altri apparechji chì si trovanu avà nant’à a vostra pagina d’accolta.
Switching screens is easier than ever|Passer d’un écran à l’autre est plus facile que jamais|Passà d’un screnu à l’altru hè più faciule chè mai
New colors. New convenience. Same commitment to people over profits.|De nouvelles couleurs. Un nouveau confort. Mais le même engagement pour les gens plutôt que pour l’argent.|Novi culori. Novu cunfortu. Ma u stessu impegnu pè a ghjente piuttostu chè pè i soldi.
Welcome to a more personal internet|Bienvenue sur un Internet plus personnel|Benvenuta in un Internet più persunale
Search Image with Google Lens|Rechercher une image avec Google Lens|Circà una fiura cù Google Lens
Loading Document|Chargement du document|Caricamentu di u ducumentu
Loading…|Chargement…|Caricamentu…
Close World Cup country picker|Fermer le sélecteur de pays pour la Coupe du monde|Chjode a selezzione di paese per a Coppa di u mondu
Central America|Amérique centrale|America centrale
Europe|Europe|Europa
North America|Amérique du Nord|America di u Nordu
South America|Amérique du Sud|America Suttana
England|Angleterre|Inghilterra
Scotland|Écosse|Scozia
Follow Your Team|Suivez votre équipe|Seguitate a vostra squadra
Group A|Groupe A|Gruppu A
Group B|Groupe B|Gruppu B
Group C|Groupe C|Gruppu C
Group D|Groupe D|Gruppu D
Group E|Groupe E|Gruppu E
Group F|Groupe F|Gruppu F
Group G|Groupe G|Gruppu G
Group H|Groupe H|Gruppu H
Group I|Groupe I|Gruppu I
Group J|Groupe J|Gruppu J
Group K|Groupe K|Gruppu K
Group L|Groupe L|Gruppu L
Group Stage|Phase de groupes|Fasa di gruppi
Change team|Changer d’équipe|Cambià di squadra
D|J|G
H|h|O
Countdown to the World Cup|Compte à rebours avant la Coupe du monde|Contu à l'arritrosa prima a Coppa di u mondu
View Schedule|Voir le calendrier|Affissà u calendariu
Disable notifications|Désactiver les notifications|Disattivà e nutificazioni
Choose Team|Choisir l’équipe|Sceglie a squadra
Choose another team to keep up with the World Cup.|Choisissez une autre équipe pour continuer à suivre la Coupe du monde.|Sciglite un’altra squadra per cuntinuà à seguità a Coppa di u mondu.
Remove the World Cup widget|Supprimer le widget Coupe du monde|Caccià u widget di a Coppa di u mondu
Still want to Follow Along?|Voulez-vous continuer à suivre la compétition ?|Vulete cuntinuà à seguità a cumpetizione ?
We couldn’t load match data. Please refresh.|Nous n’avons pas pu charger les données du match. Veuillez actualiser.|Ùn si pò caricà i dati di a partita. Ci vole à attualizà.
Extra time|Prolongations|Prulungazioni
(Full Time)|(Match terminé)|(Partita finita)
Full Time|Match terminé|Partita finita
First half|Première mi-temps|Primu mezutempu
Hide World Cup updates|Masquer les informations sur la Coupe du monde|Piattà l’infurmazioni nant’à a coppa di u mondu
Get live match updates and more.|Recevez les dernières infos en direct sur les matchs et bien plus encore.|Ricivete in vivu l’ultime nutizie nant’à e partite è ancu di più.
Keep Tabs on the World Cup|Gardez un œil sur la Coupe du monde|Dà un’ochjata à a Coppa di u mondu
Follow team|Suivre une équipe|Seguità una squadra
Full time • Penalties (%@)|Match terminé • Tirs au but (%@)|Partita finita - Tiri à u puntu (%@)
Get custom wallpaper|Obtenir un fond d’écran personnalisé|Ottene un sfondulu di screnu persunalizatu
Related matches|Matchs liés|Partite assuciate
Half time|Mi-temps|Mezutempu
LIVE|EN DIRECT|IN VIVU
Match info is not available right now. Try refreshing in a few minutes.|Les informations concernant le match ne sont pas disponibles pour le moment. Essayez d’actualiser dans quelques minutes.|L’infurmazioni apprupositu di a partita ùn sò mica dispunibule avà. Pruvate d’attualizà in qualchì minutu.
Looks like you’re offline. Check your internet connection and try again.|Il semble que vous soyez hors ligne. Veuillez vérifier votre connexion Internet et réessayer.|Pare chì vo site fora di linea. Ci vole à verificà a vostra cunnessione internet è pruvà torna.
Penalties (%@)|Tirs au but (%@)|Tiri à u puntu (%@)
BRONZE FINAL|PETITE FINALE|CHJUCA FINALE
QUARTER-FINALS|QUARTS DE FINALE|QUARTI DI FINALE
ROUND OF 16|8ES DE FINALE|OTTESIMI DI FINALE
ROUND OF 32|16ES DE FINALE|SEDECESIMI DI FINALE
Scroll to see previous or next matches|Faites défiler pour voir les matchs précédents ou suivants|Fà sfilà per vede e partite precedente o seguente
SEMI-FINALS|DEMI-FINALES|MEZU FINALE
THIRD PLACE|TROISIÈME PLACE|TERZA PIAZZA
Upcoming|À venir|À vene
2026 WORLD CUP CHAMPIONS|CHAMPIONS DU MONDE 2026|CAMPIONI DI U MONDU 2026
Second half|Deuxième mi-temps|Secondu mezutempu
We’ll keep you updated as the World Cup approaches|Nous vous tiendrons au courant à l’approche de la Coupe du monde|Avemu da tenevi infurmati à l’avvicinata di a Coppa di u mondu
Close Zoom Panel|Fermer le panneau de zoom|Chjode u pannellu d’ingrandamentu
Current Zoom Level: %@|Niveau de zoom actuel : %@|Livellu attuale d’ingrandamentu : %@
Decrease Zoom Level|Réduire le niveau de zoom|Diminuisce u livellu d’ingrandamentu
Increase Zoom Level|Augmenter le niveau de zoom|Aumentà u livellu d’ingrandamentu
Just to confirm, you wanted ‘Go to Copied Link’?|Voulez-vous vraiment sélectionner « Ouvrir le lien copié » ?|Cunfirmate chì vò vulete « Apre u liame cupiatu » ?
Just to confirm, you wanted ‘Clear Private Tabs’?|Voulez-vous vraiment sélectionner « Effacer les onglets privés » ?|Cunfirmate chì vò vulete « Squassà l’unghjette private » ?
Just to confirm, you wanted ‘New Private Search’?|Voulez-vous vraiment sélectionner « Nouvelle recherche privée » ?|Cunfirmate chì vò vulete fà una « Nova ricerca privata » ?
Just to confirm, you wanted ‘New Search’?|Voulez-vous vraiment sélectionner « Nouvelle recherche » ?|Cunfirmate chì vò vulete fà una « Nova ricerca » ?
Quick access to various Firefox actions|Accès rapide à diverses actions de Firefox|Accessu rapidu à parechje azzioni Firefox
Clear Private Tabs|Effacer les onglets privés|Squassà l’unghjette private
Quick Action Type|Type d’action rapide|Tipu d’azzione rapida
Quick Action|Action rapide|Azzione rapida
There are ${count} options matching ‘Go to Copied Link’.|${count} options correspondent à « Ouvrir le lien copié ».|Ci hè ${count} ozzioni chì currispondenu à « Apre u liame cupiatu ».
There are ${count} options matching ‘Clear Private Tabs’.|${count} options correspondent à « Effacer les onglets privés ».|Ci hè ${count} ozzioni chì currispondenu à « Squassà l’unghjette private ».
There are ${count} options matching ‘New Private Search’.|${count} options correspondent à « Nouvelle recherche privée ».|Ci hè ${count} ozzioni chì currispondenu à « Nova ricerca privata ».
There are ${count} options matching ‘New Search’.|${count} options correspondent à « Nouvelle recherche ».|Ci hè ${count} ozzioni chì currispondenu à « Nova ricerca ».
New Private Search|Nouvelle recherche privée|Nova ricerca privata

# Mozilla VPN (MPL-2.0)
Authentication error|Erreur d’authentification|Sbagliu d’autenticazione
Background service error|Erreur du service en arrière-plan|Sbagliu di u serviziu in tacca di fondu
Signed out and device disconnected|L’appareil a été déconnecté|L’apparechju hè statu scunnessu
Operation not allowed from current location|Opération non autorisée depuis l’emplacement actuel|Operazione micca permessa da a pusizione attuale
Remote service error|Erreur du service distant|Sbagliu di u serviziu alluntanatu
Subscription failed|Échec de l’abonnement|Fiascu di l’abbunamentu
The Mozilla VPN is successfully installed. You’re ready to start taking control of your online privacy.|Mozilla VPN est correctement installé. Vous pouvez maintenant prendre le contrôle de votre confidentialité en ligne.|Mozilla VPN hè statu installatu currettamente. Site pronti à piglià u cuntrollu di a vostra vita privata in linea.
Trouble with this installation?|Un problème avec cette installation ?|Un penseru cù quell’installazione ?
Success!|Terminé !|Operazione riesciuta !
A previous installation of Mozilla VPN exists at /Applications/Mozilla VPN.app. This installer will remove the previous installation prior to installing. Please back up any data before proceeding.|Une installation précédente de Mozilla VPN existe dans /Applications/Mozilla VPN.app. Ce programme d’installation supprimera celle-ci avant la nouvelle installation. Veuillez sauvegarder toutes les données de l’installation précédente avant de continuer.|Un’installazione precedente di Mozilla VPN esiste dighjà in /Applications/Mozilla VPN.app. Stu stalladore hà da caccià a versione precedente prima d’installà a nova. Ci vole à fà una salvaguardia di i vostri dati nanzu à cuntinuà.
Previous Installation Detected|Installation précédente détectée|Scuperta d’una installazione precedente
Mozilla VPN for macOS|Mozilla VPN pour macOS|Mozilla VPN per macOS
Mozilla VPN requires Mac OS X 10.6 or later.|Mozilla VPN nécessite Mac OS X 10.6 ou supérieur.|Mozilla VPN richiede Mac OS X 10.6 o più recente.
Unable to install|Installation impossible|Impussibule d’installà
You will now be guided through the installation steps for the Mozilla VPN. Thank you for choosing your VPN from the trusted pioneer of internet privacy.|Le programme va à présent vous guider à travers les étapes d’installation de Mozilla VPN. Merci d’avoir choisi votre VPN auprès des pionniers du respect de la vie privée sur Internet.|Avete da esse guidati trà e tappe d’installazione di Mozilla VPN. Vi ringraziemu d’avè sceltu a vostra VPN da u precursore affidatu di a vita privata nant’à Internet.
Click “Continue” to continue the setup.|Cliquez sur « Continuer » pour continuer la configuration.|Sciglite « Cuntinuà » per cuntinuà l’installazione.
File|Fichier|Schedariu
Something went wrong…|Quelque chose s’est mal passé…|Un sbagliu hè accadutu…
Unable to establish a connection at this time. We’re working hard to resolve the issue. Please try again shortly.|Impossible d’établir une connexion pour le moment. Nous travaillons d’arrache-pied pour résoudre ce problème. Veuillez réessayer sous peu.|Impussibule di stabilisce una cunnessione à st’ora. Travagliemu cum’è dannati per currege stu penseru. Ci vole à pruvà torna da quì à pocu.
The Mozilla VPN app quit unexpectedly. Would you like to send a crash report to help fix the issue?|L’application Mozilla VPN s’est fermée de manière inattendue. Souhaitez-vous envoyer un rapport de plantage pour nous aider à résoudre ce problème ?|L’appiecazione Mozilla VPN s’hè chjosa di manera inaspettata. Vulete mandà un raportu d’accidente per aiutà à currege stu penseru ?
Crash reporting|Rapport de plantage|Raportu d’accidente
current location - %1|emplacement actuel – %1|pusizione attuale - %1
Select location|Sélectionner un emplacement|Selezziunà una pusizione
Check Connection|Vérifier la connexion|Verificà a cunnessione
No Signal|Aucun signal|Nisunu signale
Unstable|Instable|Instabile
VPN is on|Le VPN est activé|A VPN hè attiva
Masking connection and location|Masquage de la connexion et de l’emplacement|Dissimulazione di a cunnessione è di a pusizione
Turn on to protect your privacy|Activez-le pour protéger votre vie privée|Attivalla per prutege a vostra cunfidenzialità
Secure and private|Sécurisé et privé|Assicurizata è privata
Attempting to confirm connection|Tentative de confirmation de la connexion|Tentativu di cunfirmazione di a cunnessione
VPN is off|Le VPN est désactivé|A VPN hè disattivata
Unmasking connection and location|Désactivation du masquage de la connexion et de l’emplacement|Palisamentu di a cunnessione è di a pusizione
Disconnecting…|Déconnexion…|Scunnessione…
Switching…|Changement…|Cummutazione…
From %1 to %2|De %1 vers %2|Da %1 à %2
Turn VPN off|Désactiver le VPN|Disattivà a VPN
Turn VPN on|Activer le VPN|Attivà a VPN
Cities|Villes|Cità
Guest Wi-Fi portal alert|Alerte de portail Wi-Fi invité|Alerta di purtone Wi-Fi d’ospite
Get notified if a guest Wi-Fi portal is blocked due to VPN connection|Recevoir une notification si un portail Wi-Fi invité est bloqué par la connexion VPN|Ricivete una nutificazione s’è un purtone Wi-Fi d’ospite hè bluccatu per via di a cunnessione VPN
Get notified when the connection status changes|Recevoir une notification lorsque l’état de la connexion change|Ricivete una nutificazione quandu si cambia u statu di a cunnessione
Connection change notification|Notification de changement de connexion|Nutificazione di cambiamentu di cunnessione
Get notified when you successfully switched servers|Recevoir une notification lorsque vous avez changé de serveur|Ricivete una nutificazione quandu un scambiu di servitore s’hè passatu bè
Server switching notification|Notification de changement de serveur|Nutificazione di scambiu di servitore
Unsecured network alert|Alerte de réseau non sécurisé|Alerta di reta micca assicurata
Get notified if you connect to an unsecured Wi-Fi network|Recevoir une notification si vous vous connectez à un réseau Wi-Fi non sécurisé|Ricivete una nutificazione s’è vo vi cunnittite à una reta Wi-Fi micca assicurata
Add application|Ajouter une application|Aghjunghje un’appiecazione
Search apps|Rechercher des applications|Ricercà appiecazioni
Check outage updates|Consultez les mises à jour des pannes|Infurmassi nant’à l’interruzzioni di serviziu
Your connection will not be secure while you update.|Votre connexion ne sera pas sécurisée pendant la mise à jour.|A vostra cunnessione ùn serà micca assicurata durante u rinnovu.
Update now|Mettre à jour|Rinnovà subitu
Please update the app before you continue to use the VPN|Veuillez mettre à jour l’application avant de continuer à utiliser le VPN|Ci vole à rinnovà l’appiecazione nanzu di cuntinuà à impiegà a VPN
We detected and fixed a serious bug. You must update your app.|Nous avons détecté et corrigé un problème important. Vous devez mettre à jour votre application.|Avemu scupertu è currettu un prublema impurtante. Duvete rinnovà a vostra appiecazione.
Update required|Mise à jour nécessaire|Rinnovu richiestu
General Notifications|Notifications générales|Nutificazioni generale
Copy %1|Copier %1|Cupià %1
Release version|Version|Versione
Terms of service|Conditions d’utilisation|Cundizioni d’utilizazione
About us|À propos de nous|Infurmazioni
%1 of %2|%1 sur %2|%1 nant’à %2
Selected item: %1|Élément sélectionné : %1|Elementu selezziunatu : %1
Bypass VPN for select traffic|Ignorer le VPN pour une partie des données|Ignurà a VPN per selezziunà u trafficu
Learn more.|En savoir plus.|Sapene di più.
Allow RCS/MMS messaging, Apple features like CarPlay and AirDrop, and connections to local devices. May reduce network security.|Autoriser les messages RCS/MMS, les fonctionnalités Apple comme CarPlay et AirDrop, et la connexion aux appareils locaux. Peut réduire la sécurité du réseau.|Permette a messaghjeria RCS/MMS, i funzioni Apple cum’è CarPlay è AirDrop, è e cunnessioni à l’apparechji lucali. St’ozzione pò riduce a sicurità.
VPN must be off to change this setting|Le VPN doit être désactivé pour modifier ce paramètre|A VPN deve esse disattivata per mudificà stu parametru
You must turn off your VPN in order to see the portal, and turn it back on once you have logged in.|Vous devez désactiver le VPN afin d’afficher le portail et le réactiver une fois votre connexion établie.|Duvete disattivà a vostra VPN per affissà u purtone, è attivalla torna dopu quandu a vostra cunnessione hè stabilita.
You can turn on your VPN once you have gained internet access by logging in to the portal.|Vous pouvez activer votre VPN une fois l’accès à Internet obtenu en vous connectant au portail.|Pudete attivà a vostra VPN quandu l’accessu à Internet hè ottinutu via una cunnessione à u purtone.
Turn off VPN|Désactiver le VPN|Disattivà a VPN
A captive portal is when the guest Wi-Fi you are using requires you to log in to get internet access.|Vous voyez un portail captif quand le Wi-Fi invité que vous utilisez demande de vous connecter pour accéder à Internet.|Un purtone cattivu si vede quandu u Wi-Fi d’ospite chì vò impiegate vi dumanda di cunnettevi per accede à Internet.
Captive portal detected!|Portail captif détecté !|Purtone cattivu abbentatu !
Connection information|Informations de connexion|Infurmazioni di cunnessione
Looks like there was an unexpected error while trying to connect. Please try again or check your connection.|Il semble qu’une erreur inattendue se soit produite lors de la tentative de connexion. Veuillez réessayer ou vérifier votre connexion à Internet.|Pare chì un sbagliu inaspettatu sia accadutu durante u tentativu di cunnessione. Pruvate torna o cuntrollate a vostra cunnessione.
Exit Server IP:|IP du serveur de sortie :|IP di u servitore d’esciuta :
Exit Server IPv6:|IPv6 du serveur de sortie :|IPv6 di u servitore d’esciuta :
Streaming in 4K|Streaming en 4K|Diffusione in 4K
Online gaming|Jeux en ligne|Ghjochi in linea
High-speed downloads|Téléchargements à grande vitesse|Scaricamenti à alta vitezza
Upload|Émission|Incaricà
At your current speed, here’s what your device is optimized for:|À la vitesse actuelle, voici ce pour quoi votre appareil est optimisé :|À a vitezza attuale, eccu ciò chì hè ottimale per u vostru apparechju :
It looks like the connection to this server location is a bit slow, you can try:|Il semble que la connexion à un serveur situé à cet emplacement soit un peu lente, vous pouvez essayer :|Pare chì a cunnessione à a pusizione di stu servitore hè un pocu piana, pudete pruvà :
Loading|Chargement…|Caricamentu…
Testing speed…|Test de vitesse…|Sperimentu di vitezza…
Browsing the internet|Naviguer sur Internet|Navigà nant’à internet
Video conferencing|Visioconférence|Visiocunferenza
Streaming video|Streaming vidéo|Diffusione di video
Restart speed test|Relancer le test de vitesse|Rilancià a prova di vitezza
Start speed test|Lancer le test de vitesse|Lancià una prova di vitezza
Switching server locations|Changer d’emplacement de serveur|Cambiamentu di pusizione di u servitore
Switching back to a single-hop connection|Retour à une connexion à serveur unique|Ritornu à una cunnessione à saltu unicu
Checking your internet connection|Vérifier votre connexion à Internet|Verificazione di a vostra cunnessione internet
Preparing your connection|Préparation de votre connexion|Appruntata di a vostra cunnessione
Don’t show this again. Autosend crash reports to Mozilla.|Ne plus afficher ce message. Envoyer automatiquement les rapports de plantage à Mozilla.|Ùn affissà più stu messaghju. Mandà autumaticamente i raporti d’accidente à Mozilla.
Mozilla Crash Report|Rapport de plantage Mozilla|Raportu d’accidente Mozilla
Delete account|Supprimer mon compte|Squassà u contu
%1 out of %2 devices added|%1 appareils ajoutés sur %2|%1 apparechji aghjunti nant’à %2
You’re using VPN on 5 devices. To add another device, please remove one.|Vous utilisez le VPN sur 5 appareils. Pour ajouter un autre appareil, veuillez en supprimer un.|Impiegate a VPN nant’à 5 apparechji. Per aghjunghje un altru apparechju, ci vole à cacciane unu.
Device not added|L’appareil n’a pas été ajouté|Apparechju micca aghjuntu
Added %1 days ago|Ajouté il y a %1 jours|Aghjuntu %1 ghjorni fà
Added a few hours ago (%1)|Ajouté il y a quelques heures (%1)|Aghjuntu qualchì ora fà (%1)
Added less than an hour ago|Ajouté il y a moins d’une heure|Aghjuntu menu d’un’ora fà
Current Device|Cet appareil|Apparechju currente
Remove %1|Supprimer %1|Caccià %1
Please confirm you would like to remove %1.|Veuillez confirmer la suppression de %1.|Ci vole à cunfirmà chì vò vulete caccià %1.
Remove device?|Supprimer l’appareil ?|Caccià l’apparechju ?
Removing device…|Suppression de l’appareil…|Cacciatura di l’apparechju…
Devices|Appareils|Apparechji
Using these privacy features will override your custom DNS.|L’utilisation de ces fonctionnalités de confidentialité remplacera votre DNS personnalisé.|L’impiegu di ste funzioni di cunfidenzialità rimpiazzerà u vostru DNS persunalizatu.
Using a custom DNS will override your preferences in the privacy features page.|L’utilisation d’un DNS personnalisé remplacera vos préférences dans la page des fonctionnalités de confidentialité.|L’impiegu d’un DNS persunalizatu supranerà e vostre preferenze nant’à a pagina di e funzioni di cunfidenzialità.
Maybe later|Peut-être plus tard|Forse un’altra volta
Override DNS settings?|Remplacer les paramètres DNS ?|Rimpiazzà i parametri DNS ?
Override privacy features?|Outrepasser les fonctionnalités de protection de la vie privée ?|Supranà e funzioni di cunfidenzialità ?
7-day free trial|Essai gratuit de 7 jours|Prova di rigalu di 7 ghjorni
Sign up to start your 7-day free trial.|Inscrivez-vous pour démarrer votre essai gratuit de 7 jours.|Arregistratevi per principià a vostra prova di rigalu di 7 ghjorni.
Unexpected error|Erreur inattendue|Sbagliu inaspettatu
Problem confirming subscription|Problème de confirmation d’abonnement|Prublema à a cunfirmazione di l’abbunamentu
An unexpected error has occurred, please try again. Visit our help center below to learn how to troubleshoot this issue or contact support.|Une erreur inattendue s’est produite, veuillez réessayer. Consultez notre centre d’aide ci-dessous pour savoir comment résoudre ce problème ou contactez l’assistance.|Un sbagliu inaspettatu hè accadutu, pruvate torna. Visitate u nostru centru d’assistenza quaghjò per sapè cumu lucalizà a cagione o cuntattà l’assistenza.
Developer options|Options de développement|Ozzioni di sviluppu
Help Center|Centre d’assistance|Centru d’assistenza
View Logs|Afficher les journaux|Vista di u ghjurnale
Collapse|Réduire|Riduce
Copied!|Copié !|Cupiatu.
Discover now|Découvrir maintenant|Scopre subitu
Expand|Développer|Allargà
No internet connection|Aucune connexion Internet|Nisuna cunnessione Internet
VPN User|Utilisateur ou utilisatrice VPN|Utilizatore VPN
Adding a new device to your subscription is easy: just download and log in to Mozilla VPN on that device.|Ajouter un nouvel appareil à votre abonnement est facile : téléchargez simplement Mozilla VPN et connectez-vous depuis cet appareil.|Aghjunghje un apparechju novu à u vostru abbunamentu hè faciule : basta à scaricà Mozilla VPN è cunnittitevi via st’apparechju.
To remove one of your added devices, select “Edit” on this screen and use the trash icon to remove the device you no longer want to use Mozilla VPN on.|Pour supprimer l’un de vos appareils ajoutés, sélectionnez « Modifier » sur cet écran et utilisez l’icône de corbeille pour supprimer l’appareil sur lequel vous ne souhaitez plus utiliser Mozilla VPN.|Per caccià unu trà i vostri apparechji aghjunti, selezziunate « Mudificà » nant’à stu screnu è impiegate l’icona di a curbella per caccià l’apparechju nant’à quellu ùn vulete più impiegà Mozilla VPN.
Adding and removing devices|Ajout et suppression d’appareils|Aghjuntu è cacciatura d’apparechji
Device management|Gestion des appareils|Ghjestione di l’apparechji
Whenever you connect to a website, a DNS (domain name system) first turns the domain name (e.g. www.mozilla.org) into an IP address that allows your internet traffic to reach that destination.|Chaque fois que vous vous connectez à un site web, un DNS (système de noms de domaine) transforme d’abord le nom de domaine (par exemple, www.mozilla.org) en une adresse IP qui permet à votre trafic internet d’atteindre sa destination.|Quandu vi cunnittite à un situ web, ci hè un DNS (sistema di nome di duminiu) chì trasfurmeghja, in primu locu, u nome di duminiu (p.i. www.mozilla.org) in un indirizzu IP, ciò chì permette à u vostru trafficu internet di tuccà sta destinazione.
Mozilla VPN allows you to choose a custom DNS server if you prefer. If you use one, you won’t be able to use other privacy features in the VPN like tracker blocking.|Mozilla VPN vous permet de choisir un serveur DNS personnalisé. Si vous en utilisez un, vous ne pourrez pas utiliser les autres fonctionnalités de confidentialité du VPN, comme le blocage des traqueurs.|Mozilla VPN vi permette di sceglie un servitore DNS persunalizatu s’è vo preferite. S’è vo ne aduprate unu, ùn puderete micca impiegà d’altre funzioni di cunfidenzialità di a VPN cum’è u blucchime di u spiunaghju.
What is a custom DNS?|Qu’est-ce qu’un DNS personnalisé ?|Cosa hè un DNS persunalizatu ?
Custom DNS settings|Paramètres DNS personnalisés|Parametri DNS persunalizati
Excluded apps let you turn off VPN protection for specific apps, without turning off VPN protection for your entire device.|Les applications exclues vous permettent de désactiver la protection VPN pour des applications spécifiques, sans désactiver la protection VPN pour l’ensemble de votre appareil.|L’appiecazioni escluse vi permettenu di disattivà a prutezzione VPN per certe appiecazioni, senza disattivalla per l’apparechju sanu.
When you exclude an app, it will have access to your IP address and approximate location.|Si vous excluez une application, elle aura accès à votre adresse IP et à votre localisation approximative.|Quandu un’appiecazione hè esclusa, pò quantunque accede à u vostru indirizzu IP è à a vostra lucalizazione apprussimativa.
You can use the settings under Settings > Privacy features to block ads, block trackers, and block malware, even on excluded apps.|Vous pouvez utiliser les paramètres sous Paramètres > Fonctionnalités de confidentialité pour bloquer des publicités, des traqueurs et des logiciels malveillants, même sur les applications exclues.|Pudete impiegà i parametri, via Parametri > Funzioni di cunfidenzialità, per bluccà e publicità, i perseguitatori è i prugrammi animosi, ancu nant’à l’appiecazioni escluse.
Open “Privacy features”|Ouvrir « Fonctionnalités de confidentialité »|Apre « Funzioni di cunfidenzialità »
What are excluded apps?|Que sont les applications exclues ?|Cosa sò l’appiecazioni escluse ?
Excluded apps|Applications exclues|Appiecazioni escluse
If you want maximum speed and reliability, choose one of the recommended locations in the “Single-hop” toggle. We’ve sorted them based on expected performance.|Si vous souhaitez privilégier la vitesse et la fiabilité, choisissez l’un des emplacements recommandés dans le bouton « Connexion à serveur unique ». Nous les avons triés en fonction des performances attendues.|S’è vo vulete una vitezza è un’assicuranza più maiò, sciglite una trà e pusizioni ricumandate via u buttone « Cunnessione à saltu unicu ». L’avemu classificate secondu à e perfurmenze aspettate.
If you want to add more privacy, switch to “Multi-hop” and add an additional server location. Multi-hop VPN routes your traffic through two server locations instead of one for extra security and privacy. This may also slow down your connection a bit.|Si vous souhaitez renforcer la confidentialité, passez en mode « Serveurs en cascade » et ajoutez un emplacement de serveur supplémentaire. Un VPN en cascade achemine votre trafic via deux emplacements de serveur au lieu d’un seul pour une sécurité et une confidentialité accrues. Cela pourrait également ralentir légèrement votre connexion.|S’è vo vulete rinfurzà a cunfidenzialità, passate in modu « Servitori in cascata » è aghjunghjite una pusizione cumplementaria di servitore. Un VPN in cascata (multi-hop) fà viaghjà u vostru trafficu attraversu duie pusizioni di servitore piuttostu chè unu per assicurà una sicurità è una cunfidenzialità più maiò. Què puderia dinù rallentà una cria a vostra cunnessione.
Single-hop vs multi-hop|Serveurs à connexion unique versus serveurs en cascade|Cunnessione à saltu unicu o servitori in cascata
Location selection|Sélection de l’emplacement|Selezzione di a pusizione
Privacy features give you greater control over the types of content you see, helping you stay safe online.|Les fonctionnalités de confidentialité vous permettent de mieux contrôler les types de contenus que vous consultez, ce qui vous aide à rester en sécurité en ligne.|E funzioni di cunfidenzialità vi permettenu di cuntrollà megliu i cuntenuti chì vo fighjate, ciò chì vi aiuta à stà sicuru in linea.
If you activate these features, they’ll overwrite any custom DNS you’re using. These protections are not a substitute for taking other security precautions — for example, while blocking malware you should still avoid downloading attachments in strange emails.|Si vous activez ces fonctionnalités, elles remplaceront tout DNS personnalisé que vous utilisez. Ces protections ne se substituent pas à d’autres précautions en matière de sécurité. Par exemple, même si vous bloquez les logiciels malveillants, vous devez toujours éviter de télécharger les pièces jointes d’e-mails étranges.|S’è ste funzioni sò attivate, anu da rimpiazzà tutti i DNS persunalizati chì serianu impiegati. Ste prutezzioni ùn rimpiazzanu micca l’altre precauzioni abituale cum’è, per indettu, quandu u blucchime di i prugrammi periculosi hè attivu, ci vole à evità u scaricamentu di i schedarii assuciati à i messaghji elettronichi.
What can privacy features do for me?|Que peuvent m’apporter les fonctionnalités de protection de la vie privée ?|Cumu mi aiutanu e funzioni di cunfidenzialità ?
Privacy features|Fonctionnalités de confidentialité|Funzioni di cunfidenzialità
Change email|Changer d’adresse e-mail|Cambià d’indirizzu elettronicu
Continue to sign in|Continuer pour vous connecter|Cuntinuà per cunnettesi
Create account|Créer un compte|Creà un contu
Create password|Créer un mot de passe|Creà una parolla d’intesa
Enter email|Saisissez votre adresse e-mail|Stampittate u vostru indirizzu elettronicu
We’ve resent your code to your email.|Votre code a été renvoyé à votre adresse e-mail.|Avemu mandatu u vostru codice torna à u vostru indirizzu elettronicu.
Open your email and enter the verification code that was sent.|Consultez votre boîte de réception et saisissez le code de vérification qui a été envoyé.|Aprite a vostra messaghjeria è stampittate u codice di verificazione chì vi hè statu mandatu.
Enter your email address to continue using Mozilla VPN|Saisissez votre adresse e-mail pour continuer à utiliser Mozilla VPN|Stampittate u vostru indirizzu elettronicu per cuntinuà à impiegà Mozilla VPN
Finish creating your Mozilla account to continue to Mozilla VPN|Terminez la création de votre compte Mozilla pour continuer vers Mozilla VPN|Cumpiete a creazione di u vostru contu Mozilla per cuntinuà versu Mozilla VPN
Forgot your password?|Mot de passe oublié ?|Parolla d’intesa scurdata ?
We only use your email to create your account or sign in. We will never sell it to a third party.|Nous utilisons votre adresse e-mail uniquement pour créer votre compte et vous permettre de vous connecter. Nous ne la vendrons jamais à un tiers.|Impiegemu u vostru indirizzu elettronicu solu per creà u vostru contu è permette a vostra cunnessione. Ùn u vinderemu mai à qualchissia.
Invalid code. Please try again|Code invalide. Veuillez réessayer|Codice inaccettevule. Pruvate torna
Invalid email. Please try again|Adresse e-mail invalide. Veuillez réessayer|Indirizzu elettronicu inaccettevule. Pruvate torna
Email format not supported. Please try again with a different email|Format d’adresse e-mail non pris en charge. Veuillez réessayer avec une autre adresse e-mail|Furmatu d’indirizzu elettronicu micca accettatu. Pruvate torna cù un altru indirizzu elettronicu
Invalid password. Please try again|Mot de passe incorrect. Veuillez réessayer|Parolla d’intesa inaccettevule. Pruvate torna
Must be at least 8 characters|Doit être long d’au moins 8 caractères|Deve cuntene omancu 8 caratteri
Must not be a common password|Ne doit pas être un mot de passe courant|Ùn deve micca esse una parolla d’intesa urdinaria
Must not be your email address|Doit être différent de votre adresse e-mail|Ùn deve micca esse u vostru indirizzu elettronicu
Enter password|Saisissez votre mot de passe|Stampittate a vostra parolla d’intesa
Please wait…|Veuillez patienter…|Aspittate per piacè…
Primary account email required for sign-in|L’adresse principale du compte est nécessaire pour se connecter|L’indirizzu principale di u contu hè richiestu per cunnettesi
Sorry, we were unable to send you a verification code.|Désolé, nous n’avons pas pu vous envoyer de code de vérification.|Per disgrazia, ùn avemu micca riesciutu à mandavvi un codice di verificazione.
Problem sending email…|Problème lors de l’envoi de l’e-mail…|Prublema durante l’inviu di u messaghju elettronicu…
I’d like to receive product update emails from Firefox.|Je souhaite recevoir des e-mails concernant l’actualité des produits Firefox.|Vuleria riceve messaghji elettronichi apprupositu di l’attualità di i prudutti Firefox.
To continue, please confirm with your Mozilla account password.|Pour continuer, veuillez confirmer avec le mot de passe de votre compte Mozilla.|Per cuntinuà, ci vole à cunfirmà cù a parolla d’intesa di u vostru contu Mozilla.
Resend code|Renvoyer le code|Mandà torna u codice
Enter 6-digit code|Saisissez le code à 6 chiffres|Stampittate u codice à 6 cifri
Security code|Code de sécurité|Codice di sicurità
Open your authentication app and enter the security code it provides.|Ouvrez l’application d’authentification et saisissez le code de sécurité fourni.|Aprite l’appiecazione d’autenticazione è stampittate u codice di sicurità ottenutu.
Enter security code|Saisissez le code de sécurité|Stampittate u codice di sicurità
You’ve made too many attempts to sign in. You won’t be able to try again with this account for 1 minute.|Vous avez fait trop de tentatives de connexion. Vous ne pourrez pas réessayer avec ce compte avant 1 minute.|Avete fattu troppu tentativi di cunnessione. Ùn puderete micca pruvà torna cù stu contu durante 1 minutu.
You’ve made too many attempts to sign in. You won’t be able to try again with this account for 15 minutes.|Vous avez fait trop de tentatives de connexion. Vous ne pourrez pas réessayer avec ce compte avant 15 minutes.|Avete fattu troppu tentativi di cunnessione. Ùn puderete micca pruvà torna cù stu contu durante 15 minuti.
Sign-in failed|Échec de la connexion|Fiascu di a cunnessione
Continue to Mozilla VPN by signing in with your Mozilla account|Continuez vers Mozilla VPN en vous connectant avec votre compte Mozilla|Cuntinuà versu Mozilla VPN cunnittenduvi cù u vostru contu Mozilla
Create a password|Créer un mot de passe|Creà una parolla d’intesa
To finish setting up your Mozilla account, create a password in your account settings:|Pour terminer la configuration de votre compte Mozilla, créez un mot de passe dans les paramètres de votre compte :|Per compie a cunfigurazione di u vostru contu Mozilla, create una parolla d’intesa in i parametri di u vostru contu :
1. Go to <a href="open-account">Create password</a> in your Mozilla account settings.|1. Accédez à <a href="open-account">Créer un mot de passe</a> dans les paramètres de votre compte Mozilla.|1. Accidite à <a href="open-account">Creà una parolla d’intesa</a> in i parametri di u vostru contu Mozilla.
2. Create a password.|2. Créez un mot de passe.|2. Create una parolla d’intesa.
When your password is created, return to this screen and continue to sign in to Mozilla VPN.|Une fois votre mot de passe créé, revenez sur cet écran et continuez à vous connecter à Mozilla VPN.|Quandu a vostra parolla d’intesa hè creata, rivinite nant’à stu screnu è cuntinuate à cunnettevi à Mozilla VPN.
Check your email|Vérifiez votre adresse e-mail|Verificate u vostru indirizzu elettronicu
We’ve sent an email to %1 with the verification link. Please follow the directions to set up your password and finish setting up your account.|Nous avons envoyé un e-mail à %1 avec le lien de vérification. Veuillez suivre les instructions pour créer votre mot de passe et terminer la configuration de votre compte.|Avemu mandatu un messaghju elettronicu à %1 cù u liame di verificazione. Ci vole à seguità l’istruzzioni per definisce a vostra parolla d’intesa è compie a cunfigurazione di u vostru contu.
By continuing, you agree to the <a href="terms-of-service">Terms of Service</a> and the <a href="privacy-notice">Privacy Notice</a>.|En continuant, vous acceptez les <a href="terms-of-service">Conditions d’utilisation</a> et la <a href="privacy-notice">Politique de confidentialité</a>.|Cuntinuate, solu s’è vò site d’accunsenti cù e <a href="terms-of-service">cundizioni d’utilizazione</a> è di <a href="privacy-notice">cunfidenzialità</a>.
Enter 8-digit code|Saisissez le code à 8 chiffres|Stampittate u codice à 8 cifri
Enter verification code|Saisissez le code de vérification|Stampittate u codice di verificazione
Verify|Vérifier|Verificà
Waiting for sign in and subscription confirmation…|En attente de l’inscription et de la confirmation de l’abonnement…|In attesa di l’iscrizzione è di a cunfirmazione di l’abbunamentu…
Critical|Critique|Criticu
Delete message|Supprimer le message|Squassà u messaghju
You’re up to date!|Vous êtes à jour !|L’appiecazione hè à livellu !
No messages|Aucun message|Nisunu messaghju
Extension|Extension|Estensione
Messages|Messages|Messaghji
New update|Nouvelle mise à jour|Nova messa à livellu
Search messages|Rechercher dans les messages|Ricercà in i messaghji
Subscription|Abonnement|Abbunamentu
Warning|Avertissement|Avertimentu
What’s new|Nouveautés|Ciò chì hè novu
Account issues|Problèmes de compte|Prublemi di contu
Choose a category|Choisissez une catégorie|Sciglite una categuria
Request features|Demander des fonctionnalités|Dumandà nove funzioni
Describe issue|Décrivez le problème|Discrivite u prublema
Payment and billing|Paiement et facturation|Pagamentu è fatturazione
Mozilla VPN Privacy Notice|Politique de confidentialité de Mozilla VPN|Pulitica di cunfidenzialità di Mozilla VPN
Support will use this data to better diagnose your issue.|L’assistance utilisera ces données pour mieux diagnostiquer votre problème.|L’assistenza impiegherà sti dati per capisce megliu u vostru prublema.
Share logs with support|Partager les journaux avec l’assistance|Sparte i ghjurnali di messaghji cù l’assistenza
Subject (optional)|Sujet (facultatif)|Sughjettu (ozzionale)
Enter your email|Saisissez votre adresse e-mail|Stampittate u vostru indirizzu elettronicu
Email address|Adresse e-mail|Indirizzu elettronicu
Try opening in browser|Essayer d’ouvrir dans le navigateur|Pruvà d’apre in u navigatore
Error submitting your support request|Erreur lors de l’envoi de votre demande d’assistance|Sbagliu à l’inviu di a vostra dumanda d’assistenza
An unexpected error has occurred, please try again.|Une erreur inattendue s’est produite, veuillez réessayer.|Un sbagliu inaspettatu hè accadutu, pruvate torna.
How can we help you with Mozilla VPN?|Comment pouvons-nous vous aider avec Mozilla VPN ?|Cumu pudemu aiutavvi cù Mozilla VPN ?
Contact support|Contacter l’assistance|Cuntattà l’assistenza
Our support team will contact you at %1 once we’ve been able to look at your issue.|Notre équipe d’assistance vous contactera à l’adresse %1 une fois que nous aurons pu examiner votre problème.|A nostra squadra d’assistenza vi cuntatterà à l’indirizzu %1 quandu no averemu esaminatu u vostru prublema.
Thank you!|Merci !|Vi ringraziemu !
Technical issues|Problèmes techniques|Prublemi tecnichi
Queries current Mozilla VPN connection status|Demande l’état actuel de la connexion Mozilla VPN|Dumanda u statu attuale di a cunnessione Mozilla VPN
Mozilla VPN is currently connected|Mozilla VPN est actuellement connecté|Mozilla VPN hè cunnessu attualmente
Mozilla VPN is currently disconnected|Mozilla VPN est actuellement déconnecté|Mozilla VPN hè discunnessu attualmente
Is the VPN currently connected?|Le VPN est-il actuellement connecté ?|Attualmente, a VPN seria cunnessa ?
Changes Mozilla VPN status|Modifie l’état de Mozilla VPN|Cambia u statu di a VPN
Error changing VPN status|Erreur lors de la modification de l’état du VPN|Sbagliu durante u cambiamentu di statu di a VPN
Toggle Mozilla VPN|Activer/Désactiver Mozilla VPN|Attivà o disattivà a VPN
Turn Off Mozilla VPN|Désactiver Mozilla VPN|Disattivà Mozilla VPN
Mozilla VPN disconnected|Mozilla VPN déconnecté|Mozilla VPN hè discunnessu
Deactivate the Mozilla VPN connection|Désactiver la connexion Mozilla VPN|Disattivà a cunnessione Mozilla VPN
No active VPN connection|Aucune connexion VPN active|Nisuna cunnessione VPN attiva
Turn On Mozilla VPN|Activer Mozilla VPN|Attivà Mozilla VPN
VPN is already connected|Le VPN est déjà connecté|A VPN hè dighjà cunnessa
Mozilla VPN connected|Mozilla VPN connecté|Mozilla VPN cunnessu
Mozilla VPN connected through %1$@ via %2$@|Mozilla VPN connecté à %1$@ via %2$@|Mozilla VPN cunnessu à %1$@ via %2$@
Mozilla VPN connected through %@|Mozilla VPN connecté à %@|Mozilla VPN cunnessu à %@
Activate the Mozilla VPN connection|Activer la connexion Mozilla VPN|Attivà a cunnessione Mozilla VPN
Error turning on Mozilla VPN|Erreur lors de l’activation de Mozilla VPN|Sbagliu durante l’attivazione di Mozilla VPN
Search languages|Rechercher des langues|Ricercà una lingua
Mozilla VPN will use the default system language.|Mozilla VPN utilisera la langue par défaut du système.|Mozilla VPN impiegherà a lingua predefinita di u sistema.
System language|Langue du système|Lingua di u sistema
Already a subscriber?|Déjà abonné·e ?|Dighjà abbunata(u) ?
A safe, reliable and fast VPN. Built by the makers of Firefox.|Un VPN sûr, robuste et rapide. Conçu par les équipes de Firefox.|Una VPN sicura, degnu di cunfidenza è rapida. Cuncepita da l’autori di Firefox.
Sign up|S’inscrire|Arregistrassi
Your subscription is linked to another Mozilla account. You may need to sign in with a different email address.|Votre abonnement est lié à un autre compte Mozilla. Vous devrez peut-être vous connecter avec une autre adresse e-mail.|U vostru abbunamentu hè assuciatu à un altru contu Mozilla.
Visit our help center to learn more about managing your subscriptions.|Consultez notre centre d’assistance pour en savoir plus sur la gestion de vos abonnements.|Visitate u nostru centru d’assistenza per sapene di più apprupositu di a ghjestione di i vostri abbunamenti.
%1 to %2|%1 vers %2|Da %1 à %2
To|Vers|ver di
Recent connections|Connexions récentes|Cunnessioni recente
Select entry location|Sélectionnez l’emplacement d’entrée|Selezziunate una pusizione d’entrata
Select exit location|Sélectionnez l’emplacement de sortie|Selezziunate una pusizione d’esciuta
Exit location represents your main VPN server.|L’emplacement de sortie représente votre serveur VPN principal.|A pusizione d’esciuta hè u vostru servitore VPN principale.
Multi-hop|Serveurs en cascade|Servitori in cascata
No results. Try a different search|Aucun résultat. Essayez une recherche différente|Nisunu risultatu. Pruvate una ricerca sfarente
Single-hop|Serveur unique|Saltu unicu
Multi-hop tunnel|Tunnel pour le VPN en cascade|Tunellu per a VPN in cascata
To continue subscribing, please sign in to your Google Account|Pour continuer à vous abonner, veuillez vous connecter à votre compte Google|Per cuntinuà à abbunavvi, ci vole à cunnettevi à u vostru contu Google
Sign in to Google Account|Connectez-vous à votre compte Google|Cunnittitevi à u vostru contu Google
Go to Play Store|Accéder au Play Store|Accede à Play Store
Connected through %1|Connecté via %1|Cunnessu via %1
VPN Connected|VPN connecté|VPN cunnessa
Disconnected from %1|Déconnecté de %1|Scunnessu da %1
VPN Disconnected|VPN déconnecté|VPN scunnessa
Connected through %1 via %2|Connecté à %1 via %2|Cunnessu à %1 via %2
Disconnected from %1 and %2|Déconnecté de %1 et %2|Scunnessu da %1 è %2
Switched from %1 to %2|Passage de %1 à %2|Cambiamentu da %1 à %2
VPN Switched Servers|Le VPN a changé de serveur|A VPN hà cambiatu di servitore
The guest Wi-Fi network you’re connected to requires action. Click to turn off VPN to see the portal.|Le réseau Wi-Fi invité auquel vous êtes connecté·e nécessite une action. Cliquez ici pour désactiver le VPN et voir le portail.|A reta Wi-Fi d’ospite à quella site cunnessi richiede un’azzione. Cliccu per disattivà a VPN è vede u purtone.
Guest Wi-Fi portal blocked|Portail Wi-Fi invité bloqué|Blucchime di purtone Wi-Fi d’ospite
The guest Wi-Fi network you’re connected to may not be secure. Click to turn on VPN to secure your device.|Le réseau Wi-Fi invité auquel vous êtes connecté·e n’est peut-être pas sécurisé. Cliquez ici pour activer le VPN et protéger votre appareil.|A reta Wi-Fi d’ospite à quella site cunnessi ùn pare micca sicura. Cliccu per attivà a VPN è assicurizà u vostru apparechju.
Guest Wi-Fi portal detected|Portail Wi-Fi invité détecté|Scuperta d’un purtone Wi-Fi d’ospite
Sorry, something went wrong with your VPN connection.|Désolé, une erreur s’est produite avec votre connexion VPN.|Per disgrazia, un sbagliu hè accadutu cù a vostra cunnessione VPN.
Connection failed|Échec de la connexion|Fiascu di a cunnessione
Your Mozilla VPN subscription cannot be found. Please open the app to resolve this subscription issue.|Votre abonnement à Mozilla VPN est introuvable. Veuillez ouvrir l’application pour résoudre ce problème.|Ùn si pò truvà u vostru abbunamentu à Mozilla VPN. Aprite l’appiecazione per currege stu penseru.
Wi-Fi network is not secure. Click here to turn on VPN and secure your device.|Le réseau Wi-Fi n’est pas sécurisé. Cliquez ici pour activer le VPN et sécuriser votre appareil.|A reta Wi-Fi ùn hè micca sicura. Fate un cliccu quì per attivà a VPN è prutege u vostru apparechju.
%1 is not secure. Click here to turn on VPN and secure your device.|%1 n’est pas sécurisé. Cliquez ici pour activer le VPN et sécuriser votre appareil.|%1 ùn hè micca sicuru. Fate un cliccu quì per attivà a VPN è assicurà u vostru apparechju.
Unsecured Wi-Fi network detected|Réseau Wi-Fi non sécurisé détecté|Scuperta d’una reta Wi-Fi micca assicurata
Help us improve Mozilla VPN by sharing crash reports, diagnostics, and product usage data. We never collect data about your online activity while using the VPN.|Aidez-nous à améliorer Mozilla VPN en partageant les rapports de plantage, des diagnostics et des données d’utilisation du produit. Nous ne collectons jamais de données sur votre activité en ligne lorsque vous utilisez le VPN.|Aiutateci à amendà Mozilla VPN spartendu i raporti d’accidente, i diagnostichi è i dati d’aghjovu di pruduttu. Ùn cullettemu mai i dati nant’à a vostra attività in linea quandu vo impiegate a VPN.
Learn more about data collection|En savoir plus sur la collecte de données|Sapene di più nant’à a culletta di dati
Share technical data|Partager les données techniques|Sparte i dati tecnichi
To install the VPN on another tablet or mobile device, scan the QR code.|Pour installer le VPN sur une autre tablette ou un autre appareil mobile, scannez le code QR.|Per installà a VPN nant’à un’altra tavulella o un altru apparechju mobile, analizate u codice QR.
To install the VPN on another tablet or mobile device, scan the QR code. To install on a desktop computer, visit the Download page on the Mozilla VPN website.|Pour installer le VPN sur une autre tablette ou un autre appareil mobile, scannez le code QR. Pour l’installer sur un ordinateur de bureau, visitez la page de téléchargement sur le site web de Mozilla VPN.|Per installà a VPN nant’à un’altra tavulella o un altru apparechju mobile, analizate u codice QR. Per installalla nant’à un urdinatore di scagnu, visitate a pagina di scaricamenti nant’à u situ web di Mozilla VPN.
Select device type:|Sélectionnez le type d’appareil :|Selezziunà u tipu d’apparechju :
Install Mozilla VPN on up to 5 devices|Installez Mozilla VPN sur jusqu’à 5 appareils|Installà Mozilla VPN nant’à 5 apparechji à u massimu
QR Code that links to the Mozilla VPN product page on the Google Play Store|Code QR qui pointe vers la page produit de Mozilla VPN sur le Google Play Store|Codice QR chì rimanda versu a pagina di u pruduttu Mozilla VPN nant’à Google Play Store
QR Code that links to the Mozilla VPN product page on the iOS App Store|Code QR qui pointe vers la page produit de Mozilla VPN sur l’App Store d’iOS|Codice QR chì rimanda versu a pagina di u pruduttu Mozilla VPN nant’à l’iOS App Store
You can set Mozilla VPN to protect you from ads, trackers, and malware. Plus, customize your protection for specific apps.|Vous pouvez configurer Mozilla VPN pour vous protéger des publicités, des traqueurs et des logiciels malveillants. Et en plus, vous pouvez personnaliser la protection pour des applications spécifiques.|Pudete definisce Mozilla VPN per prutegevi di e publicità, i perseguitatori è i prugrammi animosi. È di più, si pò persunalizà a prutezzione per l’appiecazioni specifiche.
Add even more privacy|Renforcez davantage votre vie privée|Aghjunghjite ancu più di cunfidenzialità
Protecting yourself is simple: tap to connect to the VPN and you’re ready to browse safely. Mozilla VPN will start automatically for seamless protection.|Pour vous protéger, rien de plus simple : appuyez pour vous connecter au VPN et vous êtes prêt·e à naviguer en toute sécurité. Mozilla VPN démarrera automatiquement pour une protection transparente.|Prutegesi hè simplice : un tuccà per cunnettesi à a VPN è site pronti à navigà in sicurità. Mozilla VPN si lancierà autumaticamente per una prutezzione senza straziu.
One tap to safety|La sécurité à portée de main|Un tuccà per a sicurità
With more than 500 servers in 60 cities around the world, Mozilla VPN protects your data, browsing activity, and your true location from network spies.|Avec plus de 500 serveurs dans 60 villes du monde entier, Mozilla VPN protège vos données, votre navigation et votre véritable localisation des espions réseaux.|Cù più di 500 servitori in 60 cità in u mondu sanu, Mozilla VPN prutege i vostri dati, a vostra attività di navigazione è a vostra pusizione esatta da u spiunagiu nant’à a reta.
Protect your privacy|Protégez votre vie privée|Prutezzione di a vita privata
Use these features for more protection. They may cause issues on some sites, so you can turn them off anytime in settings.|Utilisez ces fonctionnalités pour une protection renforcée. Elles peuvent causer des problèmes sur certains sites, vous pouvez donc les désactiver à tout moment depuis les paramètres.|Impiegate ste funzioni per una prutezzione più forte. Ponu cagiunà penseri nant’à certi siti, dunque si pò disattivalle à ogni mumentu in i parametri.
Get more privacy|Plus de confidentialité pour vous|Ottinite più di cunfidenzialità
Onboarding step “%1” (%2 of %3). Select to go back to this step.|Étape d’accueil « %1 » (%2 sur %3). Sélectionnez pour revenir à cette étape.|Fasa d’accolta « %1 » (%2 nant’à %3). Selezziunà per rivultà à sta fasa.
Onboarding step “%1” (%2 of %3). You are currently on this step.|Étape d’accueil « %1 » (%2 sur %3). Vous en êtes à cette étape.|Fasa d’accolta « %1 » (%2 nant’à %3). Site attualmente à sta fasa.
Onboarding step “%1” (%2 of %3)|Étape d’accueil « %1 » (%2 sur %3)|Fasa d’accolta « %1 » (%2 nant’à %3)
Connect|Connexion|Cunnettassi
Data|Données|Dati
Startup|Démarrage|Avviu
Allow VPN connection|Autoriser la connexion VPN|Permette a cunnessione VPN
Launch the VPN whenever you start your device. We’ll automatically reconnect you to the same server location you last used.|Lancez le VPN à chaque démarrage de votre appareil. Nous vous reconnecterons automatiquement au dernier emplacement de serveur utilisé.|Lancià a VPN quandu u vostru apparechju hè avviatu. Vi ricunnitteremu autumaticamente à l’ultima pusizione di servitore chì vo avete impiegata.
Connect Mozilla VPN on startup|Connecter Mozilla VPN au démarrage|Cunnette Mozilla VPN à l’avviu
Your mobile device will now ask you to allow Mozilla VPN to create a connection. Please allow this so that the VPN works correctly on your device.|Votre appareil mobile vous demande maintenant d’autoriser Mozilla VPN à établir une connexion. Veuillez autoriser cette action pour que le VPN fonctionne correctement sur votre appareil.|U vostru apparechju mobile hà da dumandavvi di permette à Mozilla VPN di creà una cunnessione. Ci vole à permette què per chì a VPN funziuneghji currettamente nant’à u vostru apparechju.
Allow Mozilla VPN to create a VPN connection|Autoriser Mozilla VPN à établir une connexion VPN|Permette à Mozilla VPN di creà una cunnessione
To use Mozilla VPN, please allow it to run in the background.|Pour utiliser Mozilla VPN, veuillez autoriser son exécution en arrière-plan.|Per impiegà Mozilla VPN, ci vole à permette a so esecuzione in sfondulu.
In order to do this, please click the button below to open the <i>Login Items</i> of your <i>System Preferences</i>, and enable <i>Allow in the background</i> for Mozilla VPN.|Pour ce faire, veuillez cliquer sur le bouton ci-dessous afin d’accéder aux <i>Éléments à l’ouverture</i> dans vos <i>Préférences système</i>, puis d’activer l’option <i>Autoriser en arrière-plan</i> pour Mozilla VPN.|Per fà què, ci vole à fà un cliccu nant’à u buttone quaghjò per accede à <i>Elementi di cunnessione</i> di e vostre <i>Preferenze di u sistema</i> è attivà l’ozzione <i>Permette in sfondulu</i> per Mozilla VPN.
In order to do this, please click the button below to open the <i>Login Items & Extensions</i> of your <i>System Preferences</i>, and enable <i>Allow in the background</i> for Mozilla VPN.|Pour ce faire, veuillez cliquer sur le bouton ci-dessous afin d’accéder aux <i>Ouverture et extensions</i> dans vos <i>Préférences système</i>, puis d’activer l’option <i>Autoriser en arrière-plan</i> pour Mozilla VPN.|Per fà què, ci vole à fà un cliccu nant’à u buttone quaghjò per accede à l’<i>Elementi di cunnessione è estensioni</i> di e vostre <i>Preferenze di u sistema</i> è attivà l’ozzione <i>Permette in sfondulu</i> per Mozilla VPN.
In order to do this, please click the button below to open the <i>Login Items & Extensions</i> of your <i>System Preferences</i>, and enable <i>App Background Activity</i> for Mozilla VPN.|Pour ce faire, veuillez cliquer sur le bouton ci-dessous pour ouvrir la section <i>Ouverture et extensions</i> de vos <i>Réglages Système</i>, et activez <i>Activité des apps en arrière-plan</i> pour Mozilla VPN.|Per fà què, ci vole à fà un cliccu nant’à u buttone quaghjò per accede à l’<i>Elementi di cunnessione è estensioni</i> di e vostre <i>Preferenze di u sistema</i> è attivà l’ozzione <i>Attività di l’appiecazioni in tacca di sfondulu</i> per Mozilla VPN.
Open Login Items|Accéder aux éléments à l’ouverture|Apre « Elementi di cunnessione »
Open Login Items & Extensions|Ouvrir « Ouverture et extensions »|Apre « Elementi di cunnessione è estensioni »
Allow VPN to run in background|Autoriser le VPN à s’exécuter en arrière-plan|Permette l’esecuzione di a VPN in sfondulu
A fast, secure and easy to use VPN. Built by the makers of Firefox.|Un VPN rapide, sûr et facile à utiliser. Conçu par les équipes de Firefox.|Una reta privata virtuale (VPN) rapida, assicurizata è faciule à impiegà. Cuncepita da l’autori di Firefox.
Save %1%|Économiser %1 %|Risparmià %1 %
Subscribe now|S’abonner maintenant|Abbunassi subitu
%1-month plan: %2|Forfait de %1 mois : %2|Prugramma per %1 mesi : %2
Please continue subscribing in your browser…|Veuillez finaliser l’abonnement dans votre navigateur…|Ci vole à cuntinuà l’abbunamentu nant’à u vostru navigatore…
We couldn’t find a subscription for %1. Subscribe now to protect your connection.|Impossible de trouver un abonnement pour %1. Abonnez-vous maintenant pour protéger votre connexion.|Ùn si pò truvà un abbunamentu per %1. Abbunatevi subitu per prutege a vostra cunnessione.
Subscribe to Mozilla VPN|Abonnez-vous à Mozilla VPN|Abbunatevi à Mozilla VPN
This will reset all VPN settings, including:|Cette action réinitialisera tous les paramètres du VPN, notamment :|St’azzione reinizierà tutti i parametri di a VPN, cum’è :
Resetting the VPN will sign you out, but your account will not be deleted.|La réinitialisation du VPN vous déconnectera, mais votre compte ne sera pas supprimé.|U reiniziu di a VPN vi discunnetterà ma u vostru contu ùn serà micca squassatu.
Reset Mozilla VPN settings? This can’t be undone.|Réinitialiser les paramètres de Mozilla VPN ? Cette action ne peut pas être annulée.|Reinizià i parametri di Mozilla VPN ? St’azzione ùn pò micca esse invertita.
Reset and quit|Réinitialiser et quitter|Reinizià è esce
Confirm reset|Confirmer la réinitialisation|Cunfirmà u reiniziu
Preferences|Préférences|Preferenze
Reset VPN|Réinitialiser le VPN|Reinizià a VPN
Reset Mozilla VPN|Réinitialiser Mozilla VPN|Reinizià Mozilla VPN
Sorry, we are unable to connect your Mozilla account to a current subscription. Please try again or contact our support team for further assistance.|Désolé, nous ne pouvons pas connecter votre compte Mozilla à un abonnement en cours. Veuillez réessayer ou contacter notre équipe d’assistance pour obtenir de l’aide.|Per disgrazia, ùn pudemu micca cunnette u vostru contu Mozilla à un abbunamentu in corsu. Pruvate torna o cuntattate a nostra squadra d’assistenza per ottene un aiutu.
Sorry, we were unable to confirm your subscription. Please try again or contact our support team for help.|Désolé, nous n’avons pas réussi à confirmer votre abonnement. Veuillez réessayer ou contacter notre assistance pour obtenir de l’aide.|Per disgrazia, ùn avemu micca riesciutu à cunfirmà u vostru abbunamentu. Pruvate torna o cuntattate a nostra squadra d’assistenza per ottene un aiutu.
Another Mozilla account has already subscribed using this Apple ID. Please sign out and try again or contact our support team for help.|Un autre compte Mozilla s’est déjà abonné en utilisant cet identifiant Apple. Veuillez vous déconnecter et réessayer, ou contacter notre assistance pour obtenir de l’aide.|Un altru contu Mozilla hè dighjà abbunatu cù st’Apple ID. Discunnittitevi è pruvate torna o cuntattate a nostra squadra d’assistenza per ottene un aiutu.
This server location is temporarily unavailable. Choose a new location.|Cet emplacement de serveur est temporairement indisponible. Choisissez un nouvel emplacement.|A pusizione di stu servitore hè timpurariamente indispunibule. Sciglitene una nova.
Choose a new location|Choisissez un nouvel emplacement|Sciglite una pusizione nova
Server unavailable|Serveur indisponible|Servitore indispunibule
This server location is temporarily unavailable. Please open the app to choose a new location.|Cet emplacement de serveur est temporairement indisponible. Veuillez ouvrir l’application et choisir un nouvel emplacement.|A pusizione di stu servitore hè timpurariamente indispunibule. Aprite l’appiecazione per sceglie una pusizione nova.
The server has been blocked. Check your firewall settings.|Le serveur a été bloqué. Vérifiez les paramètres de votre pare-feu.|U servitore hè statu bluccatu. Verificate i parametri di u vostru parafocu.
Server unavailable notification|Notification de serveur indisponible|Nutificazione di servitore indispunibule
Get notified when connecting to a server location failed|Recevoir une notification lorsque la connexion à un emplacement de serveur a échoué|Ricivete una nutificazione quandu a cunnessione à una pusizione di servitore hè fiascata
To see recommended server locations, turn off the VPN.|Pour afficher les emplacements de serveurs recommandés, désactivez le VPN.|Per affissà e pusizioni di servitore ricumandate, disattivate a VPN.
Refresh list|Actualiser la liste|Attualizà a lista
Last updated: %1. To update this list please disconnect from the VPN.|Dernière mise à jour : %1. Pour mettre à jour cette liste, veuillez vous déconnecter du VPN.|Ultima mudificazione : %1. Per mudificà sta lista ci vole à discunnettesi da a VPN.
Last updated: %1.|Dernière mise à jour : %1.|Ultima mudificazione : %1.
Disconnect from the VPN to update this list.|Déconnectez-vous du VPN pour mettre à jour cette liste.|Discunnittitevi da a VPN per mudificà sta lista.
Tap to update|Appuyez pour mettre à jour|Picchichjà per mudificà
Checking (%1%)…|Vérification (%1%)…|Verificazione (%1 %)…
Search countries|Rechercher un pays|Ricercà un paese
%1. Good connectivity|%1. Bonne connectivité|%1. Bella cunnettività
%1. Moderate connectivity|%1. Connectivité modérée|%1. Cunnettività muderata
%1. No connectivity|%1. Aucune connectivité|%1. Nisuna cunnettività
%1. Poor connectivity|%1. Connectivité médiocre|%1. Cunnettività scarsa
Follow your system’s appearance|Suit l’apparence du système|Seguità l’aspettu di u sistema
On some devices, Mozilla VPN may be disconnected in the background. If you’ve experienced this, allow it to run in the background.|Sur certains appareils, Mozilla VPN peut être déconnecté en arrière-plan. Si vous avez déjà rencontré ce problème, autorisez-le à s’exécuter en arrière-plan.|Nant’à certi apparechji, Mozilla VPN pò esse discunnessu in tacca di sfondulu. S’è stu prublemu hè dighjà accadutu, permittitelu di funziunà in tacca di sfondulu.
Allow background permissions|Autoriser l’exécution en arrière-plan|Permette l’esecuzione in tacca di sfondulu
Allow Mozilla VPN to automatically send crash reports to help fix unexpected crashes|Autoriser Mozilla VPN à envoyer automatiquement des rapports de plantage pour aider à résoudre les problèmes|Permette à Mozilla VPN di mandà autumaticamente i raporti d’accidente per aiutà à currege i prublemi
We couldn’t access your saved VPN settings. Please sign in again.|Nous n’avons pas pu accéder à vos paramètres VPN enregistrés. Veuillez vous reconnecter.|Ùn avemu micca pussutu accede à i vostri parametri VPN arregistrati. Ci vole à cunnettevi torna.
DNS settings|Paramètres DNS|Parametri DNS
Resolve websites using a custom DNS|Résoudre l’adresse des sites web à l’aide d’un DNS personnalisé|Cunvertisce i siti web grazia à un DNS persunalizatu
Invalid DNS, please try a new one|DNS invalide, veuillez en essayer un nouveau|DNS inaccettevule, pruvatene un altru
Use custom DNS|Utiliser un DNS personnalisé|Impiegà un DNS persunalizatu
Changing these settings will cause the VPN to disconnect and reconnect automatically.|La modification de ces paramètres entraînera la déconnexion et la reconnexion automatiques du VPN.|U cambiamentu di sti parametri cagiunerà à scunnessione è a ricunnessione autumatica di a VPN.
Enter custom DNS|Saisissez un DNS personnalisé|Stampittate un DNS persunalizatu
Resolve websites using Mozilla VPN’s standard DNS|Résoudre l’adresse des sites web à l’aide du DNS standard de Mozilla VPN|Cunvertisce i siti web grazia à u DNS classicu di Mozilla VPN
Use standard DNS|Utiliser le DNS standard|Impiegà u DNS classicu
These options may cause some websites to break or not display content correctly.|Ces options peuvent empêcher certains sites de fonctionner correctement ou ne pas afficher correctement leur contenu.|St’ozzioni ponu cagiunà un funziunamentu gattivu o un’affissera incurretta nant’à certi siti web.
Turn off VPN for specific websites.|Désactivez le VPN pour des sites web spécifiques.|Disattivà a VPN per siti web specifichi.
No more toggling your VPN on and off when you need a site to work. Plus, your preference for the website is saved so you don’t have to adjust it each time.|Plus besoin d’activer ou de désactiver le VPN lorsque vous avez besoin qu’un site fonctionne. Et en plus, vos préférences pour le site web sont enregistrées, vous évitant ainsi de devoir les reconfigurer à chaque visite.|Ùn hè più necessariu à attivà o disattivà a VPN quandu avete bisognu à fà funziunà un situ. In più di què, e vostre preferenze per u situ web sò arregistrate, è cusì ùn hè più bisognu à adattalle à ogni visita.
Firefox extension|Extension Firefox|Estensione Firefox
Get more precise control over how your VPN works when you’re browsing, with the Firefox extension.|Avec l’extension Firefox, contrôlez plus précisément le fonctionnement de votre VPN lorsque vous naviguez.|Grazia à l’estensione Firefox, avete un cuntrollu più precisu nant’à u funziunamentu di a vostra VPN quandu vo navigate.
Get the extension|Installer l’extension|Ottene l’estensione
Choose different locations for different websites.|Choisissez des emplacements différents pour différents sites web.|Sciglite pusizioni sfarente per siti web sfarenti.
Browse one site as if you’re in New York and another as if you’re in Paris — all in the same Firefox session.|Naviguez sur un site comme si vous étiez à New York et sur un autre comme si vous étiez à Paris, le tout dans la même session Firefox.|Navigate nant’à un situ cum’è s’è vo fussi in New York è nant’à un altru cum’è s’è vo fussi in Parigi, è tuttu in a listessa sessione Firefox.
Reduces the number of ads you see when you’re using VPN|Réduit le nombre de publicités que vous voyez lorsque vous utilisez le VPN|Riduce u numeru di publicità affissate quandu s’impiegheghja a VPN
Block ads|Bloquer les publicités|Blucchime di publicità
Helps protect you from ransomware, phishing, spyware, and viruses|Vous aide à vous protéger contre les ransomwares, le phishing, les logiciels espions et les virus|Prutezzione contr’à i ransomware, phishing, i prugrammi di spiunaghju è l’agenti infettivi
Block malware|Bloquer les logiciels malveillants|Blucchime di prugrammi periculosi
Fewer harmful domains will be able to track you|Moins de domaines nuisibles seront en mesure de vous pister|Menu di duminiu dannighjevule serà capace di spiunavvi
Block trackers|Bloquer les traqueurs|Blucchime di u spiunaghju
For your security, please sign in again to access your account information. You’ll complete this process on Mozilla’s website.|Pour votre sécurité, veuillez vous reconnecter pour accéder aux informations de votre compte. Cette action sera effectuée sur le site web de Mozilla.|Per a vostra sicurità, ci vole à ricunnettesi per accede à l’infurmazioni di u vostru contu. Ci vulerà à compie sta prucedura nant’à u situ web di Mozilla.
Sign In Again|Reconnectez-vous|Cunnittitevi torna
Help improve Mozilla VPN by sharing crash reports, diagnostics, and product usage data.|Aidez à améliorer Mozilla VPN en partageant les rapports de plantage, des diagnostics et des données d’utilisation du produit.|Aiutateci à amendà Mozilla VPN spartendu i raporti d’accidente, i diagnostichi è i dati d’aghjovu di pruduttu.
Mozilla VPN will launch and connect when you start up your device|Mozilla VPN se lancera et se connectera lorsque vous démarrerez votre appareil|Mozilla VPN si lancierà è si cunnitterà à l’avviu di u vostru apparechju
Connect VPN on startup|Connecter le VPN au démarrage|Cunnette VPN à l’avviu
VPN must be restarted to take effect|Le VPN doit être redémarré pour prendre en compte les changements|A VPN deve esse rilanciata per piglià in contu i cambiamenti
Show or hide the developer options menu|Afficher ou masquer le menu des options de développement|Affissà o piattà u listinu di l’ozzioni di sviluppu
Show Developer Options|Afficher les options de développement|Affissà l’ozzioni di sviluppu
Developer Options|Options de développement|Ozzioni di sviluppu
Staging services are used to test features before they go live to production|Les serveurs de qualification sont utilisés pour tester les fonctionnalités avant leur mise en production|I servitori di qualifica sò impiegati per pruvà e funzioni nanzu a so messa in pruduzzione
Use Staging Servers|Utiliser les serveurs de qualification|Impiegà i servitori di qualifica
Show system apps|Afficher les applications système|Affissà l’appiecazioni di u sistema
Error activating App exclusions|Erreur lors de l’activation de l’exclusion d’applications|Sbagliu durante l’attivazione di l’esclusione d’appiecazioni
VPN must be off to edit Excluded apps|Le VPN doit être désactivé pour modifier les applications exclues|A VPN deve esse disattivata per mudificà l’appiecazioni escluse
Add apps manually|Ajouter des applications manuellement|Aghjunghje appiecazioni manualmente
Success! You added “%1” to this list.|Terminé ! Vous avez ajouté « %1 » à cette liste.|Operazione riesciuta ! Avete aghjuntu « %1 » à sta lista.
%1 apps missing from list.|%1 applications manquantes dans la liste.|%1 appiecazione(i) assente nant’à a lista.
Monthly plan: %1|Forfait mensuel : %1|Prugramma misincu : %1
%1/month + tax|%1/mois + taxes|%1 à u mese + e tasse
%1/month|%1/mois|%1 à u mese
Hide Mozilla VPN|Masquer Mozilla VPN|Piattà Mozilla VPN
Preferences…|Préférences…|Preferenze…
Quit Mozilla VPN|Quitter Mozilla VPN|Esce da Mozilla VPN
Show Mozilla VPN|Afficher Mozilla VPN|Affissà Mozilla VPN
Connect to the last location:|Se connecter au dernier emplacement :|Cunnette à l’ultima pusizione :
Connected to:|Connecté à :|Cunnessa à :
Connecting to:|Connexion à :|Cunnessione à :
Disconnecting from:|Se déconnecter de :|Scunnettesi da :
Allow on this device|Autoriser sur cet appareil|Permette nant’à st’apparechju
We strive to provide you with choices and collect only the data we need to improve Mozilla VPN. Sharing this data with Mozilla is optional.|Nous nous efforçons de vous laisser le choix et de collecter uniquement les données dont nous avons besoin pour améliorer Mozilla VPN. Le partage de ces données avec Mozilla est facultatif.|Femu casu à pruponevi a scelta è cullettà solu i dati ch’avemu bisognu per amendà Mozilla VPN. U spartimentu di sti dati cù Mozilla hè ozzionale.
Learn more about what data Mozilla collects and how it’s used.|Apprenez-en davantage sur les données que Mozilla collecte et comment elles sont utilisées.|Sapene di più nant’à i dati culletti da Mozilla è cum’elli sò impiegati.
Allow Mozilla VPN to send technical, interaction, and campaign and referral data to Mozilla?|Autoriser Mozilla VPN à envoyer des données techniques, d’interaction, de campagne et de référence à Mozilla ?|Permette à Mozilla VPN di mandà i dati tecnichi, d’interazzione, di campagna è di ricumandazione à Mozilla ?
Turn Mozilla VPN on and off, and see the current location.|Activez ou désactivez Mozilla VPN et consultez votre emplacement actuel.|Attivate o disattivate Mozilla VPN è fighjate a vostra pusizione attuale.
Check for Updates|Rechercher des mises à jour|Cuntrollà i rinnovi
You currently have the latest version of Mozilla VPN|Vous disposez de la dernière version de Mozilla VPN|Avete attualmente l’ultima versione di Mozilla VPN
Click to update to the latest version of the application|Cliquez pour mettre à jour l’application vers la dernière version|Cliccà per rinnovà l’appiecazione à l’ultima versione
You are up to date|Vous êtes à jour|Site à l’ultimu livellu
Updates available|Mises à jour disponibles|Rinnovi dispunibule
